time_ms,ax,ay,az
550907,-0.01,-0.99,-0.10
550927,-0.01,-0.99,-0.09
550947,-0.02,-0.99,-0.10
550967,-0.02,-0.99,-0.10
550987,-0.01,-0.99,-0.10
551007,-0.01,-0.99,-0.10
551027,-0.02,-0.99,-0.10
551047,-0.02,-0.99,-0.10
551067,-0.01,-0.99,-0.10
551087,-0.01,-0.99,-0.10
551107,-0.01,-0.99,-0.10
551127,-0.01,-0.99,-0.10
551147,-0.01,-0.99,-0.10
551167,-0.02,-0.99,-0.10
551187,-0.01,-0.99,-0.10
551207,-0.01,-0.99,-0.10
551227,-0.02,-0.99,-0.10
551247,-0.01,-0.99,-0.10
551267,-0.01,-0.99,-0.10
551287,-0.01,-0.99,-0.10
551307,-0.01,-0.99,-0.09
551327,-0.01,-0.99,-0.09
551347,-0.00,-0.99,-0.12
551367,-0.02,-0.99,-0.10
551387,-0.02,-0.99,-0.10
551407,-0.02,-0.99,-0.11
551427,-0.02,-0.99,-0.10
551447,-0.01,-0.99,-0.10
551467,-0.01,-0.99,-0.10
551487,-0.01,-0.99,-0.10
551507,-0.01,-0.99,-0.10
551527,-0.01,-0.99,-0.11
551547,-0.01,-0.99,-0.10
551567,-0.02,-0.99,-0.10
551587,-0.01,-0.99,-0.11
551607,-0.01,-0.98,-0.11
551627,-0.01,-0.98,-0.12
551647,-0.02,-1.00,-0.11
551667,-0.02,-1.01,-0.11
551687,0.00,-0.99,-0.11
551707,-0.00,-0.99,-0.11
551727,-0.04,-0.99,-0.09
551747,0.00,-0.99,-0.12
551767,0.00,-0.99,-0.12
551787,-0.01,-0.99,-0.09
551807,-0.00,-0.99,-0.10
551827,-0.00,-0.99,-0.10
551847,-0.01,-0.99,-0.11
551867,-0.01,-0.99,-0.11
551887,-0.01,-0.99,-0.12
551907,-0.01,-0.99,-0.10
551927,-0.01,-0.99,-0.11
551947,-0.01,-0.99,-0.13
551967,0.00,-0.99,-0.10
551987,-0.01,-0.99,-0.09
552007,-0.00,-0.99,-0.11
552027,-0.01,-0.99,-0.07
552047,-0.00,-0.99,-0.06
552067,-0.01,-0.99,-0.12
552087,-0.02,-0.99,0.01
552107,-0.01,-1.00,-0.04
552127,-0.02,-0.99,-0.04
552147,-0.00,-1.00,-0.00
552167,-0.03,-0.99,0.01
552187,-0.03,-0.99,0.06
552207,-0.02,-1.00,0.02
552227,-0.02,-0.99,0.07
552247,-0.01,-0.99,0.09
552267,-0.01,-0.98,0.10
552287,-0.01,-0.98,0.15
552307,-0.01,-0.99,0.11
552327,-0.01,-0.99,0.08
552347,-0.02,-0.99,0.11
552367,-0.02,-0.99,0.12
552387,-0.02,-0.99,0.11
552407,-0.02,-0.99,0.13
552427,-0.02,-0.99,0.13
552447,-0.01,-0.99,0.11
552467,-0.02,-0.99,0.12
552487,-0.02,-0.99,0.12
552507,-0.02,-0.98,0.12
552527,-0.02,-0.99,0.13
552547,-0.02,-0.99,0.11
552567,-0.01,-0.99,0.10
552587,-0.01,-0.99,0.12
552607,-0.01,-0.99,0.08
552627,-0.01,-1.00,0.07
552647,-0.01,-0.99,0.09
552667,-0.02,-0.99,0.06
552687,-0.03,-1.00,0.06
552707,-0.02,-0.99,0.08
552727,-0.02,-0.99,0.08
552747,-0.02,-0.99,0.07
552767,-0.02,-1.00,0.05
552787,-0.01,-0.99,0.07
552807,-0.01,-1.00,0.03
552827,-0.01,-0.99,0.05
552847,-0.01,-0.99,0.06
552867,-0.01,-0.99,0.04
552887,-0.01,-0.99,0.03
552907,-0.01,-1.00,0.01
552927,-0.01,-0.99,0.02
552947,-0.01,-0.99,0.03
552967,-0.02,-1.00,0.00
552987,-0.01,-1.00,0.02
553007,-0.01,-1.00,0.00
553027,-0.01,-1.00,-0.03
553047,-0.01,-1.00,0.01
553067,-0.01,-1.00,-0.01
553087,-0.02,-0.99,0.02
553107,-0.01,-0.99,-0.04
553127,-0.01,-1.00,-0.01
553147,-0.02,-0.99,-0.02
553167,-0.01,-1.00,-0.02
553187,-0.01,-0.99,-0.01
553207,-0.02,-1.00,-0.01
553227,-0.01,-1.00,-0.02
553247,-0.00,-1.00,-0.03
553267,-0.01,-1.00,-0.02
553287,-0.01,-0.99,-0.02
553307,-0.01,-0.99,-0.02
553327,-0.01,-0.99,-0.02
553347,-0.01,-0.99,-0.02
553367,-0.01,-1.00,-0.03
553387,-0.01,-1.00,-0.03
553407,-0.01,-1.00,-0.03
553427,-0.01,-1.00,-0.04
553447,-0.02,-1.00,-0.04
553467,-0.02,-1.00,-0.03
553487,-0.03,-0.99,-0.02
553507,-0.02,-0.99,-0.06
553527,-0.00,-0.99,-0.07
553547,0.00,-1.00,-0.06
553567,0.00,-0.99,-0.06
553587,-0.01,-0.99,-0.06
553607,-0.00,-1.00,-0.06
553627,-0.01,-0.99,-0.06
553647,-0.01,-0.99,-0.06
553667,-0.01,-0.99,-0.06
553687,-0.01,-0.99,-0.06
553707,-0.01,-0.99,-0.07
553727,-0.01,-0.99,-0.06
553747,-0.01,-1.00,-0.07
553767,-0.01,-1.00,-0.07
553787,-0.02,-0.99,-0.07
553807,-0.01,-0.99,-0.09
553827,-0.01,-0.99,-0.07
553847,-0.01,-0.99,-0.07
553867,-0.01,-0.99,-0.07
553887,-0.01,-0.99,-0.07
553907,-0.01,-0.99,-0.07
553927,-0.01,-1.00,-0.07
553947,-0.01,-0.99,-0.07
553967,-0.01,-0.99,-0.07
553987,-0.01,-0.99,-0.08
554007,-0.01,-0.99,-0.08
554027,-0.01,-0.99,-0.08
554047,-0.01,-0.99,-0.07
554067,-0.01,-0.99,-0.07
554087,-0.01,-0.99,-0.08
554107,-0.01,-0.99,-0.08
554127,-0.01,-0.99,-0.08
554147,-0.01,-0.99,-0.07
554167,-0.01,-0.99,-0.07
554187,-0.01,-0.99,-0.08
554207,-0.01,-0.99,-0.08
554227,-0.01,-0.99,-0.08
554247,-0.01,-0.99,-0.07
554267,-0.01,-0.99,-0.08
554287,-0.01,-0.99,-0.08
554307,-0.01,-0.99,-0.07
554327,-0.01,-0.99,-0.07
554347,-0.01,-0.99,-0.08
554367,-0.01,-0.99,-0.09
554387,-0.01,-0.99,-0.09
554407,-0.01,-0.99,-0.08
554427,-0.01,-0.99,-0.08
554447,-0.01,-0.99,-0.09
554467,-0.01,-0.99,-0.09
554487,-0.01,-0.99,-0.09
554507,-0.01,-0.99,-0.08
554527,-0.01,-0.99,-0.08
554547,-0.01,-0.99,-0.08
554567,-0.01,-0.99,-0.09
554587,-0.01,-0.99,-0.09
554607,-0.01,-0.99,-0.09
554627,-0.01,-0.99,-0.08
554647,-0.01,-0.99,-0.09
554667,-0.01,-0.99,-0.09
554687,-0.01,-0.99,-0.09
554707,-0.01,-0.99,-0.09
554727,-0.01,-0.99,-0.09
554747,-0.01,-0.99,-0.10
554767,-0.01,-0.99,-0.10
554787,-0.01,-0.99,-0.08
554807,-0.01,-0.99,-0.07
554827,-0.01,-0.99,-0.09
554847,0.00,-0.99,-0.09
554867,-0.00,-0.99,-0.11
554887,-0.02,-0.99,-0.14
554907,-0.02,-0.99,-0.10
554927,-0.02,-0.99,-0.08
554947,-0.02,-0.99,-0.11
554967,-0.01,-0.99,-0.12
554987,0.00,-0.98,-0.13
555007,0.01,-0.98,-0.15
555027,-0.01,-0.98,-0.18
555047,0.00,-0.99,-0.18
555067,-0.01,-0.98,-0.16
555087,0.01,-0.98,-0.17
555107,-0.01,-0.98,-0.19
555127,-0.03,-0.98,-0.20
555147,-0.03,-0.98,-0.18
555167,-0.02,-0.98,-0.17
555187,-0.01,-0.98,-0.17
555207,-0.02,-0.98,-0.18
555227,-0.02,-0.99,-0.18
555247,-0.02,-1.03,-0.19
555267,-0.03,-1.03,-0.18
555287,0.00,-1.11,-0.12
555307,0.01,-1.13,-0.19
555327,-0.00,-0.80,-0.17
555347,0.02,-0.86,-0.09
555367,0.03,-1.06,-0.08
555387,0.02,-0.93,-0.11
555407,0.03,-0.93,-0.08
555427,0.03,-0.97,-0.13
555447,0.02,-0.99,-0.13
555467,0.02,-0.96,-0.13
555487,0.01,-1.01,-0.11
555507,0.01,-0.96,-0.10
555527,0.01,-1.00,-0.09
555547,0.01,-1.00,-0.07
555567,0.02,-0.98,-0.09
555587,0.02,-1.01,-0.10
555607,0.01,-0.98,-0.08
555627,0.01,-0.99,-0.06
555647,0.01,-1.01,-0.06
555667,0.01,-0.99,-0.06
555687,-0.00,-0.98,-0.07
555707,-0.00,-0.99,-0.05
555727,-0.01,-1.01,-0.04
555747,-0.02,-1.00,-0.05
555767,-0.00,-0.97,-0.07
555787,0.01,-0.99,-0.07
555807,0.01,-1.01,-0.08
555827,0.01,-0.98,-0.09
555847,0.00,-0.99,-0.07
555867,-0.00,-1.01,-0.08
555887,-0.02,-0.99,-0.06
555907,-0.02,-0.99,-0.08
555927,-0.02,-0.99,-0.09
555947,-0.03,-1.00,-0.06
555967,-0.01,-0.99,-0.06
555987,-0.02,-0.96,-0.08
556007,-0.03,-1.02,-0.07
556027,-0.03,-1.00,-0.08
556047,-0.02,-0.98,-0.11
556067,-0.03,-1.00,-0.07
556087,-0.03,-0.99,-0.07
556107,-0.03,-0.99,-0.09
556127,-0.03,-1.00,-0.07
556147,-0.02,-1.00,-0.09
556167,-0.02,-0.99,-0.10
556187,-0.02,-0.99,-0.10
556207,-0.01,-1.00,-0.10
556227,-0.02,-0.99,-0.11
556247,-0.02,-0.99,-0.10
556267,-0.02,-0.99,-0.09
556287,-0.02,-0.99,-0.10
556307,-0.01,-0.99,-0.10
556327,-0.02,-0.99,-0.10
556347,-0.02,-0.99,-0.09
556367,-0.02,-0.99,-0.09
556387,-0.02,-0.99,-0.10
556407,-0.02,-0.99,-0.10
556427,-0.02,-0.99,-0.11
556447,-0.03,-0.99,-0.10
556467,-0.03,-0.99,-0.08
556487,-0.02,-0.99,-0.07
556507,-0.01,-0.99,-0.10
556527,-0.01,-0.99,-0.10
556547,-0.02,-0.99,-0.09
556567,-0.02,-0.99,-0.08
556587,-0.03,-0.99,-0.09
556607,-0.02,-0.99,-0.10
556627,-0.02,-0.99,-0.10
556647,-0.02,-0.99,-0.09
556667,-0.02,-0.99,-0.09
556687,-0.02,-0.99,-0.09
556707,-0.02,-0.99,-0.09
556727,-0.02,-0.99,-0.10
556747,-0.02,-0.99,-0.10
556767,-0.02,-0.99,-0.09
556787,-0.02,-0.99,-0.10
556807,-0.02,-0.99,-0.10
556827,-0.02,-0.99,-0.10
556847,-0.02,-0.99,-0.09
556867,-0.02,-0.99,-0.10
556887,-0.03,-1.00,-0.09
556907,-0.02,-0.99,-0.09
556927,-0.01,-0.99,-0.10
556947,-0.02,-0.99,-0.10
556967,-0.02,-0.99,-0.10
556987,-0.01,-0.99,-0.11
557007,-0.02,-0.99,-0.09
557027,-0.02,-0.99,-0.10
557047,-0.01,-0.99,-0.11
557067,-0.01,-0.99,-0.12
557087,-0.02,-0.99,-0.12
557107,-0.02,-0.99,-0.10
557127,-0.02,-0.99,-0.10
557147,-0.02,-0.99,-0.10
557167,-0.02,-0.99,-0.10
557187,-0.02,-0.99,-0.11
557207,-0.02,-1.00,-0.10
557227,-0.02,-0.99,-0.09
557247,-0.02,-0.98,-0.11
557267,-0.02,-0.99,-0.09
557287,-0.02,-0.99,-0.11
557307,-0.00,-0.99,-0.13
557327,-0.02,-0.99,-0.12
557347,-0.03,-0.99,-0.10
557367,-0.02,-0.99,-0.12
557387,-0.02,-0.99,-0.11
557407,-0.01,-0.99,-0.11
557427,-0.01,-0.99,-0.12
557447,-0.02,-0.99,-0.11
557467,-0.03,-0.99,-0.10
557487,-0.02,-0.99,-0.12
557507,-0.03,-0.99,-0.11
557527,-0.03,-0.99,-0.10
557547,-0.04,-0.98,-0.11
557567,-0.02,-0.99,-0.09
557587,-0.02,-0.99,-0.10
557607,-0.00,-0.99,-0.12
557627,-0.01,-0.99,-0.12
557647,-0.01,-0.99,-0.12
557667,-0.02,-0.99,-0.12
557687,-0.02,-0.99,-0.12
557707,-0.02,-0.99,-0.12
557727,-0.01,-0.99,-0.12
557747,-0.01,-0.99,-0.11
557767,-0.02,-0.99,-0.12
557787,-0.01,-0.99,-0.13
557807,-0.02,-0.99,-0.12
557827,-0.03,-0.99,-0.11
557847,-0.03,-0.99,-0.11
557867,-0.03,-0.99,-0.12
557887,-0.02,-0.99,-0.12
557907,-0.02,-0.99,-0.12
557927,-0.02,-0.99,-0.12
557947,-0.02,-0.99,-0.12
557967,-0.02,-0.99,-0.12
557987,-0.02,-0.99,-0.13
558007,-0.02,-0.99,-0.13
558027,-0.02,-0.99,-0.13
558047,-0.02,-0.99,-0.13
558067,-0.02,-0.99,-0.13
558087,-0.02,-0.99,-0.12
558107,-0.02,-0.99,-0.13
558127,-0.02,-0.99,-0.12
558147,-0.02,-0.99,-0.12
558167,-0.02,-0.99,-0.12
558187,-0.02,-0.99,-0.12
558207,-0.02,-0.99,-0.12
558227,-0.02,-0.99,-0.13
558247,-0.02,-0.99,-0.13
558267,-0.02,-0.99,-0.12
558287,-0.02,-0.99,-0.12
558307,-0.02,-0.99,-0.13
558327,-0.02,-0.98,-0.13
558347,-0.02,-0.99,-0.12
558367,-0.02,-0.99,-0.13
558387,-0.02,-0.99,-0.13
558407,-0.02,-0.99,-0.13
558427,-0.02,-0.99,-0.13
558447,-0.02,-0.99,-0.13
558467,-0.02,-0.99,-0.13
558487,-0.02,-0.99,-0.13
558507,-0.02,-0.99,-0.13
558527,-0.02,-0.99,-0.13
558547,-0.02,-0.99,-0.13
558567,-0.02,-0.99,-0.13
558587,-0.02,-0.99,-0.14
558607,-0.02,-0.99,-0.14
558627,-0.02,-0.99,-0.11
558647,-0.03,-0.99,-0.13
558667,-0.02,-0.99,-0.13
558687,-0.02,-0.99,-0.12
558707,-0.01,-0.99,-0.12
558727,-0.01,-0.99,-0.13
558747,-0.01,-0.99,-0.13
558767,-0.02,-0.99,-0.13
558787,-0.02,-0.99,-0.13
558807,-0.02,-0.99,-0.13
558827,-0.02,-0.99,-0.13
558847,-0.02,-0.99,-0.14
558867,-0.02,-0.99,-0.13
558887,-0.02,-0.99,-0.14
558907,-0.02,-0.98,-0.13
558927,-0.02,-0.98,-0.13
558947,-0.02,-0.99,-0.14
558967,-0.01,-0.99,-0.15
558987,-0.01,-0.99,-0.14
559007,-0.02,-0.98,-0.14
559027,-0.02,-0.98,-0.15
559047,-0.02,-0.99,-0.14
559067,-0.02,-0.99,-0.14
559087,-0.02,-0.99,-0.15
559107,-0.02,-0.98,-0.15
559127,-0.02,-0.98,-0.15
559147,-0.01,-0.98,-0.15
559167,-0.01,-0.98,-0.15
559187,-0.02,-0.98,-0.15
559207,-0.02,-0.98,-0.15
559227,-0.02,-0.99,-0.16
559247,-0.02,-0.98,-0.15
559267,-0.02,-0.98,-0.17
559287,-0.02,-0.99,-0.14
559307,-0.02,-0.98,-0.15
559327,-0.02,-0.98,-0.15
559347,-0.01,-0.98,-0.16
559367,-0.01,-0.99,-0.16
559387,-0.01,-0.99,-0.16
559407,-0.02,-0.98,-0.14
559427,-0.02,-0.98,-0.15
559447,-0.02,-0.98,-0.16
559467,-0.01,-0.98,-0.17
559487,-0.02,-0.98,-0.16
559507,-0.02,-0.98,-0.17
559527,-0.02,-0.98,-0.17
559547,-0.02,-0.98,-0.17
559567,-0.01,-0.98,-0.18
559587,-0.01,-0.98,-0.14
559607,-0.01,-0.98,-0.16
559627,-0.02,-0.98,-0.17
559647,-0.02,-0.98,-0.17
559667,-0.02,-0.98,-0.17
559687,-0.02,-0.98,-0.16
559707,-0.02,-0.98,-0.16
559727,-0.01,-0.98,-0.16
559747,-0.02,-0.98,-0.17
559767,-0.01,-0.98,-0.16
559787,-0.01,-0.98,-0.17
559807,-0.02,-0.98,-0.16
559827,-0.02,-0.98,-0.17
559847,-0.02,-0.98,-0.17
559867,-0.02,-0.98,-0.17
559887,-0.02,-0.98,-0.17
559907,-0.02,-0.98,-0.17
559927,-0.02,-0.98,-0.17
559947,-0.02,-0.98,-0.17
559967,-0.02,-0.98,-0.17
559987,-0.02,-0.98,-0.17
560007,-0.02,-0.98,-0.17
560027,-0.02,-0.98,-0.17
560047,-0.02,-0.98,-0.17
560067,-0.02,-0.98,-0.17
560087,-0.02,-0.98,-0.17
560107,-0.02,-0.98,-0.17
560127,-0.02,-0.98,-0.17
560147,-0.02,-0.98,-0.17
560167,-0.02,-0.98,-0.17
560187,-0.01,-0.98,-0.17
560207,-0.02,-0.98,-0.17
560227,-0.02,-0.98,-0.16
560247,-0.02,-0.98,-0.19
560267,-0.02,-0.98,-0.16
560287,-0.02,-0.98,-0.18
560307,-0.02,-0.98,-0.17
560327,-0.02,-0.98,-0.17
560347,-0.02,-0.98,-0.17
560367,-0.02,-0.98,-0.17
560387,-0.02,-0.98,-0.17
560407,-0.02,-0.98,-0.16
560427,-0.02,-0.98,-0.16
560447,-0.02,-0.98,-0.18
560467,-0.02,-0.98,-0.17
560487,-0.02,-0.98,-0.17
560507,-0.02,-0.99,-0.16
560527,-0.02,-0.98,-0.18
560547,-0.02,-0.98,-0.19
560567,-0.02,-0.98,-0.15
560587,-0.01,-0.98,-0.19
560607,-0.02,-0.98,-0.18
560627,-0.02,-0.98,-0.17
560647,-0.02,-0.98,-0.17
560667,-0.01,-0.98,-0.17
560687,-0.01,-0.98,-0.19
560707,-0.02,-0.98,-0.17
560727,-0.02,-0.98,-0.17
560747,-0.02,-0.98,-0.18
560767,-0.02,-0.98,-0.17
560787,-0.01,-0.98,-0.16
560807,-0.02,-0.98,-0.19
560827,-0.02,-0.98,-0.17
560847,-0.02,-0.98,-0.17
560867,-0.02,-0.98,-0.17
560887,-0.02,-0.98,-0.17
560907,-0.02,-0.98,-0.16
560927,-0.02,-0.98,-0.18
560947,-0.01,-0.98,-0.17
560967,-0.01,-0.98,-0.17
560987,-0.01,-0.98,-0.17
561007,-0.01,-0.98,-0.17
561027,-0.01,-0.98,-0.18
561047,-0.02,-0.98,-0.18
561067,-0.02,-0.98,-0.18
561087,-0.02,-0.98,-0.18
561107,-0.02,-0.98,-0.17
561127,-0.02,-0.98,-0.17
561147,-0.01,-0.98,-0.18
561167,-0.02,-0.98,-0.18
561187,-0.02,-0.98,-0.17
561207,-0.02,-0.98,-0.18
561227,-0.01,-0.98,-0.18
561247,-0.01,-0.98,-0.18
561267,-0.01,-0.98,-0.18
561287,-0.01,-0.98,-0.18
561307,-0.01,-0.98,-0.18
561327,-0.02,-0.98,-0.17
561347,-0.02,-0.98,-0.17
561367,-0.02,-0.98,-0.18
561387,-0.01,-0.98,-0.18
561407,-0.01,-0.98,-0.18
561427,-0.01,-0.98,-0.18
561447,-0.01,-0.98,-0.18
561467,-0.01,-0.98,-0.18
561487,-0.02,-0.98,-0.18
561507,-0.02,-0.98,-0.18
561527,-0.02,-0.98,-0.18
561547,-0.01,-0.98,-0.18
561567,-0.01,-0.98,-0.18
561587,-0.01,-0.98,-0.18
561607,-0.01,-0.98,-0.18
561627,-0.01,-0.98,-0.18
561647,-0.01,-0.98,-0.18
561667,-0.01,-0.98,-0.19
561687,-0.02,-0.98,-0.18
561707,-0.01,-0.98,-0.19
561727,-0.02,-0.98,-0.18
561747,-0.01,-0.98,-0.18
561767,-0.01,-0.98,-0.19
561787,-0.01,-0.98,-0.18
561807,-0.01,-0.98,-0.18
561827,-0.01,-0.98,-0.18
561847,-0.01,-0.98,-0.19
561867,-0.01,-0.98,-0.18
561887,-0.01,-0.98,-0.19
561907,-0.01,-0.98,-0.18
561927,-0.01,-0.98,-0.19
561947,-0.01,-0.98,-0.19
561967,-0.01,-0.98,-0.19
561987,-0.01,-0.98,-0.19
562007,-0.01,-0.98,-0.19
562027,-0.01,-0.98,-0.19
562047,-0.01,-0.98,-0.19
562067,-0.01,-0.98,-0.19
562087,-0.01,-0.98,-0.19
562107,-0.01,-0.98,-0.19
562127,-0.01,-0.98,-0.20
562147,-0.02,-0.97,-0.19
562167,-0.01,-0.98,-0.20
562187,-0.01,-0.98,-0.20
562207,-0.02,-0.98,-0.20
562227,-0.02,-0.98,-0.19
562247,-0.02,-0.98,-0.18
562267,-0.02,-0.97,-0.20
562287,-0.01,-1.00,-0.20
562307,-0.01,-1.02,-0.20
562327,-0.01,-0.98,-0.21
562347,-0.02,-0.95,-0.19
562367,-0.01,-0.94,-0.18
562387,0.00,-0.95,-0.21
562407,-0.01,-0.98,-0.21
562427,-0.02,-0.97,-0.20
562447,-0.02,-0.98,-0.23
562467,-0.02,-0.98,-0.24
562487,-0.01,-0.97,-0.22
562507,-0.02,-0.97,-0.19
562527,-0.01,-0.99,-0.24
562547,-0.01,-0.98,-0.23
562567,-0.01,-0.99,-0.21
562587,-0.01,-1.00,-0.20
562607,-0.01,-1.00,-0.20
562627,0.00,-1.00,-0.20
562647,-0.01,-1.03,-0.12
562667,-0.01,-0.97,-0.16
562687,-0.01,-0.95,-0.11
562707,-0.01,-0.97,-0.06
562727,-0.00,-1.00,-0.09
562747,0.00,-1.00,-0.10
562767,-0.00,-1.00,-0.10
562787,0.01,-0.98,-0.05
562807,0.01,-0.97,-0.02
562827,0.03,-0.98,-0.03
562847,0.03,-1.00,-0.03
562867,0.02,-0.96,0.02
562887,0.02,-0.98,-0.00
562907,0.02,-0.98,0.01
562927,0.03,-0.99,0.00
562947,0.03,-1.01,-0.00
562967,0.02,-0.97,0.06
562987,0.02,-0.98,0.08
563007,0.02,-0.99,0.06
563027,0.01,-0.97,0.08
563047,0.02,-1.00,0.09
563067,0.02,-1.00,0.09
563087,0.02,-0.99,0.08
563107,0.01,-0.98,0.11
563127,0.01,-0.96,0.12
563147,0.02,-0.97,0.15
563167,0.01,-0.97,0.14
563187,0.00,-0.99,0.15
563207,-0.00,-1.01,0.17
563227,-0.01,-1.00,0.16
563247,-0.01,-0.99,0.14
563267,-0.02,-0.99,0.16
563287,-0.03,-0.99,0.17
563307,-0.02,-1.00,0.17
563327,-0.02,-0.97,0.18
563347,-0.02,-0.97,0.16
563367,-0.01,-0.97,0.17
563387,-0.01,-0.97,0.15
563407,-0.02,-0.99,0.16
563427,-0.02,-1.01,0.13
563447,-0.02,-0.99,0.14
563467,-0.02,-0.98,0.14
563487,-0.02,-1.00,0.15
563507,-0.02,-0.99,0.14
563527,-0.02,-0.98,0.15
563547,-0.02,-0.99,0.14
563567,-0.02,-0.99,0.15
563587,-0.03,-0.98,0.15
563607,-0.02,-0.97,0.15
563627,-0.02,-0.99,0.15
563647,-0.02,-0.99,0.15
563667,-0.03,-0.98,0.16
563687,-0.03,-0.97,0.16
563707,-0.03,-0.98,0.16
563727,-0.03,-0.98,0.17
563747,-0.03,-0.98,0.17
563767,-0.03,-0.98,0.17
563787,-0.03,-0.98,0.17
563807,-0.03,-0.98,0.16
563827,-0.03,-0.98,0.16
563847,-0.03,-0.99,0.14
563867,-0.03,-0.98,0.13
563887,-0.03,-0.99,0.13
563907,-0.03,-0.99,0.13
563927,-0.03,-0.98,0.14
563947,-0.03,-0.98,0.13
563967,-0.02,-0.99,0.12
563987,-0.02,-1.00,0.10
564007,-0.02,-0.99,0.10
564027,-0.02,-0.99,0.11
564047,-0.03,-0.98,0.12
564067,-0.03,-0.98,0.13
564087,-0.03,-0.99,0.12
564107,-0.03,-0.99,0.10
564127,-0.04,-0.99,0.12
564147,-0.04,-0.99,0.12
564167,-0.03,-0.99,0.12
564187,-0.03,-0.99,0.12
564207,-0.03,-0.99,0.11
564227,-0.03,-0.99,0.12
564247,-0.03,-0.98,0.12
564267,-0.03,-0.99,0.12
564287,-0.03,-0.99,0.11
564307,-0.03,-0.99,0.12
564327,-0.04,-0.98,0.11
564347,-0.04,-0.99,0.11
564367,-0.03,-0.99,0.11
564387,-0.04,-0.99,0.10
564407,-0.04,-0.99,0.12
564427,-0.04,-0.99,0.09
564447,-0.04,-0.99,0.11
564467,-0.04,-0.99,0.10
564487,-0.03,-0.99,0.10
564507,-0.03,-0.99,0.10
564527,-0.03,-0.99,0.10
564547,-0.03,-0.99,0.10
564567,-0.03,-0.99,0.10
564587,-0.03,-0.99,0.10
564607,-0.04,-0.99,0.11
564627,-0.03,-0.99,0.10
564647,-0.03,-0.99,0.10
564667,-0.04,-0.99,0.10
564687,-0.04,-0.99,0.10
564707,-0.04,-0.99,0.10
564727,-0.04,-0.99,0.09
564747,-0.03,-0.99,0.09
564767,-0.04,-0.99,0.09
564787,-0.03,-0.99,0.10
564807,-0.03,-0.99,0.09
564827,-0.03,-0.99,0.09
564847,-0.03,-0.99,0.10
564867,-0.03,-0.99,0.09
564887,-0.03,-0.99,0.09
564907,-0.04,-0.99,0.10
564927,-0.04,-0.99,0.10
564947,-0.04,-0.99,0.10
564967,-0.04,-0.99,0.10
564987,-0.04,-0.99,0.09
565007,-0.04,-0.99,0.09
565027,-0.03,-0.99,0.09
565047,-0.03,-0.99,0.10
565067,-0.03,-0.99,0.10
565087,-0.03,-0.99,0.09
565107,-0.03,-0.99,0.08
565127,-0.04,-0.99,0.11
565147,-0.04,-0.99,0.10
565167,-0.04,-0.99,0.09
565187,-0.04,-0.99,0.09
565207,-0.04,-0.99,0.09
565227,-0.04,-0.99,0.09
565247,-0.04,-0.99,0.09
565267,-0.03,-0.99,0.09
565287,-0.03,-0.99,0.09
565307,-0.04,-0.99,0.08
565327,-0.03,-0.99,0.09
565347,-0.03,-0.99,0.09
565367,-0.03,-0.99,0.09
565387,-0.04,-0.99,0.09
565407,-0.04,-0.99,0.09
565427,-0.04,-0.99,0.09
565447,-0.04,-0.99,0.09
565467,-0.04,-0.99,0.09
565487,-0.04,-0.99,0.09
565507,-0.03,-0.99,0.09
565527,-0.03,-0.99,0.09
565547,-0.03,-0.99,0.09
565567,-0.03,-0.99,0.09
565587,-0.04,-0.99,0.08
565607,-0.04,-0.99,0.10
565627,-0.03,-0.99,0.09
565647,-0.03,-0.99,0.09
565667,-0.04,-0.99,0.10
565687,-0.04,-0.99,0.09
565707,-0.04,-0.99,0.09
565727,-0.04,-0.99,0.08
565747,-0.04,-0.99,0.08
565767,-0.04,-0.99,0.08
565787,-0.04,-0.99,0.08
565807,-0.03,-0.99,0.08
565827,-0.03,-0.99,0.09
565847,-0.03,-0.99,0.09
565867,-0.04,-0.99,0.09
565887,-0.04,-0.99,0.09
565907,-0.04,-0.99,0.08
565927,-0.04,-0.99,0.09
565947,-0.04,-0.99,0.09
565967,-0.04,-0.99,0.09
565987,-0.04,-0.99,0.09
566007,-0.04,-0.99,0.09
566027,-0.04,-0.99,0.09
566047,-0.03,-0.99,0.07
566067,-0.03,-0.99,0.09
566087,-0.03,-0.99,0.09
566107,-0.04,-0.99,0.09
566127,-0.03,-0.99,0.09
566147,-0.03,-0.99,0.08
566167,-0.04,-0.99,0.08
566187,-0.04,-0.99,0.09
566207,-0.04,-0.99,0.09
566227,-0.04,-0.99,0.08
566247,-0.04,-0.99,0.08
566267,-0.04,-0.99,0.08
566287,-0.04,-0.99,0.08
566307,-0.04,-0.99,0.08
566327,-0.03,-0.99,0.08
566347,-0.03,-0.99,0.08
566367,-0.03,-0.99,0.08
566387,-0.03,-0.99,0.08
566407,-0.03,-0.99,0.08
566427,-0.03,-0.99,0.08
566447,-0.03,-0.99,0.08
566467,-0.04,-0.99,0.08
566487,-0.04,-0.99,0.08
566507,-0.04,-0.99,0.08
566527,-0.04,-0.99,0.08
566547,-0.04,-0.99,0.08
566567,-0.04,-0.99,0.08
566587,-0.04,-0.99,0.07
566607,-0.04,-0.99,0.08
566627,-0.03,-0.99,0.08
566647,-0.03,-0.99,0.08
566667,-0.03,-0.99,0.08
566687,-0.03,-0.99,0.08
566707,-0.03,-0.99,0.09
566727,-0.03,-0.99,0.08
566747,-0.03,-0.99,0.08
566767,-0.04,-0.99,0.09
566787,-0.04,-0.99,0.08
566807,-0.04,-0.99,0.08
566827,-0.03,-0.99,0.07
566847,-0.04,-0.99,0.07
566867,-0.04,-0.99,0.08
566887,-0.04,-0.99,0.05
566907,-0.03,-0.99,0.07
566927,-0.03,-0.99,0.05
566947,-0.03,-0.99,0.07
566967,-0.03,-0.99,0.06
566987,-0.03,-0.99,0.07
567007,-0.03,-0.99,0.07
567027,-0.03,-0.99,0.07
567047,-0.04,-0.99,0.07
567067,-0.04,-0.99,0.06
567087,-0.04,-0.99,0.06
567107,-0.03,-0.99,0.06
567127,-0.03,-0.99,0.04
567147,-0.03,-0.99,0.04
567167,-0.03,-0.99,0.05
567187,-0.03,-0.99,0.03
567207,-0.03,-0.99,0.03
567227,-0.03,-0.99,0.03
567247,-0.03,-0.99,0.02
567267,-0.03,-0.99,0.02
567287,-0.03,-1.00,0.01
567307,-0.03,-0.99,0.02
567327,-0.03,-0.99,0.01
567347,-0.04,-0.99,0.01
567367,-0.03,-1.00,0.00
567387,-0.03,-1.00,-0.01
567407,-0.04,-1.00,0.00
567427,-0.04,-0.99,-0.00
567447,-0.03,-1.00,-0.03
567467,-0.03,-0.99,-0.01
567487,-0.03,-0.99,-0.04
567507,-0.03,-1.00,-0.03
567527,-0.03,-0.99,-0.04
567547,-0.04,-0.99,-0.04
567567,-0.03,-0.99,-0.06
567587,-0.04,-0.99,-0.06
567607,-0.03,-0.99,-0.05
567627,-0.03,-0.99,-0.06
567647,-0.03,-1.00,-0.07
567667,-0.03,-0.99,-0.06
567687,-0.04,-0.99,-0.06
567707,-0.02,-1.00,-0.05
567727,-0.03,-0.99,-0.05
567747,-0.03,-0.99,-0.06
567767,-0.03,-0.99,-0.05
567787,-0.03,-0.99,-0.05
567807,-0.04,-0.99,-0.04
567827,-0.04,-0.99,-0.03
567847,-0.04,-0.99,-0.05
567867,-0.04,-0.99,-0.04
567887,-0.04,-1.00,-0.04
567907,-0.03,-0.99,-0.04
567927,-0.04,-0.99,-0.03
567947,-0.03,-0.99,-0.04
567967,-0.03,-0.99,-0.03
567987,-0.03,-0.99,-0.03
568007,-0.03,-0.99,-0.03
568027,-0.03,-0.99,-0.04
568047,-0.03,-0.99,-0.04
568067,-0.03,-0.99,-0.03
568087,-0.03,-0.99,-0.04
568107,-0.03,-0.99,-0.03
568127,-0.03,-1.00,-0.02
568147,-0.04,-1.00,-0.03
568167,-0.03,-1.00,-0.04
568187,-0.04,-0.99,-0.04
568207,-0.04,-0.99,-0.03
568227,-0.03,-0.99,-0.04
568247,-0.03,-0.99,-0.04
568267,-0.03,-0.99,-0.03
568287,-0.03,-0.99,-0.04
568307,-0.03,-0.99,-0.02
568327,-0.03,-0.99,-0.04
568347,-0.03,-0.99,-0.04
568367,-0.03,-0.99,-0.05
568387,-0.02,-1.00,-0.06
568407,-0.02,-0.99,-0.07
568427,-0.02,-0.99,-0.07
568447,-0.02,-1.00,-0.07
568467,-0.02,-0.99,-0.07
568487,-0.02,-0.99,-0.08
568507,-0.02,-0.99,-0.06
568527,-0.02,-1.00,-0.04
568547,-0.02,-0.99,-0.07
568567,-0.02,-0.99,-0.07
568587,-0.02,-0.99,-0.07
568607,-0.02,-0.99,-0.06
568627,-0.02,-0.99,-0.07
568647,-0.02,-0.99,-0.06
568667,-0.01,-1.00,-0.05
568687,-0.02,-1.00,-0.06
568707,-0.02,-1.00,-0.05
568727,-0.02,-0.99,-0.05
568747,-0.02,-1.00,-0.05
568767,-0.02,-0.99,-0.03
568787,-0.02,-1.00,-0.03
568807,-0.02,-1.00,-0.03
568827,-0.02,-0.99,-0.02
568847,-0.02,-0.99,-0.02
568867,-0.02,-0.99,-0.01
568887,-0.02,-1.00,-0.02
568907,-0.02,-0.99,-0.01
568927,-0.01,-1.00,-0.02
568947,-0.01,-1.00,-0.02
568967,-0.02,-0.99,-0.02
568987,-0.01,-1.00,0.01
569007,-0.01,-0.99,-0.04
569027,-0.01,-0.99,-0.03
569047,-0.02,-1.00,-0.02
569067,-0.02,-1.00,-0.02
569087,-0.01,-1.00,-0.02
569107,-0.01,-1.00,-0.02
569127,-0.01,-1.00,-0.03
569147,-0.01,-1.00,-0.02
569167,-0.02,-1.00,-0.03
569187,-0.01,-1.00,-0.02
569207,-0.01,-1.00,-0.02
569227,-0.01,-1.00,-0.03
569247,-0.01,-0.99,-0.02
569267,-0.01,-0.99,-0.01
569287,-0.01,-0.99,-0.02
569307,-0.01,-0.99,-0.02
569327,-0.02,-0.99,-0.02
569347,-0.02,-1.00,-0.03
569367,-0.02,-1.00,-0.04
569387,-0.02,-1.00,-0.01
569407,-0.02,-1.00,-0.02
569427,-0.03,-0.99,-0.02
569447,-0.02,-1.00,-0.04
569467,-0.01,-0.99,-0.03
569487,-0.01,-0.99,-0.01
569507,-0.01,-0.99,-0.03
569527,-0.01,-1.00,-0.03
569547,-0.02,-0.99,-0.01
569567,-0.01,-0.99,-0.03
569587,-0.02,-1.00,-0.03
569607,-0.01,-0.99,-0.03
569627,-0.01,-0.99,-0.03
569647,-0.01,-0.99,-0.03
569667,-0.02,-1.00,-0.03
569687,-0.00,-1.00,-0.04
569707,-0.02,-0.99,-0.05
569727,-0.02,-1.00,-0.06
569747,-0.02,-1.00,-0.05
569767,-0.02,-1.00,-0.05
569787,-0.01,-1.00,-0.04
569807,-0.01,-0.99,-0.04
569827,-0.01,-0.99,-0.04
569847,-0.01,-0.99,-0.03
569867,-0.01,-0.99,-0.04
569887,-0.02,-0.99,-0.04
569907,-0.02,-0.99,-0.04
569927,-0.01,-1.00,-0.04
569947,-0.02,-1.00,-0.04
569967,-0.01,-0.99,-0.05
569987,-0.02,-1.00,-0.04
570007,-0.03,-0.99,-0.03
570027,-0.02,-0.99,-0.04
570047,-0.01,-0.99,-0.04
570067,-0.01,-0.99,-0.05
570087,-0.01,-0.99,-0.04
570107,-0.01,-1.00,-0.04
570127,-0.02,-1.00,-0.04
570147,-0.01,-0.99,-0.04
570167,-0.01,-0.99,-0.04
570187,-0.01,-0.99,-0.04
570207,-0.02,-1.00,-0.04
570227,-0.02,-1.00,-0.05
570247,-0.02,-1.00,-0.05
570267,-0.02,-1.00,-0.05
570287,-0.02,-1.00,-0.03
570307,-0.03,-0.99,-0.03
570327,-0.02,-0.99,-0.02
570347,-0.01,-0.99,-0.04
570367,-0.01,-0.99,-0.06
570387,-0.01,-0.99,-0.03
570407,-0.01,-1.00,-0.07
570427,-0.01,-0.99,-0.04
570447,-0.02,-0.99,-0.04
570467,-0.01,-0.98,-0.05
570487,-0.00,-0.99,-0.06
570507,-0.04,-1.02,-0.02
570527,-0.04,-1.02,-0.00
570547,-0.01,-0.99,-0.02
570567,-0.01,-1.00,-0.06
570587,-0.02,-0.99,-0.03
570607,-0.02,-0.99,-0.02
570627,-0.01,-0.99,-0.02
570647,-0.01,-0.99,-0.01
570667,-0.01,-1.00,-0.02
570687,-0.01,-1.00,-0.03
570707,-0.02,-1.00,-0.03
570727,-0.03,-1.00,-0.03
570747,-0.03,-1.00,-0.03
570767,-0.04,-0.99,-0.01
570787,-0.03,-0.99,-0.01
570807,-0.02,-0.99,-0.02
570827,-0.02,-1.00,-0.02
570847,-0.01,-0.99,-0.02
570867,-0.02,-1.00,-0.02
570887,-0.02,-1.00,-0.02
570907,-0.02,-1.00,-0.01
570927,-0.04,-1.00,0.00
570947,-0.03,-1.02,-0.02
570967,-0.02,-1.01,-0.04
570987,-0.03,-0.96,-0.01
571007,-0.03,-0.99,0.01
571027,-0.03,-0.98,-0.02
571047,-0.02,-0.99,-0.02
571067,-0.02,-0.99,-0.03
571087,-0.03,-0.99,0.00
571107,-0.03,-0.99,-0.01
571127,-0.03,-1.01,-0.01
571147,-0.03,-0.99,-0.02
571167,-0.03,-1.01,0.01
571187,-0.03,-1.00,-0.01
571207,-0.03,-1.00,-0.01
571227,-0.04,-0.99,0.02
571247,-0.03,-1.00,0.00
571267,-0.03,-1.00,-0.00
571287,-0.03,-0.99,0.02
571307,-0.03,-0.99,0.04
571327,-0.03,-0.99,0.03
571347,-0.03,-0.99,0.04
571367,-0.03,-1.00,0.03
571387,-0.03,-0.99,0.05
571407,-0.03,-0.99,0.07
571427,-0.03,-0.99,0.06
571447,-0.04,-0.99,0.06
571467,-0.04,-0.99,0.07
571487,-0.04,-1.00,0.07
571507,-0.03,-0.99,0.07
571527,-0.02,-1.00,0.06
571547,-0.03,-0.99,0.06
571567,-0.02,-0.99,0.06
571587,-0.02,-0.99,0.06
571607,-0.02,-0.98,0.05
571627,-0.02,-0.99,0.06
571647,-0.02,-0.99,0.06
571667,-0.02,-0.99,0.05
571687,-0.02,-0.99,0.05
571707,-0.03,-0.99,0.06
571727,-0.03,-1.00,0.06
571747,-0.03,-1.00,0.06
571767,-0.03,-1.00,0.06
571787,-0.03,-0.99,0.05
571807,-0.03,-0.99,0.05
571827,-0.03,-0.99,0.05
571847,-0.03,-0.99,0.05
571867,-0.03,-1.00,0.05
571887,-0.03,-0.99,0.04
571907,-0.03,-0.99,0.05
571927,-0.03,-0.99,0.05
571947,-0.03,-0.99,0.05
571967,-0.03,-0.99,0.05
571987,-0.03,-0.99,0.05
572007,-0.03,-0.99,0.05
572027,-0.02,-1.00,0.05
572047,-0.02,-1.00,0.04
572067,-0.02,-0.98,0.05
572087,-0.02,-0.99,0.05
572107,-0.02,-0.99,0.05
572127,-0.02,-1.00,0.05
572147,-0.02,-1.00,0.04
572167,-0.03,-0.99,0.05
572187,-0.03,-0.99,0.05
572207,-0.03,-0.99,0.04
572227,-0.03,-1.00,0.05
572247,-0.03,-0.99,0.04
572267,-0.03,-0.99,0.04
572287,-0.03,-0.99,0.04
572307,-0.03,-0.99,0.04
572327,-0.03,-0.99,0.04
572347,-0.03,-0.99,0.05
572367,-0.03,-0.99,0.05
572387,-0.02,-0.99,0.05
572407,-0.02,-0.99,0.05
572427,-0.02,-0.99,0.05
572447,-0.03,-0.99,0.05
572467,-0.03,-0.99,0.04
572487,-0.03,-0.99,0.04
572507,-0.03,-1.00,0.04
572527,-0.03,-0.99,0.04
572547,-0.03,-1.00,0.04
572567,-0.02,-0.99,0.04
572587,-0.02,-0.99,0.04
572607,-0.02,-0.99,0.04
572627,-0.02,-0.99,0.04
572647,-0.02,-0.99,0.04
572667,-0.03,-0.99,0.04
572687,-0.02,-0.99,0.04
572707,-0.03,-0.99,0.04
572727,-0.02,-1.00,0.04
572747,-0.03,-0.99,0.04
572767,-0.03,-0.99,0.04
572787,-0.03,-1.00,0.04
572807,-0.03,-0.99,0.05
572827,-0.03,-0.99,0.05
572847,-0.03,-0.99,0.04
572867,-0.03,-0.99,0.04
572887,-0.02,-0.99,0.05
572907,-0.02,-0.99,0.03
572927,-0.02,-0.99,0.04
572947,-0.03,-0.99,0.05
572967,-0.02,-0.99,0.05
572987,-0.02,-0.99,0.04
573007,-0.02,-0.99,0.05
573027,-0.02,-0.99,0.05
573047,-0.02,-0.99,0.05
573067,-0.02,-0.99,0.04
573087,-0.03,-0.99,0.04
573107,-0.04,-0.99,0.04
573127,-0.03,-0.99,0.05
573147,-0.03,-0.99,0.05
573167,-0.03,-0.99,0.05
573187,-0.03,-0.99,0.04
573207,-0.03,-0.99,0.04
573227,-0.03,-0.99,0.04
573247,-0.03,-0.99,0.04
573267,-0.03,-1.00,0.04
573287,-0.03,-0.99,0.03
573307,-0.02,-0.99,0.03
573327,-0.02,-0.99,0.03
573347,-0.02,-1.00,0.03
573367,-0.02,-1.00,0.04
573387,-0.03,-0.99,0.03
573407,-0.03,-0.99,0.04
573427,-0.02,-0.99,0.04
573447,-0.02,-0.99,0.04
573467,-0.02,-0.99,0.04
573487,-0.02,-0.99,0.04
573507,-0.03,-0.99,0.04
573527,-0.03,-0.99,0.03
573547,-0.02,-1.00,0.03
573567,-0.03,-1.00,0.03
573587,-0.03,-0.99,0.03
573607,-0.03,-0.99,0.03
573627,-0.03,-1.00,0.03
573647,-0.03,-0.99,0.05
573667,-0.03,-0.99,0.03
573687,-0.03,-1.00,0.04
573707,-0.02,-0.99,0.04
573727,-0.02,-0.99,0.02
573747,-0.02,-0.99,0.03
573767,-0.02,-0.99,0.03
573787,-0.02,-0.99,0.04
573807,-0.03,-0.99,0.03
573827,-0.03,-0.99,0.04
573847,-0.02,-0.99,0.03
573867,-0.03,-0.99,0.03
573887,-0.03,-0.99,0.04
573907,-0.03,-0.99,0.04
573927,-0.03,-0.99,0.04
573947,-0.03,-0.99,0.04
573967,-0.02,-0.99,0.02
573987,-0.02,-0.99,0.05
574007,-0.03,-0.99,0.04
574027,-0.03,-0.99,0.04
574047,-0.03,-0.99,0.04
574067,-0.03,-0.99,0.04
574087,-0.03,-0.99,0.04
574107,-0.03,-0.99,0.03
574127,-0.03,-1.00,0.03
574147,-0.03,-1.00,0.04
574167,-0.03,-1.00,0.01
574187,-0.02,-1.00,0.03
574207,-0.03,-0.99,0.03
574227,-0.02,-0.99,0.02
574247,-0.02,-0.99,0.03
574267,-0.02,-0.99,0.04
574287,-0.03,-0.99,0.03
574307,-0.03,-0.99,0.04
574327,-0.03,-0.99,0.04
574347,-0.03,-0.99,0.04
574367,-0.03,-0.99,0.03
574387,-0.03,-0.99,0.03
574407,-0.03,-0.99,0.03
574427,-0.03,-1.00,0.02
574447,-0.03,-1.00,0.03
574467,-0.03,-0.99,0.03
574487,-0.03,-1.00,0.03
574507,-0.02,-0.99,0.03
574527,-0.02,-0.99,0.03
574547,-0.03,-0.99,0.03
574567,-0.03,-0.99,0.03
574587,-0.03,-0.99,0.03
574607,-0.03,-0.99,0.03
574627,-0.03,-0.99,0.05
574647,-0.03,-1.00,0.00
574667,-0.03,-1.00,0.04
574687,-0.03,-1.00,0.02
574707,-0.03,-1.00,0.03
574727,-0.02,-0.99,0.03
574747,-0.01,-0.99,0.02
574767,-0.02,-0.99,0.03
574787,-0.02,-0.99,0.02
574807,-0.02,-0.99,0.03
574827,-0.03,-0.99,0.04
574847,-0.03,-0.99,0.03
574867,-0.03,-1.00,0.03
574887,-0.03,-1.00,0.03
574907,-0.03,-1.00,0.03
574927,-0.03,-0.99,0.03
574947,-0.03,-0.99,0.03
574967,-0.03,-0.99,0.04
574987,-0.03,-1.00,0.03
575007,-0.02,-0.99,0.02
575027,-0.02,-0.99,0.03
575047,-0.03,-0.99,0.04
575067,-0.03,-0.99,0.04
575087,-0.03,-0.99,0.04
575107,-0.03,-0.99,0.03
575127,-0.03,-1.00,0.03
575147,-0.03,-0.99,0.04
575167,-0.03,-1.00,0.04
575187,-0.03,-1.00,0.03
575207,-0.03,-0.99,0.04
575227,-0.03,-0.99,0.04
575247,-0.02,-0.99,0.04
575267,-0.02,-0.99,0.04
575287,-0.02,-0.99,0.04
575307,-0.02,-0.99,0.04
575327,-0.03,-0.99,0.04
575347,-0.03,-1.00,0.04
575367,-0.03,-1.00,0.03
575387,-0.03,-1.00,0.03
575407,-0.03,-0.99,0.02
575427,-0.03,-1.00,0.03
575447,-0.04,-1.00,0.04
575467,-0.03,-0.99,0.02
575487,-0.02,-1.00,0.03
575507,-0.02,-0.99,0.04
575527,-0.02,-0.98,0.06
575547,-0.03,-1.00,0.05
575567,-0.03,-0.99,0.05
575587,-0.03,-0.99,0.03
575607,-0.02,-0.99,0.03
575627,-0.02,-1.00,0.03
575647,-0.03,-1.00,0.03
575667,-0.03,-0.99,0.03
575687,-0.03,-0.98,0.05
575707,-0.03,-0.99,0.04
575727,-0.03,-1.01,0.04
575747,-0.03,-0.99,0.04
575767,-0.03,-0.99,0.04
575787,-0.03,-0.99,0.04
575807,-0.04,-0.98,0.05
575827,-0.04,-0.99,0.05
575847,-0.04,-0.99,0.06
575867,-0.03,-0.99,0.03
575887,-0.03,-1.00,0.04
575907,-0.04,-0.99,0.05
575927,-0.04,-0.99,0.05
575947,-0.04,-0.99,0.05
575967,-0.04,-0.99,0.05
575987,-0.04,-0.99,0.05
576007,-0.04,-0.99,0.05
576027,-0.04,-0.99,0.06
576047,-0.04,-0.99,0.04
576067,-0.04,-0.99,0.04
576087,-0.04,-0.99,0.07
576107,-0.04,-0.99,0.04
576127,-0.04,-0.99,0.05
576147,-0.03,-0.99,0.04
576167,-0.04,-0.99,0.05
576187,-0.04,-0.99,0.05
576207,-0.03,-0.99,0.05
576227,-0.03,-1.00,0.04
576247,-0.03,-1.00,0.05
576267,-0.04,-0.99,0.04
576287,-0.05,-1.00,0.03
576307,-0.05,-1.00,0.05
576327,-0.05,-0.99,0.05
576347,-0.05,-0.99,0.05
576367,-0.04,-0.99,0.06
576387,-0.03,-0.99,0.06
576407,-0.04,-0.99,0.06
576427,-0.04,-0.99,0.06
576447,-0.04,-0.99,0.06
576467,-0.04,-0.99,0.03
576487,-0.04,-0.99,0.05
576507,-0.04,-1.00,0.05
576527,-0.04,-1.00,0.04
576547,-0.04,-0.99,0.05
576567,-0.04,-0.99,0.05
576587,-0.05,-0.99,0.05
576607,-0.05,-0.99,0.06
576627,-0.05,-0.99,0.04
576647,-0.05,-0.99,0.05
576667,-0.04,-0.99,0.06
576687,-0.05,-0.99,0.05
576707,-0.05,-0.99,0.06
576727,-0.05,-0.99,0.07
576747,-0.05,-0.99,0.09
576767,-0.04,-0.99,0.07
576787,-0.05,-0.99,0.06
576807,-0.04,-0.99,0.04
576827,-0.05,-1.00,0.05
576847,-0.05,-0.99,0.07
576867,-0.05,-0.99,0.04
576887,-0.05,-0.99,0.07
576907,-0.04,-0.99,0.06
576927,-0.04,-0.99,0.04
576947,-0.03,-1.00,0.05
576967,-0.02,-0.99,0.07
576987,-0.03,-0.99,0.06
577007,-0.04,-0.99,0.07
577027,-0.04,-0.99,0.07
577047,-0.05,-0.99,0.05
577067,-0.05,-0.99,0.06
577087,-0.05,-0.99,0.05
577107,-0.05,-0.99,0.05
577127,-0.05,-0.99,0.06
577147,-0.06,-0.99,0.04
577167,-0.06,-0.99,0.09
577187,-0.06,-0.99,0.07
577207,-0.06,-0.99,0.08
577227,-0.06,-0.99,0.09
577247,-0.05,-0.99,0.05
577267,-0.05,-0.99,0.04
577287,-0.06,-0.98,0.09
577307,-0.06,-0.99,0.10
577327,-0.06,-0.99,0.09
577347,-0.05,-1.00,0.07
577367,-0.03,-0.98,0.05
577387,-0.03,-0.97,0.08
577407,-0.04,-1.01,0.06
577427,-0.06,-0.98,0.06
577447,-0.05,-1.00,0.06
577467,-0.05,-1.00,0.05
577487,-0.05,-1.00,0.04
577507,-0.05,-1.00,0.05
577527,-0.05,-0.99,0.05
577547,-0.06,-0.99,0.06
577567,-0.05,-1.00,0.08
577587,-0.05,-0.98,0.06
577607,-0.04,-0.98,0.07
577627,-0.04,-0.98,0.06
577647,-0.04,-0.99,0.06
577667,-0.04,-0.99,0.06
577687,-0.04,-0.99,0.06
577707,-0.04,-0.99,0.05
577727,-0.04,-1.00,0.05
577747,-0.04,-0.99,0.05
577767,-0.05,-0.99,0.05
577787,-0.05,-1.00,0.06
577807,-0.04,-0.99,0.05
577827,-0.04,-1.00,0.05
577847,-0.05,-0.99,0.05
577867,-0.04,-1.00,0.05
577887,-0.04,-1.00,0.04
577907,-0.05,-0.99,0.06
577927,-0.04,-0.99,0.05
577947,-0.04,-0.98,0.04
577967,-0.04,-1.01,0.07
577987,-0.04,-0.98,0.05
578007,-0.05,-1.00,0.07
578027,-0.04,-0.98,0.05
578047,-0.04,-0.99,0.05
578067,-0.04,-0.99,0.07
578087,-0.04,-0.98,0.06
578107,-0.04,-1.00,0.06
578127,-0.05,-0.98,0.06
578147,-0.04,-1.01,0.05
578167,-0.04,-0.99,0.04
578187,-0.04,-1.00,0.04
578207,-0.05,-1.00,0.04
578227,-0.05,-0.99,0.05
578247,-0.05,-0.99,0.04
578267,-0.05,-0.99,0.05
578287,-0.05,-0.99,0.05
578307,-0.05,-0.99,0.05
578327,-0.05,-0.99,0.05
578347,-0.05,-0.99,0.07
578367,-0.05,-0.99,0.06
578387,-0.05,-0.99,0.06
578407,-0.05,-0.99,0.06
578427,-0.05,-0.99,0.06
578447,-0.05,-0.99,0.06
578467,-0.05,-0.99,0.06
578487,-0.04,-0.99,0.06
578507,-0.04,-0.99,0.05
578527,-0.04,-0.99,0.05
578547,-0.05,-1.00,0.05
578567,-0.05,-0.99,0.06
578587,-0.05,-1.00,0.05
578607,-0.05,-0.99,0.05
578627,-0.04,-0.99,0.05
578647,-0.04,-0.99,0.05
578667,-0.05,-1.00,0.06
578687,-0.05,-1.00,0.06
578707,-0.05,-1.00,0.04
578727,-0.05,-0.99,0.07
578747,-0.05,-0.98,0.06
578767,-0.05,-0.99,0.06
578787,-0.05,-0.99,0.05
578807,-0.04,-0.98,0.05
578827,-0.04,-0.99,0.04
578847,-0.04,-1.00,0.05
578867,-0.03,-1.00,0.04
578887,-0.03,-0.98,0.03
578907,-0.03,-0.99,0.04
578927,-0.03,-0.99,0.03
578947,-0.04,-1.00,0.04
578967,-0.03,-0.98,0.04
578987,-0.03,-0.99,0.03
579007,-0.04,-0.99,0.04
579027,-0.04,-1.00,0.03
579047,-0.05,-1.00,0.04
579067,-0.05,-1.00,0.04
579087,-0.05,-1.00,0.04
579107,-0.04,-0.99,0.04
579127,-0.04,-1.00,0.04
579147,-0.03,-0.99,0.05
579167,-0.03,-0.99,0.03
579187,-0.04,-0.99,0.05
579207,-0.04,-0.99,0.05
579227,-0.04,-1.00,0.06
579247,-0.04,-0.99,0.06
579267,-0.04,-0.99,0.05
579287,-0.05,-0.99,0.06
579307,-0.05,-0.99,0.05
579327,-0.05,-1.00,0.05
579347,-0.06,-0.99,0.04
579367,-0.06,-0.99,0.04
579387,-0.05,-0.99,0.04
579407,-0.05,-0.99,0.04
579427,-0.05,-0.99,0.05
579447,-0.04,-0.99,0.05
579467,-0.03,-1.00,0.03
579487,-0.03,-0.99,0.05
579507,-0.04,-0.99,0.04
579527,-0.04,-0.99,0.04
579547,-0.05,-0.99,0.04
579567,-0.05,-1.00,0.05
579587,-0.04,-0.99,0.05
579607,-0.05,-0.99,0.08
579627,-0.05,-0.99,0.06
579647,-0.04,-0.99,0.05
579667,-0.04,-0.99,0.05
579687,-0.04,-0.99,0.06
579707,-0.05,-1.00,0.04
579727,-0.04,-0.99,0.05
579747,-0.04,-0.99,0.03
579767,-0.05,-0.99,0.04
579787,-0.05,-0.99,0.05
579807,-0.04,-0.99,0.05
579827,-0.04,-0.99,0.05
579847,-0.04,-0.99,0.04
579867,-0.04,-0.99,0.04
579887,-0.04,-1.00,0.04
579907,-0.04,-1.00,0.03
579927,-0.05,-0.99,0.05
579947,-0.05,-0.99,0.06
579967,-0.05,-0.99,0.06
579987,-0.05,-0.99,0.06
580007,-0.05,-0.99,0.07
580027,-0.04,-0.99,0.05
580047,-0.05,-0.99,0.05
580067,-0.06,-0.99,0.07
580087,-0.05,-0.99,0.06
580107,-0.05,-0.99,0.06
580127,-0.05,-0.99,0.06
580147,-0.05,-0.99,0.06
580167,-0.04,-1.00,0.03
580187,-0.04,-0.99,0.05
580207,-0.04,-0.99,0.05
580227,-0.05,-0.99,0.06
580247,-0.05,-0.99,0.06
580267,-0.05,-0.99,0.06
580287,-0.05,-0.99,0.06
580307,-0.05,-0.99,0.06
580327,-0.05,-0.99,0.06
580347,-0.05,-0.99,0.06
580367,-0.04,-0.99,0.04
580387,-0.05,-0.99,0.06
580407,-0.05,-0.99,0.05
580427,-0.05,-0.99,0.05
580447,-0.07,-1.01,0.07
580467,-0.05,-0.99,0.09
580487,-0.03,-0.99,0.06
580507,-0.05,-0.99,0.07
580527,-0.05,-0.99,0.06
580547,-0.05,-0.99,0.06
580567,-0.07,-1.00,0.07
580587,-0.07,-0.99,0.08
580607,-0.06,-0.98,0.08
580627,-0.06,-0.99,0.07
580647,-0.05,-0.99,0.06
580667,-0.05,-0.99,0.06
580687,-0.06,-0.99,0.06
580707,-0.06,-1.00,0.09
580727,-0.05,-1.00,0.07
580747,-0.06,-0.98,0.06
580767,-0.06,-0.99,0.08
580787,-0.05,-0.99,0.07
580807,-0.06,-0.99,0.08
580827,-0.05,-0.99,0.09
580847,-0.04,-0.99,0.05
580867,-0.03,-0.98,0.05
580887,-0.03,-0.99,0.06
580907,-0.03,-0.99,0.06
580927,-0.04,-0.99,0.06
580947,-0.04,-0.99,0.06
580967,-0.04,-0.99,0.05
580987,-0.04,-0.99,0.05
581007,-0.04,-1.00,0.05
581027,-0.04,-0.99,0.05
581047,-0.04,-1.00,0.04
581067,-0.04,-0.99,0.05
581087,-0.04,-0.99,0.04
581107,-0.04,-0.99,0.04
581127,-0.04,-0.99,0.05
581147,-0.04,-0.99,0.05
581167,-0.04,-0.99,0.04
581187,-0.04,-0.99,0.05
581207,-0.04,-0.99,0.04
581227,-0.04,-0.99,0.04
581247,-0.03,-0.99,0.04
581267,-0.04,-0.99,0.03
581287,-0.04,-1.00,0.03
581307,-0.04,-1.00,0.03
581327,-0.04,-1.00,0.04
581347,-0.04,-1.00,0.03
581367,-0.05,-0.99,0.05
581387,-0.04,-0.99,0.04
581407,-0.04,-0.99,0.04
581427,-0.04,-0.99,0.04
581447,-0.04,-1.00,0.04
581467,-0.04,-1.00,0.03
581487,-0.05,-1.00,0.03
581507,-0.05,-0.99,0.02
581527,-0.04,-1.01,0.01
581547,-0.04,-0.98,0.03
581567,-0.03,-0.99,0.00
581587,-0.03,-1.00,0.04
581607,-0.03,-0.98,0.01
581627,-0.03,-1.00,0.03
581647,-0.04,-0.98,0.03
581667,-0.04,-0.98,0.01
581687,-0.03,-1.01,-0.01
581707,-0.04,-1.00,0.02
581727,-0.04,-1.00,-0.02
581747,-0.05,-1.00,0.00
581767,-0.04,-1.00,-0.03
581787,-0.04,-1.00,-0.01
581807,-0.03,-0.98,-0.01
581827,-0.03,-0.99,-0.04
581847,-0.04,-0.99,-0.01
581867,-0.04,-0.99,-0.05
581887,-0.04,-0.99,-0.04
581907,-0.04,-1.01,-0.04
581927,-0.04,-0.99,-0.08
581947,-0.04,-0.99,-0.06
581967,-0.03,-0.99,-0.07
581987,-0.04,-0.99,-0.06
582007,-0.04,-0.99,-0.07
582027,-0.03,-0.99,-0.11
582047,-0.02,-0.99,-0.15
582067,-0.02,-0.99,-0.19
582087,-0.02,-0.99,-0.17
582107,-0.03,-0.99,-0.21
582127,-0.02,-1.00,-0.26
582147,-0.01,-1.02,-0.32
582167,-0.02,-0.95,-0.22
582187,-0.04,-0.93,-0.14
582207,-0.04,-0.96,-0.19
582227,-0.02,-0.95,-0.19
582247,-0.01,-1.01,-0.22
582267,-0.02,-0.99,-0.20
582287,-0.03,-0.94,-0.12
582307,-0.04,-0.97,-0.16
582327,-0.02,-1.00,-0.20
582347,-0.01,-0.96,-0.22
582367,-0.02,-0.97,-0.20
582387,-0.02,-0.97,-0.14
582407,-0.03,-0.95,-0.18
582427,-0.02,-0.94,-0.16
582447,-0.01,-0.98,-0.11
582467,-0.05,-1.00,-0.15
582487,-0.03,-0.99,-0.07
582507,0.02,-0.98,-0.17
582527,-0.03,-0.99,-0.11
582547,-0.00,-0.99,-0.15
582567,-0.01,-0.99,-0.14
582587,0.02,-0.99,-0.15
582607,0.00,-0.99,-0.14
582627,-0.00,-0.99,-0.13
582647,0.02,-1.00,-0.12
582667,0.00,-0.99,-0.11
582687,0.01,-1.00,-0.11
582707,0.02,-1.00,-0.09
582727,0.02,-0.99,-0.10
582747,0.01,-0.99,-0.11
582767,0.02,-0.99,-0.09
582787,0.03,-0.99,-0.11
582807,0.02,-0.99,-0.10
582827,0.02,-0.99,-0.10
582847,0.03,-0.99,-0.10
582867,0.03,-0.99,-0.10
582887,0.03,-0.99,-0.10
582907,0.03,-0.99,-0.10
582927,0.04,-0.99,-0.11
582947,0.03,-0.99,-0.11
582967,0.02,-0.99,-0.11
582987,0.03,-0.99,-0.12
583007,0.02,-0.99,-0.10
583027,0.01,-0.99,-0.11
583047,0.01,-1.00,-0.06
583067,0.03,-0.99,-0.07
583087,0.03,-1.02,-0.13
583107,-0.01,-1.00,-0.08
583127,0.01,-0.99,-0.04
583147,0.02,-0.99,-0.05
583167,0.00,-0.99,-0.04
583187,0.00,-0.99,-0.04
583207,0.01,-0.99,-0.04
583227,0.00,-1.00,-0.05
583247,-0.00,-0.99,-0.05
583267,-0.00,-0.99,-0.05
583287,-0.00,-0.99,-0.04
583307,-0.01,-1.00,-0.04
583327,-0.00,-0.99,-0.05
583347,-0.00,-0.99,-0.05
583367,-0.00,-0.99,-0.05
583387,-0.00,-1.00,-0.06
583407,-0.00,-1.00,-0.06
583427,-0.01,-1.00,-0.06
583447,-0.01,-1.00,-0.06
583467,-0.01,-1.00,-0.06
583487,-0.01,-0.99,-0.05
583507,-0.01,-1.00,-0.05
583527,-0.01,-0.99,-0.06
583547,-0.00,-0.99,-0.06
583567,-0.01,-1.00,-0.05
583587,-0.02,-0.99,-0.03
583607,-0.01,-0.99,-0.04
583627,-0.02,-1.00,-0.05
583647,-0.04,-1.01,-0.04
583667,-0.01,-1.00,0.00
583687,0.00,-0.99,-0.08
583707,0.00,-0.99,-0.04
583727,-0.00,-0.99,-0.07
583747,-0.02,-1.00,-0.05
583767,-0.02,-1.00,-0.05
583787,-0.03,-1.00,-0.04
583807,-0.04,-1.01,-0.03
583827,-0.03,-1.01,0.01
583847,-0.03,-0.95,-0.02
583867,-0.04,-0.98,0.01
583887,-0.04,-1.01,0.01
583907,-0.03,-0.99,-0.01
583927,-0.03,-1.00,-0.02
583947,-0.04,-1.01,-0.02
583967,-0.05,-0.98,-0.01
583987,-0.03,-0.98,-0.01
584007,-0.02,-1.01,-0.01
584027,-0.01,-0.99,0.00
584047,-0.02,-0.99,-0.02
584067,-0.02,-0.98,-0.01
584087,-0.02,-0.99,-0.03
584107,-0.03,-1.01,-0.03
584127,-0.03,-1.01,-0.03
584147,-0.03,-0.99,-0.03
584167,-0.04,-0.99,-0.01
584187,-0.03,-0.99,-0.02
584207,-0.03,-0.99,-0.05
584227,-0.03,-1.00,-0.02
584247,-0.04,-1.00,-0.03
584267,-0.04,-1.01,0.00
584287,-0.03,-0.99,-0.02
584307,-0.03,-0.97,-0.05
584327,-0.04,-1.02,-0.01
584347,-0.05,-0.99,-0.03
584367,-0.04,-0.98,-0.05
584387,-0.03,-1.01,-0.04
584407,-0.03,-0.99,-0.06
584427,-0.02,-0.99,-0.06
584447,-0.01,-1.01,-0.06
584467,-0.01,-0.99,-0.08
584487,-0.02,-0.98,-0.07
584507,-0.02,-1.00,-0.06
584527,-0.03,-0.99,-0.07
584547,-0.03,-0.98,-0.06
584567,-0.02,-1.00,-0.06
584587,-0.02,-0.99,-0.07
584607,-0.03,-0.98,-0.06
584627,-0.03,-0.98,-0.06
584647,-0.03,-1.00,-0.06
584667,-0.04,-1.02,-0.05
584687,-0.04,-0.98,-0.08
584707,-0.03,-1.00,-0.07
584727,-0.04,-0.98,-0.05
584747,-0.04,-0.99,-0.05
584767,-0.04,-1.01,-0.05
584787,-0.04,-0.99,-0.06
584807,-0.04,-0.99,-0.06
584827,-0.03,-1.00,-0.07
584847,-0.02,-0.98,-0.08
584867,-0.02,-0.98,-0.09
584887,-0.04,-1.00,-0.04
584907,-0.03,-0.99,-0.05
584927,-0.04,-0.98,-0.06
584947,-0.04,-1.02,-0.07
584967,-0.05,-1.00,-0.08
584987,-0.05,-0.99,-0.07
585007,-0.05,-0.99,-0.07
585027,-0.04,-0.99,-0.08
585047,-0.05,-0.99,-0.09
585067,-0.05,-1.00,-0.09
585087,-0.04,-0.99,-0.08
585107,-0.03,-0.99,-0.08
585127,-0.03,-0.99,-0.08
585147,-0.04,-0.99,-0.07
585167,-0.04,-0.99,-0.07
585187,-0.04,-0.99,-0.08
585207,-0.05,-0.99,-0.09
585227,-0.05,-1.00,-0.07
585247,-0.04,-0.99,-0.10
585267,-0.04,-0.99,-0.10
585287,-0.04,-0.99,-0.09
585307,-0.03,-0.99,-0.09
585327,-0.03,-0.99,-0.08
585347,-0.04,-0.99,-0.08
585367,-0.04,-0.99,-0.09
585387,-0.04,-0.99,-0.08
585407,-0.05,-0.99,-0.08
585427,-0.04,-0.99,-0.08
585447,-0.04,-0.99,-0.09
585467,-0.04,-0.99,-0.09
585487,-0.04,-0.99,-0.08
585507,-0.04,-0.99,-0.09
585527,-0.04,-0.99,-0.09
585547,-0.04,-0.99,-0.09
585567,-0.04,-0.99,-0.08
585587,-0.04,-0.99,-0.10
585607,-0.05,-0.99,-0.07
585627,-0.05,-0.99,-0.08
585647,-0.04,-0.99,-0.08
585667,-0.04,-0.99,-0.08
585687,-0.03,-0.99,-0.09
585707,-0.04,-0.99,-0.09
585727,-0.03,-0.99,-0.08
585747,-0.04,-0.99,-0.11
585767,-0.04,-0.99,-0.10
585787,-0.04,-0.99,-0.10
585807,-0.03,-0.99,-0.10
585827,-0.03,-0.99,-0.10
585847,-0.03,-0.99,-0.09
585867,-0.04,-0.99,-0.08
585887,-0.04,-0.99,-0.09
585907,-0.04,-0.99,-0.09
585927,-0.05,-0.99,-0.09
585947,-0.05,-0.99,-0.08
585967,-0.04,-0.99,-0.10
585987,-0.04,-0.99,-0.09
586007,-0.04,-0.99,-0.09
586027,-0.03,-0.99,-0.11
586047,-0.03,-0.99,-0.10
586067,-0.03,-0.99,-0.09
586087,-0.03,-0.99,-0.09
586107,-0.04,-0.99,-0.09
586127,-0.04,-0.99,-0.09
586147,-0.04,-0.99,-0.09
586167,-0.03,-0.99,-0.09
586187,-0.04,-0.99,-0.10
586207,-0.04,-0.99,-0.10
586227,-0.04,-0.99,-0.09
586247,-0.05,-0.99,-0.10
586267,-0.04,-0.99,-0.10
586287,-0.04,-0.99,-0.10
586307,-0.04,-0.99,-0.09
586327,-0.04,-0.99,-0.09
586347,-0.03,-0.99,-0.10
586367,-0.04,-0.99,-0.11
586387,-0.04,-0.99,-0.10
586407,-0.04,-0.99,-0.10
586427,-0.04,-0.99,-0.09
586447,-0.04,-0.99,-0.09
586467,-0.04,-0.99,-0.09
586487,-0.04,-0.99,-0.09
586507,-0.04,-0.99,-0.09
586527,-0.04,-0.99,-0.09
586547,-0.05,-0.99,-0.10
586567,-0.05,-0.99,-0.09
586587,-0.04,-0.99,-0.10
586607,-0.04,-0.99,-0.09
586627,-0.04,-0.99,-0.09
586647,-0.03,-0.99,-0.09
586667,-0.03,-0.99,-0.09
586687,-0.04,-0.99,-0.09
586707,-0.04,-0.99,-0.09
586727,-0.03,-0.99,-0.09
586747,-0.04,-0.99,-0.09
586767,-0.04,-0.99,-0.10
586787,-0.04,-0.99,-0.09
586807,-0.05,-0.99,-0.10
586827,-0.06,-1.00,-0.09
586847,-0.06,-0.99,-0.08
586867,-0.04,-0.98,-0.09
586887,-0.02,-0.98,-0.11
586907,-0.02,-0.98,-0.10
586927,-0.03,-1.02,-0.09
586947,-0.10,-1.01,-0.04
586967,0.05,-0.93,-0.18
586987,-0.04,-1.00,-0.13
587007,-0.06,-1.01,-0.06
587027,-0.03,-0.99,-0.10
587047,-0.04,-0.99,-0.11
587067,-0.07,-1.00,-0.06
587087,-0.05,-0.99,-0.09
587107,-0.05,-0.99,-0.09
587127,-0.05,-0.99,-0.09
587147,-0.04,-0.98,-0.09
587167,-0.02,-0.99,-0.09
587187,-0.06,-1.01,-0.05
587207,0.01,-0.96,-0.12
587227,-0.03,-0.98,-0.15
587247,-0.06,-1.01,-0.10
587267,-0.04,-0.99,-0.10
587287,-0.04,-0.99,-0.11
587307,-0.05,-0.99,-0.13
587327,-0.04,-0.99,-0.08
587347,-0.04,-0.99,-0.10
587367,-0.03,-0.99,-0.09
587387,-0.03,-0.99,-0.08
587407,-0.04,-0.98,-0.08
587427,-0.05,-1.00,-0.09
587447,-0.02,-0.99,-0.05
587467,-0.01,-0.97,-0.19
587487,-0.05,-1.02,-0.10
587507,-0.05,-1.00,-0.08
587527,-0.04,-0.99,-0.09
587547,-0.05,-1.03,-0.09
587567,-0.06,-1.03,-0.06
587587,-0.04,-0.98,-0.09
587607,-0.03,-0.99,-0.06
587627,-0.03,-1.00,-0.03
587647,-0.03,-0.98,-0.04
587667,-0.03,-0.97,-0.02
587687,-0.04,-0.97,-0.01
587707,-0.03,-1.01,-0.03
587727,-0.03,-0.99,-0.04
587747,-0.02,-1.00,-0.04
587767,-0.03,-1.01,-0.04
587787,-0.03,-1.01,-0.03
587807,-0.03,-0.99,-0.05
587827,-0.04,-0.97,-0.01
587847,-0.02,-0.99,-0.05
587867,0.00,-1.04,-0.08
587887,-0.01,-1.01,-0.06
587907,-0.01,-0.95,-0.02
587927,-0.01,-0.95,-0.05
587947,-0.01,-1.00,-0.06
587967,-0.00,-0.99,-0.05
587987,0.01,-0.96,-0.08
588007,0.01,-0.97,-0.08
588027,0.00,-0.97,-0.07
588047,0.00,-0.97,-0.09
588067,-0.01,-1.01,-0.08
588087,-0.01,-1.03,-0.12
588107,-0.01,-0.97,-0.12
588127,-0.01,-1.02,-0.10
588147,-0.02,-1.00,-0.11
588167,-0.02,-0.98,-0.09
588187,-0.02,-0.99,-0.09
588207,-0.01,-0.97,-0.11
588227,-0.01,-0.98,-0.11
588247,-0.01,-0.99,-0.11
588267,-0.01,-0.98,-0.15
588287,-0.02,-0.97,-0.10
588307,-0.03,-0.97,-0.12
588327,-0.02,-1.07,-0.16
588347,-0.02,-1.00,-0.17
588367,-0.01,-0.98,-0.16
588387,-0.02,-0.99,-0.16
588407,-0.02,-0.98,-0.16
588427,-0.01,-0.99,-0.15
588447,0.01,-0.98,-0.19
588467,-0.01,-0.98,-0.17
588487,-0.01,-0.98,-0.18
588507,-0.01,-0.98,-0.19
588527,-0.00,-0.98,-0.21
588547,-0.00,-0.97,-0.21
588567,0.00,-0.98,-0.20
588587,-0.01,-0.97,-0.21
588607,-0.00,-0.97,-0.21
588627,0.00,-0.97,-0.22
588647,-0.00,-0.97,-0.23
588667,0.00,-0.97,-0.24
588687,0.01,-0.96,-0.25
588707,-0.00,-0.96,-0.26
588727,0.00,-0.96,-0.27
588747,0.00,-0.96,-0.27
588767,0.00,-0.95,-0.28
588787,0.01,-0.95,-0.30
588807,0.00,-0.95,-0.32
588827,0.00,-0.95,-0.32
588847,0.01,-0.95,-0.33
588867,0.00,-0.95,-0.33
588887,0.00,-0.94,-0.33
588907,0.00,-0.95,-0.33
588927,0.00,-0.95,-0.32
588947,0.00,-0.95,-0.31
588967,0.00,-0.95,-0.29
588987,0.00,-0.96,-0.27
589007,-0.00,-0.97,-0.25
589027,-0.01,-0.97,-0.22
589047,-0.01,-0.97,-0.21
589067,-0.01,-0.97,-0.21
589087,-0.01,-0.97,-0.21
589107,-0.01,-0.97,-0.21
589127,-0.02,-0.98,-0.20
589147,-0.02,-0.98,-0.20
589167,-0.01,-0.97,-0.23
589187,-0.01,-0.97,-0.23
589207,-0.01,-0.97,-0.24
589227,-0.01,-0.97,-0.22
589247,-0.00,-0.97,-0.22
589267,-0.01,-0.97,-0.22
589287,-0.01,-0.97,-0.21
589307,-0.02,-0.97,-0.22
589327,-0.02,-0.97,-0.22
589347,-0.02,-0.97,-0.24
589367,-0.02,-0.97,-0.23
589387,-0.03,-0.98,-0.24
589407,-0.03,-0.98,-0.19
589427,-0.03,-0.98,-0.16
589447,-0.03,-0.98,-0.18
589467,-0.03,-0.98,-0.16
589487,-0.02,-0.99,-0.14
589507,-0.01,-0.98,-0.16
589527,-0.01,-0.98,-0.15
589547,-0.02,-0.99,-0.16
589567,-0.02,-0.99,-0.12
589587,-0.01,-0.99,-0.12
589607,-0.03,-0.99,-0.08
589627,-0.03,-0.99,-0.08
589647,-0.03,-0.99,-0.08
589667,-0.03,-0.99,-0.08
589687,-0.03,-1.00,-0.07
589707,-0.03,-0.99,-0.04
589727,-0.03,-1.00,-0.04
589747,-0.03,-1.02,-0.03
589767,-0.03,-1.00,-0.03
589787,-0.03,-0.98,-0.02
589807,-0.02,-1.01,-0.01
589827,-0.03,-1.01,0.00
589847,-0.04,-0.98,-0.04
589867,-0.00,-0.98,-0.04
589887,-0.00,-1.01,-0.02
589907,-0.01,-0.95,0.02
589927,-0.01,-0.98,-0.00
589947,-0.02,-0.99,0.01
589967,-0.03,-0.99,-0.01
589987,-0.02,-0.98,-0.03
590007,-0.02,-0.99,-0.02
590027,-0.02,-1.00,-0.03
590047,-0.02,-0.99,-0.03
590067,-0.03,-0.99,-0.02
590087,-0.04,-0.99,-0.04
590107,-0.03,-1.00,-0.05
590127,-0.04,-1.01,-0.04
590147,-0.04,-1.00,-0.06
590167,-0.03,-0.99,-0.06
590187,-0.03,-0.99,-0.06
590207,-0.04,-1.01,-0.06
590227,-0.03,-1.00,-0.10
590247,-0.03,-0.99,-0.14
590267,-0.05,-0.99,-0.11
590287,-0.05,-0.99,-0.12
590307,-0.05,-0.99,-0.14
590327,-0.06,-0.99,-0.14
590347,-0.08,-0.99,-0.12
590367,-0.08,-0.98,-0.13
590387,-0.09,-0.98,-0.12
590407,-0.08,-0.97,-0.12
590427,-0.08,-0.98,-0.10
590447,-0.07,-0.99,-0.10
590467,-0.07,-0.99,-0.11
590487,-0.08,-0.99,-0.05
590507,-0.08,-0.98,-0.06
590527,-0.09,-0.99,-0.05
590547,-0.09,-0.99,-0.02
590567,-0.09,-0.99,-0.04
590587,-0.10,-0.99,-0.07
590607,-0.09,-0.98,-0.07
590627,-0.10,-0.98,-0.10
590647,-0.10,-0.99,-0.09
590667,-0.09,-0.98,-0.11
590687,-0.09,-0.99,-0.08
590707,-0.08,-0.98,-0.14
590727,-0.08,-0.98,-0.12
590747,-0.08,-0.99,-0.13
590767,-0.08,-0.99,-0.12
590787,-0.10,-0.98,-0.15
590807,-0.11,-0.98,-0.14
590827,-0.12,-0.98,-0.13
590847,-0.12,-0.97,-0.13
590867,-0.12,-0.98,-0.14
590887,-0.11,-0.98,-0.13
590907,-0.11,-0.97,-0.14
590927,-0.09,-0.98,-0.13
590947,-0.11,-0.98,-0.14
590967,-0.12,-0.98,-0.14
590987,-0.10,-0.99,-0.13
591007,-0.12,-0.97,-0.14
591027,-0.13,-0.98,-0.14
591047,-0.14,-0.98,-0.14
591067,-0.12,-0.97,-0.13
591087,-0.12,-0.98,-0.16
591107,-0.11,-0.97,-0.15
591127,-0.12,-0.97,-0.16
591147,-0.10,-0.98,-0.19
591167,-0.12,-0.97,-0.17
591187,-0.11,-0.98,-0.18
591207,-0.12,-0.97,-0.18
591227,-0.13,-0.97,-0.19
591247,-0.15,-0.97,-0.19
591267,-0.13,-0.95,-0.24
591287,-0.15,-0.94,-0.24
591307,-0.14,-0.94,-0.23
591327,-0.14,-0.95,-0.25
591347,-0.13,-0.94,-0.30
591367,-0.13,-0.94,-0.30
591387,-0.12,-0.94,-0.32
591407,-0.13,-0.94,-0.34
591427,-0.14,-0.94,-0.32
591447,-0.14,-0.93,-0.32
591467,-0.13,-0.93,-0.33
591487,-0.14,-0.93,-0.33
591507,-0.13,-0.94,-0.32
591527,-0.13,-0.93,-0.32
591547,-0.13,-0.93,-0.32
591567,-0.12,-0.93,-0.32
591587,-0.12,-0.93,-0.32
591607,-0.12,-0.93,-0.33
591627,-0.12,-0.93,-0.33
591647,-0.11,-0.92,-0.33
591667,-0.10,-0.92,-0.34
591687,-0.09,-0.91,-0.35
591707,-0.10,-0.91,-0.37
591727,-0.08,-0.91,-0.38
591747,-0.07,-0.91,-0.40
591767,-0.06,-0.91,-0.43
591787,-0.04,-0.90,-0.43
591807,-0.03,-0.91,-0.45
591827,-0.04,-0.93,-0.42
591847,-0.03,-0.91,-0.42
591867,-0.01,-0.92,-0.41
591887,0.00,-0.93,-0.40
591907,-0.02,-0.94,-0.36
591927,-0.02,-0.95,-0.32
591947,-0.01,-0.96,-0.30
591967,-0.00,-0.96,-0.27
591987,0.00,-0.97,-0.25
592007,-0.00,-0.97,-0.23
592027,-0.00,-0.98,-0.20
592047,0.00,-0.97,-0.17
592067,-0.01,-0.98,-0.16
592087,-0.00,-0.98,-0.15
592107,-0.00,-0.99,-0.15
592127,0.00,-0.99,-0.14
592147,0.01,-0.99,-0.14
592167,0.00,-0.99,-0.13
592187,-0.00,-0.99,-0.12
592207,0.00,-0.99,-0.11
592227,-0.00,-0.99,-0.10
592247,-0.00,-0.99,-0.11
592267,0.00,-0.99,-0.11
592287,0.00,-0.99,-0.11
592307,-0.00,-0.99,-0.11
592327,0.01,-0.99,-0.12
592347,0.01,-0.99,-0.12
592367,0.00,-0.99,-0.12
592387,-0.00,-0.99,-0.13
592407,0.00,-0.99,-0.13
592427,0.00,-0.99,-0.14
592447,0.01,-0.99,-0.14
592467,0.00,-0.99,-0.14
592487,0.01,-0.99,-0.14
592507,0.00,-0.99,-0.14
592527,0.00,-0.99,-0.14
592547,0.00,-0.99,-0.13
592567,-0.00,-0.99,-0.12
592587,0.00,-0.99,-0.11
592607,0.00,-0.99,-0.10
592627,0.00,-0.99,-0.10
592647,0.00,-0.99,-0.10
592667,0.00,-0.99,-0.09
592687,0.00,-0.99,-0.09
592707,-0.00,-0.99,-0.08
592727,0.00,-0.99,-0.08
592747,-0.00,-0.99,-0.07
592767,-0.01,-0.99,-0.06
592787,-0.01,-1.00,-0.06
592807,-0.00,-1.00,-0.06
592827,-0.01,-1.00,-0.06
592847,-0.01,-0.99,-0.06
592867,-0.01,-0.99,-0.06
592887,-0.02,-0.99,-0.06
592907,-0.01,-0.99,-0.06
592927,-0.02,-0.99,-0.06
592947,-0.02,-0.99,-0.07
592967,-0.02,-0.99,-0.06
592987,-0.01,-0.99,-0.07
593007,-0.01,-1.00,-0.08
593027,-0.02,-0.99,-0.07
593047,-0.02,-0.99,-0.08
593067,-0.02,-0.99,-0.07
593087,-0.01,-0.99,-0.08
593107,-0.02,-0.99,-0.08
593127,-0.02,-0.99,-0.08
593147,-0.02,-0.99,-0.08
593167,-0.01,-0.99,-0.09
593187,-0.01,-0.99,-0.09
593207,-0.02,-0.99,-0.09
593227,-0.02,-0.99,-0.09
593247,-0.02,-0.99,-0.09
593267,-0.02,-0.99,-0.09
593287,-0.02,-0.99,-0.09
593307,-0.02,-0.99,-0.09
593327,-0.02,-0.99,-0.09
593347,-0.02,-0.99,-0.09
593367,-0.02,-0.99,-0.09
593387,-0.02,-0.99,-0.09
593407,-0.02,-0.99,-0.09
593427,-0.02,-0.99,-0.09
593447,-0.02,-0.99,-0.09
593467,-0.02,-0.99,-0.09
593487,-0.02,-0.99,-0.10
593507,-0.02,-0.99,-0.10
593527,-0.02,-0.99,-0.10
593547,-0.02,-0.99,-0.10
593567,-0.02,-0.99,-0.10
593587,-0.02,-0.99,-0.10
593607,-0.02,-0.99,-0.10
593627,-0.01,-0.99,-0.10
593647,-0.01,-0.99,-0.10
593667,-0.02,-0.99,-0.11
593687,-0.02,-0.99,-0.11
593707,-0.01,-0.99,-0.12
593727,-0.02,-0.99,-0.11
593747,-0.01,-0.99,-0.12
593767,-0.02,-0.99,-0.12
593787,-0.01,-0.99,-0.12
593807,-0.01,-0.99,-0.12
593827,-0.02,-0.99,-0.12
593847,-0.02,-0.99,-0.11
593867,-0.02,-0.99,-0.11
593887,-0.02,-0.99,-0.11
593907,-0.02,-0.99,-0.11
593927,-0.01,-0.99,-0.12
593947,-0.01,-0.99,-0.12
593967,-0.01,-0.99,-0.11
593987,-0.01,-0.99,-0.11
594007,-0.02,-0.99,-0.11
594027,-0.02,-0.99,-0.12
594047,-0.02,-0.99,-0.12
594067,-0.02,-0.99,-0.12
594087,-0.02,-0.99,-0.12
594107,-0.01,-0.99,-0.12
594127,-0.02,-0.99,-0.12
594147,-0.02,-0.99,-0.12
594167,-0.02,-0.99,-0.12
594187,-0.02,-0.99,-0.13
594207,-0.02,-0.99,-0.12
594227,-0.02,-0.99,-0.13
594247,-0.01,-0.99,-0.13
594267,-0.01,-0.99,-0.12
594287,-0.02,-0.99,-0.12
594307,-0.02,-0.99,-0.12
594327,-0.01,-0.99,-0.12
594347,-0.01,-0.99,-0.12
594367,-0.01,-0.99,-0.12
594387,-0.02,-0.99,-0.12
594407,-0.02,-0.99,-0.13
594427,-0.01,-0.99,-0.13
594447,-0.01,-0.99,-0.13
594467,-0.01,-0.99,-0.13
594487,-0.01,-0.99,-0.13
594507,-0.01,-0.99,-0.11
594527,-0.02,-0.98,-0.15
594547,-0.01,-0.99,-0.13
594567,-0.01,-0.99,-0.13
594587,-0.01,-0.99,-0.13
594607,-0.02,-0.99,-0.13
594627,-0.02,-0.99,-0.12
594647,-0.02,-0.99,-0.12
594667,-0.01,-0.99,-0.12
594687,-0.01,-0.99,-0.13
594707,-0.01,-0.99,-0.12
594727,-0.01,-0.99,-0.13
594747,-0.01,-0.99,-0.13
594767,-0.02,-0.99,-0.13
594787,-0.02,-0.99,-0.12
594807,-0.02,-0.99,-0.12
594827,-0.02,-0.99,-0.12
594847,-0.02,-0.99,-0.12
594867,-0.02,-0.99,-0.12
594887,-0.02,-0.99,-0.12
594907,-0.02,-0.99,-0.12
594927,-0.02,-0.99,-0.12
594947,-0.01,-0.99,-0.13
594967,-0.00,-0.99,-0.14
594987,-0.01,-0.99,-0.14
595007,-0.00,-0.99,-0.14
595027,-0.01,-0.99,-0.13
595047,-0.01,-0.99,-0.13
595067,-0.02,-0.99,-0.12
595087,-0.02,-0.99,-0.13
595107,-0.01,-0.99,-0.12
595127,-0.01,-0.99,-0.12
595147,-0.02,-0.99,-0.12
595167,-0.02,-0.99,-0.11
595187,-0.02,-0.99,-0.11
595207,-0.02,-0.99,-0.12
595227,-0.02,-0.99,-0.12
595247,-0.03,-0.99,-0.12
595267,-0.02,-0.99,-0.12
595287,-0.02,-0.99,-0.12
595307,-0.02,-0.99,-0.11
595327,-0.02,-0.99,-0.11
595347,-0.01,-0.99,-0.11
595367,-0.01,-0.99,-0.11
595387,-0.01,-0.99,-0.11
595407,-0.02,-0.99,-0.11
595427,-0.03,-0.99,-0.11
595447,-0.03,-0.99,-0.10
595467,-0.03,-0.99,-0.12
595487,-0.02,-0.99,-0.09
595507,-0.02,-0.99,-0.10
595527,-0.02,-0.99,-0.10
595547,-0.02,-0.99,-0.08
595567,-0.02,-0.99,-0.10
595587,-0.03,-1.00,-0.06
595607,-0.02,-0.99,-0.09
595627,-0.01,-0.97,-0.11
595647,-0.00,-0.98,-0.08
595667,-0.09,-1.07,-0.01
595687,-0.10,-1.02,0.07
595707,0.07,-0.95,-0.13
595727,-0.01,-0.96,-0.09
595747,-0.03,-0.99,-0.05
595767,-0.06,-1.00,0.02
595787,-0.04,-0.99,-0.02
595807,-0.05,-1.00,-0.03
595827,-0.04,-1.00,-0.04
595847,-0.02,-1.00,-0.05
595867,-0.02,-1.00,-0.08
595887,-0.03,-1.00,-0.06
595907,-0.03,-0.99,-0.09
595927,-0.03,-1.00,-0.04
595947,-0.03,-0.99,-0.06
595967,-0.03,-0.99,-0.06
595987,-0.02,-0.99,-0.04
596007,-0.02,-0.99,-0.07
596027,-0.02,-1.00,-0.05
596047,-0.03,-0.99,-0.05
596067,-0.03,-0.99,-0.03
596087,-0.03,-0.99,-0.05
596107,-0.03,-0.99,-0.06
596127,-0.03,-0.99,-0.08
596147,-0.04,-1.00,-0.03
596167,-0.03,-0.99,-0.08
596187,-0.03,-0.99,-0.07
596207,-0.03,-1.00,-0.09
596227,-0.02,-0.99,-0.08
596247,-0.01,-0.99,-0.10
596267,-0.01,-0.99,-0.09
596287,-0.02,-0.99,-0.07
596307,-0.02,-0.99,-0.08
596327,-0.02,-0.99,-0.08
596347,-0.02,-0.99,-0.08
596367,-0.03,-0.99,-0.08
596387,-0.02,-0.99,-0.08
596407,-0.02,-1.00,-0.08
596427,-0.03,-0.99,-0.08
596447,-0.03,-0.99,-0.08
596467,-0.02,-0.99,-0.08
596487,-0.02,-0.99,-0.08
596507,-0.02,-1.00,-0.08
596527,-0.03,-0.99,-0.07
596547,-0.02,-0.99,-0.08
596567,-0.03,-1.00,-0.06
596587,-0.02,-0.99,-0.06
596607,-0.02,-0.99,-0.07
596627,-0.01,-0.99,-0.08
596647,-0.03,-0.99,-0.04
596667,-0.03,-1.00,-0.06
596687,-0.03,-0.99,-0.05
596707,-0.03,-0.99,-0.06
596727,-0.03,-0.99,-0.06
596747,-0.03,-0.99,-0.06
596767,-0.03,-0.99,-0.07
596787,-0.03,-0.99,-0.07
596807,-0.03,-0.99,-0.07
596827,-0.02,-1.00,-0.08
596847,-0.02,-1.00,-0.08
596867,-0.02,-0.99,-0.08
596887,-0.02,-0.99,-0.08
596907,-0.02,-0.99,-0.08
596927,-0.03,-0.99,-0.07
596947,-0.02,-0.99,-0.07
596967,-0.02,-0.99,-0.08
596987,-0.02,-0.99,-0.07
597007,-0.02,-0.99,-0.07
597027,-0.03,-0.99,-0.07
597047,-0.02,-0.99,-0.08
597067,-0.02,-0.99,-0.08
597087,-0.02,-0.99,-0.08
597107,-0.03,-0.99,-0.07
597127,-0.02,-0.99,-0.07
597147,-0.02,-0.99,-0.08
597167,-0.03,-0.99,-0.08
597187,-0.02,-0.99,-0.07
597207,-0.02,-0.99,-0.08
597227,-0.02,-0.99,-0.08
597247,-0.02,-0.99,-0.08
597267,-0.02,-0.99,-0.08
597287,-0.02,-0.99,-0.08
597307,-0.02,-0.99,-0.08
597327,-0.02,-0.99,-0.08
597347,-0.02,-0.99,-0.08
597367,-0.03,-0.99,-0.07
597387,-0.03,-0.99,-0.08
597407,-0.02,-1.00,-0.08
597427,-0.03,-0.98,-0.07
597447,0.00,-0.99,-0.09
597467,-0.07,-1.02,-0.06
597487,-0.00,-0.98,-0.08
597507,-0.02,-0.99,-0.07
597527,-0.03,-1.00,-0.07
597547,-0.02,-0.99,-0.08
597567,-0.02,-0.99,-0.07
597587,-0.02,-0.99,-0.07
597607,-0.02,-0.99,-0.08
597627,-0.02,-0.99,-0.08
597647,-0.02,-1.00,-0.08
597667,-0.02,-0.99,-0.08
597687,-0.02,-0.99,-0.10
597707,-0.02,-0.99,-0.09
597727,-0.02,-0.99,-0.09
597747,-0.02,-0.99,-0.08
597767,-0.03,-0.99,-0.08
597787,-0.02,-0.99,-0.08
597807,-0.03,-0.99,-0.08
597827,-0.03,-0.99,-0.07
597847,-0.02,-0.99,-0.07
597867,-0.02,-0.99,-0.07
597887,-0.02,-0.99,-0.08
597907,-0.01,-0.99,-0.07
597927,-0.01,-0.99,-0.08
597947,-0.01,-0.99,-0.08
597967,-0.02,-1.00,-0.08
597987,-0.01,-1.00,-0.09
598007,-0.02,-0.99,-0.08
598027,-0.03,-0.99,-0.08
598047,-0.03,-0.99,-0.08
598067,-0.03,-0.99,-0.08
598087,-0.02,-1.00,-0.08
598107,-0.02,-0.99,-0.08
598127,-0.02,-0.99,-0.09
598147,-0.02,-0.99,-0.09
598167,-0.01,-0.99,-0.09
598187,-0.01,-0.99,-0.08
598207,-0.01,-0.99,-0.08
598227,-0.01,-0.99,-0.08
598247,-0.02,-0.99,-0.09
598267,-0.02,-0.99,-0.09
598287,-0.01,-0.99,-0.09
598307,-0.02,-0.99,-0.09
598327,-0.02,-0.99,-0.09
598347,-0.02,-0.99,-0.09
598367,-0.01,-0.99,-0.09
598387,-0.02,-0.99,-0.09
598407,-0.02,-0.99,-0.09
598427,-0.02,-0.99,-0.09
598447,-0.02,-0.99,-0.10
598467,-0.02,-0.99,-0.09
598487,-0.02,-0.99,-0.09
598507,-0.02,-0.99,-0.09
598527,-0.02,-0.99,-0.09
598547,-0.02,-1.00,-0.09
598567,-0.01,-0.99,-0.09
598587,-0.01,-0.99,-0.10
598607,-0.01,-0.99,-0.09
598627,-0.01,-0.99,-0.09
598647,-0.01,-0.99,-0.10
598667,-0.01,-0.99,-0.10
598687,-0.02,-0.99,-0.09
598707,-0.02,-0.99,-0.09
598727,-0.02,-0.99,-0.09
598747,-0.02,-0.99,-0.10
598767,-0.03,-0.99,-0.09
598787,-0.02,-0.99,-0.09
598807,-0.02,-0.99,-0.09
598827,-0.02,-0.99,-0.09
598847,-0.01,-0.99,-0.09
598867,-0.01,-0.99,-0.09
598887,-0.02,-0.99,-0.09
598907,-0.02,-0.99,-0.09
598927,-0.02,-0.99,-0.09
598947,-0.02,-0.99,-0.09
598967,-0.02,-0.99,-0.09
598987,-0.02,-0.99,-0.10
599007,-0.02,-0.99,-0.10
599027,-0.02,-0.99,-0.10
599047,-0.01,-0.99,-0.09
599067,-0.02,-0.99,-0.10
599087,-0.02,-0.99,-0.10
599107,-0.02,-0.99,-0.10
599127,-0.02,-0.99,-0.10
599147,-0.02,-0.99,-0.09
599167,-0.02,-0.99,-0.09
599187,-0.02,-0.99,-0.09
599207,-0.02,-0.99,-0.09
599227,-0.02,-0.99,-0.09
599247,-0.01,-0.99,-0.09
599267,-0.01,-0.99,-0.08
599287,-0.02,-0.99,-0.08
599307,-0.02,-0.99,-0.08
599327,-0.01,-0.99,-0.09
599347,-0.02,-0.99,-0.08
599367,-0.02,-0.99,-0.08
599387,-0.02,-0.99,-0.09
599407,-0.02,-0.99,-0.08
599427,-0.03,-0.99,-0.09
599447,-0.02,-0.99,-0.09
599467,-0.03,-0.99,-0.09
599487,-0.02,-0.99,-0.08
599507,-0.02,-0.99,-0.09
599527,-0.02,-0.99,-0.09
599547,-0.02,-0.99,-0.08
599567,-0.01,-0.99,-0.08
599587,-0.01,-0.99,-0.08
599607,-0.02,-0.99,-0.08
599627,-0.02,-0.99,-0.09
599647,-0.02,-0.99,-0.09
599667,-0.02,-0.99,-0.09
599687,-0.02,-0.99,-0.09
599707,-0.02,-0.99,-0.10
599727,-0.02,-0.99,-0.11
599747,-0.02,-0.99,-0.11
599767,-0.02,-0.99,-0.12
599787,-0.01,-0.99,-0.14
599807,-0.01,-0.99,-0.15
599827,-0.02,-0.99,-0.14
599847,-0.02,-0.99,-0.15
599867,-0.02,-0.99,-0.16
599887,-0.02,-0.98,-0.15
599907,-0.02,-0.98,-0.15
599927,-0.01,-0.98,-0.17
599947,-0.00,-0.98,-0.17
599967,-0.00,-0.98,-0.18
599987,-0.01,-0.98,-0.17
600007,-0.00,-0.98,-0.17
600027,-0.01,-0.98,-0.17
600047,-0.01,-0.98,-0.18
600067,-0.02,-0.98,-0.18
600087,-0.02,-0.98,-0.18
600107,-0.02,-0.98,-0.18
600127,-0.02,-0.98,-0.19
600147,-0.02,-0.98,-0.18
600167,-0.02,-0.98,-0.18
600187,-0.01,-0.98,-0.18
600207,-0.01,-0.98,-0.19
600227,-0.01,-0.98,-0.18
600247,-0.00,-0.98,-0.19
600267,-0.01,-0.98,-0.19
600287,-0.01,-0.98,-0.18
600307,-0.01,-0.98,-0.18
600327,-0.01,-0.98,-0.19
600347,-0.02,-0.98,-0.19
600367,-0.01,-0.98,-0.19
600387,-0.01,-0.98,-0.19
600407,-0.02,-0.98,-0.19
600427,-0.02,-0.98,-0.19
600447,-0.01,-0.98,-0.20
600467,-0.01,-0.98,-0.19
600487,-0.01,-0.98,-0.19
600507,-0.02,-0.98,-0.19
600527,-0.01,-0.98,-0.19
600547,-0.01,-0.98,-0.19
600567,-0.01,-0.98,-0.19
600587,-0.01,-0.98,-0.18
600607,-0.02,-0.98,-0.18
600627,-0.01,-0.98,-0.18
600647,-0.02,-0.98,-0.19
600667,-0.02,-0.98,-0.18
600687,-0.01,-0.98,-0.18
600707,-0.02,-0.98,-0.18
600727,-0.01,-0.98,-0.18
600747,-0.01,-0.98,-0.18
600767,-0.00,-0.98,-0.18
600787,-0.01,-0.98,-0.19
600807,-0.02,-0.98,-0.18
600827,-0.02,-0.98,-0.18
600847,-0.02,-0.98,-0.18
600867,-0.02,-0.98,-0.19
600887,-0.02,-0.98,-0.19
600907,-0.02,-0.98,-0.19
600927,-0.01,-0.98,-0.18
600947,-0.01,-0.98,-0.19
600967,-0.01,-0.98,-0.19
600987,-0.01,-0.98,-0.19
601007,-0.00,-0.98,-0.19
601027,-0.01,-0.98,-0.19
601047,-0.01,-0.98,-0.19
601067,-0.01,-0.98,-0.19
601087,-0.01,-0.98,-0.20
601107,-0.01,-0.98,-0.20
601127,-0.01,-0.98,-0.20
601147,-0.01,-0.98,-0.20
601167,-0.00,-0.98,-0.21
601187,-0.00,-0.98,-0.20
601207,-0.01,-0.98,-0.20
601227,0.00,-0.97,-0.20
601247,-0.01,-0.97,-0.20
601267,-0.01,-0.97,-0.20
601287,-0.01,-0.97,-0.20
601307,-0.01,-0.97,-0.21
601327,-0.01,-0.98,-0.19
601347,-0.00,-0.98,-0.20
601367,-0.01,-0.98,-0.21
601387,-0.01,-0.98,-0.21
601407,-0.01,-0.98,-0.21
601427,-0.01,-0.98,-0.21
601447,-0.00,-0.98,-0.20
601467,0.00,-0.97,-0.20
601487,-0.00,-0.97,-0.20
601507,0.00,-0.97,-0.20
601527,-0.01,-0.98,-0.20
601547,-0.01,-0.98,-0.20
601567,-0.01,-0.98,-0.20
601587,-0.00,-0.98,-0.20
601607,-0.01,-0.98,-0.19
601627,-0.01,-0.98,-0.19
601647,-0.01,-0.98,-0.19
601667,-0.02,-0.98,-0.19
601687,-0.00,-0.97,-0.19
601707,-0.01,-0.98,-0.19
601727,-0.01,-0.97,-0.19
601747,-0.00,-0.98,-0.20
601767,-0.01,-0.98,-0.19
601787,-0.01,-0.98,-0.19
601807,-0.01,-0.98,-0.19
601827,-0.01,-0.98,-0.20
601847,-0.02,-0.98,-0.20
601867,-0.01,-0.97,-0.20
601887,-0.01,-0.98,-0.19
601907,-0.01,-0.98,-0.19
601927,0.00,-0.98,-0.21
601947,-0.00,-0.98,-0.20
601967,-0.00,-0.98,-0.20
601987,-0.00,-0.97,-0.21
602007,0.01,-0.97,-0.21
602027,0.00,-0.98,-0.21
602047,-0.00,-0.98,-0.21
602067,-0.01,-0.98,-0.21
602087,-0.00,-0.98,-0.21
602107,-0.00,-0.98,-0.21
602127,-0.02,-0.98,-0.20
602147,-0.01,-0.98,-0.19
602167,-0.00,-0.97,-0.21
602187,-0.01,-0.98,-0.19
602207,-0.01,-0.97,-0.21
602227,-0.01,-0.98,-0.19
602247,0.00,-0.97,-0.21
602267,0.00,-0.97,-0.22
602287,-0.01,-0.98,-0.20
602307,-0.01,-0.98,-0.21
602327,-0.01,-0.98,-0.21
602347,-0.01,-0.98,-0.20
602367,-0.01,-0.97,-0.21
602387,-0.00,-0.97,-0.20
602407,0.00,-0.97,-0.20
602427,-0.00,-0.98,-0.20
602447,-0.00,-0.98,-0.20
602467,-0.00,-0.97,-0.20
602487,-0.01,-0.98,-0.20
602507,-0.02,-0.98,-0.20
602527,-0.01,-0.98,-0.21
602547,-0.01,-0.98,-0.20
602567,-0.01,-0.98,-0.20
602587,-0.01,-0.98,-0.20
602607,-0.01,-0.98,-0.19
602627,-0.00,-0.98,-0.18
602647,-0.01,-0.98,-0.18
602667,-0.01,-0.97,-0.19
602687,-0.01,-0.98,-0.18
602707,-0.01,-0.98,-0.19
602727,-0.01,-0.98,-0.19
602747,-0.01,-0.98,-0.19
602767,-0.01,-0.98,-0.19
602787,-0.01,-0.98,-0.19
602807,-0.01,-0.98,-0.19
602827,-0.01,-0.98,-0.20
602847,-0.00,-0.98,-0.21
602867,-0.00,-0.98,-0.19
602887,0.00,-0.98,-0.22
602907,-0.00,-0.98,-0.20
602927,-0.00,-0.98,-0.19
602947,-0.00,-0.98,-0.20
602967,-0.00,-0.98,-0.20
602987,-0.01,-0.98,-0.20
603007,-0.01,-0.98,-0.20
603027,-0.01,-0.97,-0.20
603047,-0.01,-0.98,-0.20
603067,-0.01,-0.98,-0.20
603087,-0.00,-0.98,-0.20
603107,-0.01,-0.98,-0.20
603127,-0.00,-0.98,-0.20
603147,-0.01,-0.98,-0.20
603167,-0.01,-0.98,-0.20
603187,-0.01,-0.98,-0.20
603207,-0.01,-0.98,-0.20
603227,-0.00,-0.98,-0.20
603247,-0.00,-0.98,-0.20
603267,-0.01,-0.98,-0.20
603287,-0.01,-0.97,-0.20
603307,-0.01,-0.98,-0.20
603327,-0.01,-0.98,-0.20
603347,-0.00,-0.98,-0.21
603367,-0.00,-0.98,-0.21
603387,-0.00,-0.98,-0.21
603407,-0.01,-0.97,-0.21
603427,-0.01,-0.97,-0.20
603447,-0.00,-0.97,-0.20
603467,-0.00,-0.98,-0.21
603487,-0.00,-0.98,-0.21
603507,-0.01,-0.97,-0.21
603527,-0.00,-0.97,-0.21
603547,-0.01,-0.98,-0.21
603567,-0.01,-0.97,-0.21
603587,-0.00,-0.97,-0.21
603607,-0.00,-0.97,-0.21
603627,-0.00,-0.97,-0.21
603647,-0.00,-0.97,-0.22
603667,-0.00,-0.98,-0.22
603687,-0.01,-0.97,-0.21
603707,-0.01,-0.97,-0.21
603727,-0.00,-0.97,-0.22
603747,0.00,-0.97,-0.22
603767,0.00,-0.97,-0.21
603787,0.00,-0.97,-0.21
603807,0.01,-0.97,-0.22
603827,-0.00,-0.97,-0.22
603847,0.00,-0.97,-0.23
603867,-0.00,-0.97,-0.22
603887,-0.00,-0.97,-0.22
603907,-0.00,-0.97,-0.22
603927,0.00,-0.97,-0.23
603947,-0.01,-0.98,-0.20
603967,0.00,-0.97,-0.23
603987,-0.00,-0.98,-0.21
604007,-0.01,-0.98,-0.20
604027,-0.00,-0.97,-0.22
604047,-0.00,-0.97,-0.22
604067,-0.00,-0.97,-0.21
604087,0.00,-0.97,-0.21
604107,-0.00,-0.97,-0.21
604127,-0.00,-0.97,-0.22
604147,0.00,-0.97,-0.22
604167,-0.00,-0.97,-0.23
604187,-0.00,-0.97,-0.23
604207,-0.00,-0.97,-0.23
604227,0.00,-0.97,-0.23
604247,-0.00,-0.97,-0.22
604267,0.00,-0.97,-0.23
604287,0.00,-0.97,-0.23
604307,0.00,-0.97,-0.23
604327,0.00,-0.97,-0.23
604347,0.00,-0.97,-0.23
604367,0.00,-0.97,-0.23
604387,0.00,-0.97,-0.23
604407,0.00,-0.97,-0.22
604427,0.00,-0.97,-0.22
604447,0.00,-0.97,-0.22
604467,0.00,-0.97,-0.23
604487,0.00,-0.97,-0.22
604507,-0.00,-0.97,-0.22
604527,-0.00,-0.97,-0.22
604547,0.00,-0.97,-0.23
604567,-0.00,-0.97,-0.22
604587,0.00,-0.97,-0.22
604607,0.00,-0.97,-0.22
604627,0.00,-0.97,-0.22
604647,-0.00,-0.97,-0.22
604667,0.00,-0.97,-0.22
604687,0.00,-0.97,-0.22
604707,0.00,-0.97,-0.22
604727,-0.00,-0.97,-0.22
604747,-0.00,-0.97,-0.22
604767,0.00,-0.97,-0.22
604787,0.00,-0.97,-0.22
604807,0.00,-0.97,-0.22
604827,0.00,-0.97,-0.22
604847,0.00,-0.97,-0.22
604867,0.00,-0.97,-0.23
604887,0.00,-0.97,-0.22
604907,0.00,-0.97,-0.22
604927,0.00,-0.97,-0.22
604947,0.00,-0.97,-0.23
604967,0.00,-0.97,-0.23
604987,0.00,-0.97,-0.22
605007,-0.00,-0.97,-0.22
605027,0.00,-0.97,-0.23
605047,0.00,-0.97,-0.23
605067,0.01,-0.97,-0.23
605087,0.00,-0.97,-0.23
605107,-0.00,-0.97,-0.22
605127,-0.00,-0.97,-0.23
605147,0.00,-0.97,-0.23
605167,0.00,-0.97,-0.23
605187,-0.00,-0.97,-0.23
605207,-0.00,-0.97,-0.23
605227,0.01,-0.97,-0.23
605247,0.01,-0.97,-0.23
605267,-0.00,-0.97,-0.22
605287,-0.01,-0.97,-0.25
605307,-0.00,-0.98,-0.20
605327,0.00,-0.97,-0.22
605347,-0.01,-0.97,-0.22
605367,-0.01,-0.98,-0.21
605387,-0.00,-0.98,-0.21
605407,0.01,-0.97,-0.22
605427,-0.00,-0.97,-0.21
605447,0.00,-0.96,-0.21
605467,-0.01,-0.97,-0.22
605487,-0.05,-0.99,-0.22
605507,-0.03,-1.04,-0.12
605527,0.00,-1.01,-0.27
605547,-0.03,-0.94,-0.33
605567,-0.01,-0.94,-0.26
605587,-0.01,-0.96,-0.29
605607,-0.03,-0.93,-0.25
605627,-0.03,-0.94,-0.22
605647,-0.03,-1.00,-0.23
605667,-0.04,-1.00,-0.27
605687,-0.04,-0.95,-0.27
605707,-0.03,-0.99,-0.21
605727,-0.03,-0.97,-0.20
605747,-0.03,-0.95,-0.20
605767,-0.03,-0.98,-0.19
605787,-0.03,-1.00,-0.17
605807,-0.01,-0.93,-0.22
605827,-0.02,-0.95,-0.16
605847,-0.04,-1.01,-0.17
605867,-0.03,-0.99,-0.19
605887,-0.02,-0.98,-0.18
605907,-0.02,-0.95,-0.22
605927,-0.03,-0.99,-0.19
605947,-0.02,-1.00,-0.21
605967,-0.02,-0.96,-0.20
605987,-0.02,-0.97,-0.20
606007,-0.02,-0.97,-0.19
606027,-0.02,-0.98,-0.19
606047,-0.02,-0.97,-0.20
606067,-0.02,-0.97,-0.20
606087,-0.02,-0.96,-0.21
606107,-0.02,-0.95,-0.21
606127,-0.02,-0.99,-0.21
606147,-0.02,-0.99,-0.21
606167,-0.02,-0.98,-0.21
606187,-0.02,-0.97,-0.22
606207,-0.02,-0.97,-0.21
606227,-0.02,-1.00,-0.21
606247,-0.02,-0.98,-0.19
606267,-0.02,-0.96,-0.19
606287,-0.02,-0.97,-0.18
606307,-0.02,-0.98,-0.18
606327,-0.03,-0.97,-0.14
606347,-0.03,-1.00,-0.15
606367,-0.02,-1.00,-0.16
606387,-0.03,-0.99,-0.12
606407,-0.02,-1.00,-0.12
606427,-0.02,-0.97,-0.10
606447,-0.02,-0.98,-0.11
606467,-0.02,-0.98,-0.10
606487,-0.02,-0.97,-0.09
606507,-0.02,-0.97,-0.09
606527,-0.02,-0.96,-0.09
606547,-0.02,-0.98,-0.11
606567,-0.02,-1.03,-0.13
606587,-0.02,-1.04,-0.14
606607,-0.02,-0.98,-0.13
606627,-0.02,-0.99,-0.14
606647,-0.02,-0.99,-0.14
606667,-0.02,-0.99,-0.15
606687,-0.02,-0.99,-0.15
606707,0.00,-1.00,-0.16
606727,0.00,-0.99,-0.16
606747,-0.01,-0.98,-0.15
606767,-0.01,-0.99,-0.14
606787,-0.00,-0.99,-0.15
606807,-0.01,-0.99,-0.14
606827,0.01,-0.99,-0.15
606847,0.01,-0.99,-0.15
606867,0.00,-0.98,-0.14
606887,0.00,-0.99,-0.15
606907,0.01,-0.99,-0.14
606927,0.00,-0.99,-0.14
606947,0.01,-0.98,-0.16
606967,0.01,-0.99,-0.15
606987,0.00,-0.98,-0.15
607007,0.01,-0.99,-0.13
607027,0.00,-0.99,-0.14
607047,0.01,-0.98,-0.17
607067,0.01,-0.99,-0.17
607087,0.00,-0.98,-0.17
607107,0.01,-0.98,-0.17
607127,0.01,-0.98,-0.17
607147,0.01,-0.99,-0.17
607167,0.01,-0.99,-0.17
607187,0.01,-0.97,-0.20
607207,0.02,-0.98,-0.19
607227,0.01,-0.98,-0.18
607247,0.01,-0.97,-0.19
607267,0.01,-0.98,-0.20
607287,0.01,-0.98,-0.19
607307,0.00,-0.98,-0.17
607327,0.00,-0.98,-0.18
607347,0.01,-0.99,-0.20
607367,0.00,-0.99,-0.17
607387,0.01,-0.99,-0.16
607407,0.01,-0.98,-0.16
607427,0.01,-0.98,-0.16
607447,0.02,-0.98,-0.16
607467,0.01,-0.98,-0.15
607487,0.00,-0.98,-0.13
607507,0.00,-0.98,-0.13
607527,0.00,-0.99,-0.13
607547,0.01,-0.99,-0.14
607567,0.00,-0.99,-0.14
607587,0.00,-0.98,-0.13
607607,0.00,-0.99,-0.13
607627,-0.01,-1.00,-0.06
607647,-0.00,-0.98,-0.17
607667,0.00,-0.99,-0.16
607687,0.00,-0.98,-0.18
607707,0.00,-0.99,-0.17
607727,-0.00,-0.98,-0.18
607747,-0.00,-0.98,-0.21
607767,-0.01,-0.98,-0.17
607787,-0.00,-0.98,-0.20
607807,-0.00,-0.98,-0.22
607827,-0.01,-0.98,-0.20
607847,-0.02,-0.97,-0.21
607867,-0.02,-0.97,-0.19
607887,-0.01,-0.97,-0.22
607907,-0.01,-0.97,-0.22
607927,-0.02,-0.97,-0.21
607947,-0.02,-0.97,-0.22
607967,-0.02,-0.98,-0.21
607987,-0.03,-0.97,-0.20
608007,-0.03,-0.97,-0.21
608027,-0.03,-0.98,-0.22
608047,-0.03,-0.97,-0.22
608067,-0.02,-0.97,-0.22
608087,-0.03,-0.97,-0.22
608107,-0.03,-0.97,-0.22
608127,-0.03,-0.97,-0.22
608147,-0.04,-0.97,-0.22
608167,-0.03,-0.97,-0.22
608187,-0.03,-0.97,-0.23
608207,-0.04,-0.97,-0.23
608227,-0.04,-0.97,-0.22
608247,-0.05,-0.97,-0.22
608267,-0.04,-0.98,-0.22
608287,-0.04,-0.98,-0.22
608307,-0.03,-0.96,-0.22
608327,-0.03,-0.96,-0.23
608347,-0.03,-0.96,-0.24
608367,-0.03,-0.97,-0.23
608387,-0.04,-0.95,-0.22
608407,-0.04,-0.97,-0.23
608427,-0.05,-0.96,-0.22
608447,-0.05,-0.96,-0.24
608467,-0.05,-0.98,-0.25
608487,-0.05,-0.96,-0.26
608507,-0.05,-0.96,-0.25
608527,-0.05,-0.97,-0.25
608547,-0.04,-0.96,-0.26
608567,-0.04,-0.96,-0.26
608587,-0.04,-0.96,-0.26
608607,-0.05,-0.97,-0.25
608627,-0.05,-0.97,-0.24
608647,-0.05,-0.95,-0.25
608667,-0.04,-0.96,-0.23
608687,-0.05,-0.96,-0.24
608707,-0.05,-0.97,-0.25
608727,-0.04,-0.96,-0.25
608747,-0.03,-0.96,-0.25
608767,-0.04,-0.96,-0.25
608787,-0.04,-0.96,-0.25
608807,-0.04,-0.97,-0.25
608827,-0.04,-0.96,-0.26
608847,-0.04,-0.96,-0.26
608867,-0.04,-0.96,-0.28
608887,-0.04,-0.96,-0.28
608907,-0.05,-0.96,-0.28
608927,-0.04,-0.96,-0.28
608947,-0.04,-0.96,-0.28
608967,-0.04,-0.96,-0.28
608987,-0.04,-0.96,-0.28
609007,-0.04,-0.96,-0.28
609027,-0.05,-0.96,-0.28
609047,-0.05,-0.95,-0.27
609067,-0.05,-0.96,-0.26
609087,-0.05,-0.96,-0.26
609107,-0.05,-0.96,-0.26
609127,-0.05,-0.96,-0.27
609147,-0.04,-0.96,-0.27
609167,-0.03,-0.95,-0.29
609187,-0.03,-0.95,-0.27
609207,-0.03,-0.95,-0.29
609227,-0.02,-0.96,-0.28
609247,-0.01,-0.95,-0.28
609267,-0.01,-0.96,-0.30
609287,-0.01,-0.95,-0.29
609307,-0.02,-0.96,-0.29
609327,-0.05,-0.96,-0.30
609347,-0.07,-0.96,-0.27
609367,-0.09,-0.97,-0.23
609387,-0.09,-0.96,-0.23
609407,-0.09,-0.96,-0.25
609427,-0.08,-0.97,-0.23
609447,-0.06,-0.96,-0.24
609467,-0.04,-0.96,-0.24
609487,-0.03,-0.96,-0.26
609507,-0.02,-0.96,-0.26
609527,-0.02,-0.96,-0.29
609547,-0.02,-0.96,-0.27
609567,-0.03,-0.96,-0.29
609587,-0.05,-0.96,-0.29
609607,-0.06,-0.96,-0.28
609627,-0.05,-0.96,-0.27
609647,-0.05,-0.95,-0.28
609667,-0.04,-0.96,-0.27
609687,-0.04,-0.96,-0.25
609707,-0.04,-0.96,-0.25
609727,-0.05,-0.96,-0.24
609747,-0.05,-0.96,-0.24
609767,-0.05,-0.96,-0.26
609787,-0.05,-0.96,-0.26
609807,-0.05,-0.96,-0.26
609827,-0.05,-0.97,-0.25
609847,-0.04,-0.96,-0.27
609867,-0.04,-0.96,-0.26
609887,-0.04,-0.96,-0.27
609907,-0.04,-0.96,-0.27
609927,-0.04,-0.96,-0.27
609947,-0.04,-0.96,-0.26
609967,-0.04,-0.96,-0.28
609987,-0.04,-0.96,-0.27
610007,-0.04,-0.96,-0.27
610027,-0.04,-0.96,-0.27
610047,-0.04,-0.96,-0.27
610067,-0.04,-0.96,-0.27
610087,-0.04,-0.96,-0.27
610107,-0.03,-0.96,-0.27
610127,-0.04,-0.96,-0.27
610147,-0.03,-0.96,-0.28
610167,-0.04,-0.96,-0.28
610187,-0.04,-0.96,-0.28
610207,-0.04,-0.96,-0.27
610227,-0.04,-0.96,-0.27
610247,-0.04,-0.96,-0.27
610267,-0.04,-0.96,-0.26
610287,-0.04,-0.96,-0.27
610307,-0.04,-0.96,-0.27
610327,-0.04,-0.96,-0.27
610347,-0.04,-0.96,-0.27
610367,-0.04,-0.96,-0.27
610387,-0.04,-0.96,-0.27
610407,-0.04,-0.96,-0.27
610427,-0.03,-0.96,-0.28
610447,-0.03,-0.96,-0.28
610467,-0.03,-0.96,-0.27
610487,-0.04,-0.96,-0.28
610507,-0.04,-0.96,-0.28
610527,-0.04,-0.96,-0.27
610547,-0.04,-0.96,-0.27
610567,-0.04,-0.96,-0.27
610587,-0.04,-0.96,-0.27
610607,-0.04,-0.96,-0.27
610627,-0.04,-0.96,-0.27
610647,-0.04,-0.96,-0.28
610667,-0.04,-0.96,-0.28
610687,-0.04,-0.96,-0.29
610707,-0.03,-0.96,-0.29
610727,-0.03,-0.96,-0.29
610747,-0.04,-0.96,-0.28
610767,-0.04,-0.96,-0.28
610787,-0.04,-0.96,-0.28
610807,-0.04,-0.96,-0.27
610827,-0.04,-0.96,-0.27
610847,-0.03,-0.96,-0.27
610867,-0.04,-0.96,-0.26
610887,-0.04,-0.96,-0.26
610907,-0.04,-0.96,-0.27
610927,-0.05,-0.96,-0.26
610947,-0.04,-0.96,-0.26
610967,-0.04,-0.96,-0.26
610987,-0.04,-0.96,-0.28
611007,-0.05,-0.97,-0.25
611027,-0.05,-0.96,-0.26
611047,-0.05,-0.96,-0.27
611067,-0.05,-0.96,-0.26
611087,-0.04,-0.96,-0.26
611107,-0.05,-0.97,-0.24
611127,-0.05,-0.96,-0.24
611147,-0.04,-0.96,-0.24
611167,-0.04,-0.96,-0.24
611187,-0.05,-0.96,-0.25
611207,-0.04,-0.96,-0.26
611227,-0.04,-0.97,-0.25
611247,-0.05,-0.96,-0.28
611267,-0.05,-0.96,-0.27
611287,-0.05,-0.97,-0.26
611307,-0.04,-0.96,-0.26
611327,-0.04,-0.96,-0.26
611347,-0.05,-0.96,-0.25
611367,-0.04,-0.96,-0.25
611387,-0.04,-0.96,-0.26
611407,-0.04,-0.96,-0.26
611427,-0.04,-0.96,-0.26
611447,-0.04,-0.96,-0.24
611467,-0.04,-0.96,-0.26
611487,-0.04,-0.96,-0.26
611507,-0.04,-0.96,-0.26
611527,-0.05,-0.96,-0.26
611547,-0.05,-0.96,-0.26
611567,-0.04,-0.96,-0.27
611587,-0.04,-0.96,-0.26
611607,-0.04,-0.96,-0.26
611627,-0.04,-0.96,-0.26
611647,-0.04,-0.96,-0.26
611667,-0.04,-0.96,-0.26
611687,-0.04,-0.96,-0.26
611707,-0.04,-0.96,-0.26
611727,-0.04,-0.96,-0.27
611747,-0.04,-0.96,-0.27
611767,-0.04,-0.96,-0.27
611787,-0.05,-0.96,-0.27
611807,-0.05,-0.96,-0.26
611827,-0.04,-0.96,-0.26
611847,-0.04,-0.96,-0.25
611867,-0.04,-0.96,-0.26
611887,-0.04,-0.96,-0.25
611907,-0.04,-0.96,-0.25
611927,-0.04,-0.96,-0.26
611947,-0.04,-0.96,-0.26
611967,-0.05,-0.96,-0.26
611987,-0.05,-0.96,-0.26
612007,-0.05,-0.96,-0.26
612027,-0.05,-0.96,-0.26
612047,-0.04,-0.96,-0.25
612067,-0.04,-0.96,-0.25
612087,-0.04,-0.96,-0.25
612107,-0.03,-0.96,-0.26
612127,-0.04,-0.96,-0.26
612147,-0.05,-0.96,-0.26
612167,-0.05,-0.96,-0.26
612187,-0.05,-0.97,-0.26
612207,-0.05,-0.96,-0.26
612227,-0.05,-0.96,-0.26
612247,-0.04,-0.96,-0.26
612267,-0.04,-0.96,-0.25
612287,-0.04,-0.96,-0.25
612307,-0.04,-0.96,-0.24
612327,-0.04,-0.96,-0.24
612347,-0.04,-0.96,-0.25
612367,-0.04,-0.96,-0.26
612387,-0.04,-0.96,-0.26
612407,-0.04,-0.96,-0.26
612427,-0.04,-0.96,-0.27
612447,-0.04,-0.96,-0.27
612467,-0.03,-0.97,-0.26
612487,-0.03,-0.96,-0.28
612507,-0.02,-0.95,-0.27
612527,-0.03,-0.95,-0.28
612547,-0.04,-0.96,-0.28
612567,-0.04,-0.95,-0.28
612587,-0.05,-0.94,-0.27
612607,-0.06,-0.99,-0.31
612627,-0.25,-1.06,-0.13
612647,0.04,-0.91,-0.26
612667,0.05,-0.88,-0.39
612687,-0.05,-0.98,-0.22
612707,-0.03,-0.98,-0.22
612727,-0.01,-0.95,-0.24
612747,-0.03,-0.96,-0.25
612767,-0.05,-0.98,-0.26
612787,-0.04,-0.96,-0.28
612807,-0.05,-0.96,-0.28
612827,-0.05,-0.96,-0.28
612847,-0.04,-0.96,-0.27
612867,-0.05,-0.96,-0.25
612887,-0.04,-0.96,-0.25
612907,-0.03,-0.96,-0.26
