X,Y,Z,label
15.335200000000002,-1.0230000000000004,-8.062000000000001,3
14.384599999999999,-1.161,-8.458,3
14.621799999999999,-2.0254000000000003,-9.3272,3
15.732000000000001,-2.2218,-9.162799999999999,3
14.5086,-1.9200000000000004,-8.4586,3
14.668400000000002,-2.0212,-8.1936,3
14.6478,-1.8014000000000001,-8.0634,3
14.916800000000002,-1.7892000000000001,-8.3364,3
14.8586,-1.8725999999999998,-8.402999999999999,3
14.5338,-1.7517999999999998,-8.6122,3
14.4832,-1.9032,-8.697,3
15.468,-2.0344000000000007,-8.6572,3
15.331800000000001,-2.0771999999999995,-8.396799999999999,3
14.401200000000001,-1.9106000000000003,-8.3814,3
14.2754,-1.7579999999999998,-8.6106,3
14.213999999999999,-1.8056,-8.3158,3
14.3916,-1.7475999999999996,-8.1976,3
14.822800000000003,-1.8546,-8.1962,3
15.2646,-1.9344,-8.1366,3
14.057599999999997,-1.8314,-6.8192,3
16.958,-1.1508,-6.946600000000001,3
6.373000000000001,-0.5738000000000001,-8.308,3
-9.787999999999998,-0.35980000000000006,-9.434999999999999,3
18.073600000000003,-1.1203999999999998,-12.511,3
19.0564,-2.1256000000000004,-11.9902,3
-11.4344,-1.1022,-10.526399999999999,3
0.21820000000000006,-1.6018000000000001,-11.8414,3
12.2566,-2.6132,-12.550800000000002,3
13.457,-1.967,-12.323999999999998,3
18.2408,-0.46800000000000014,-9.4442,3
16.713999999999995,0.8310000000000001,-7.8452,3
11.411799999999998,-1.1974,-10.9682,3
10.059800000000001,-1.9826000000000001,-11.0548,3
11.8544,-0.9348000000000002,-8.895199999999999,3
12.5446,0.5664000000000001,-11.999400000000001,3
13.833,0.4996000000000001,-11.9146,3
14.3426,-1.8488,-11.474,3
14.900800000000002,-2.2582,-16.069000000000003,3
16.6172,-0.7073999999999998,-13.5032,3
17.795599999999997,0.6826000000000001,-8.4468,3
14.205599999999999,-0.2352000000000001,-8.7962,3
10.57,-0.7820000000000001,-9.9324,3
12.0918,-1.0863999999999998,-10.190999999999999,3
12.3674,-0.9024000000000001,-10.1196,3
12.579599999999997,0.2720000000000001,-10.973199999999997,3
13.9542,-1.2892,-12.2118,3
13.626399999999999,-1.8091999999999997,-13.673599999999999,3
11.897600000000002,-0.9763999999999996,-11.161,3
11.3792,0.23960000000000012,-9.146600000000001,3
11.565199999999999,-0.11600000000000005,-10.9752,3
12.808600000000002,-1.1782,-10.8386,3
16.1948,-0.6352000000000002,-14.934,3
16.7288,1.893,-14.202400000000003,3
16.1858,3.9020000000000006,-9.871000000000002,3
15.656199999999997,0.6062,-11.068400000000002,3
12.076200000000002,-1.0338,-10.742800000000003,3
13.967400000000003,-1.102,-10.503400000000001,3
15.652599999999998,-1.2489999999999999,-11.0242,3
13.3704,-0.6492,-10.5676,3
13.6908,-0.7974,-10.2354,3
14.6026,-0.7878000000000002,-10.4346,3
13.5492,-0.9572000000000002,-10.088199999999999,3
13.447799999999999,-1.251,-10.1416,3
14.2682,-1.3716,-10.041999999999998,3
13.213600000000001,-1.6153999999999997,-9.2978,3
14.427200000000001,-1.1238000000000001,-9.404,3
16.6788,-0.835,-11.2,3
15.149599999999998,-0.9946,-11.316600000000001,3
13.4664,-0.8782000000000002,-9.906799999999999,3
13.493400000000001,-0.8672,-9.869,3
14.412799999999999,-0.7378,-10.092799999999997,3
14.32,-0.7346,-10.226399999999998,3
13.757000000000003,-0.7894000000000001,-9.874600000000001,3
13.8366,-0.8466,-9.8424,3
13.848999999999998,-0.8924,-9.971599999999999,3
13.316399999999998,-0.9576,-9.818200000000001,3
13.6886,-0.8646,-9.759599999999999,3
13.890799999999999,-0.867,-9.5594,3
13.758199999999999,-0.8896,-9.5476,3
14.845800000000002,-0.5778,-9.875200000000001,3
14.5022,-0.6796,-10.1938,3
13.473999999999998,-0.9490000000000001,-9.7828,3
13.721599999999999,-1.0246000000000002,-9.3342,3
13.613599999999998,-1.0224000000000002,-9.4346,3
14.2822,-0.7372,-9.157,3
18.526000000000003,-0.26880000000000004,-9.686799999999998,3
16.851200000000002,-0.6620000000000001,-11.025599999999999,3
14.133199999999999,-1.4313999999999998,-11.0552,3
14.449999999999998,-1.594,-9.6188,3
14.048800000000002,-1.3297999999999999,-8.96,3
14.3176,-1.3154,-8.8878,3
14.703,-1.253,-8.868999999999998,3
15.259400000000001,-1.2233999999999998,-8.6318,3
17.159000000000002,-1.0863999999999998,-8.3698,3
9.056600000000001,-0.8772000000000001,-8.605,3
-2.5022,-1.357,-9.1992,3
6.064,-1.3272,-10.6292,3
14.127999999999997,-1.3115999999999999,-11.419,3
12.845999999999998,-1.4002000000000001,-11.0942,3
12.8772,-1.2054000000000002,-10.5842,3
13.1644,-1.2206000000000001,-10.649399999999998,3
13.448599999999997,-1.3610000000000002,-10.715399999999997,3
13.494599999999998,-1.4108,-10.545,3
13.4564,-1.3658,-10.656799999999999,3
12.8662,-1.3692000000000002,-11.001399999999999,3
12.8472,-1.3428,-11.180399999999999,3
13.310399999999998,-1.2619999999999998,-10.993599999999999,3
12.8688,-1.2138,-11.0154,3
14.023400000000002,-1.4116000000000002,-12.134999999999998,3
14.064199999999998,-1.4295999999999998,-12.151,3
12.809799999999997,-1.2734,-11.2018,3
19.6812,-1.4746000000000001,-11.1068,3
23.0116,-1.5726000000000002,-10.730800000000002,3
16.258399999999998,-1.5028,-9.825600000000001,3
13.485999999999999,-1.4996,-9.699599999999998,3
14.871400000000001,-1.4067999999999998,-9.764800000000001,3
15.5284,-1.4398,-9.2996,3
11.483000000000002,-1.6172000000000002,-10.0486,3
9.0628,-1.6492000000000002,-10.868,3
13.833599999999999,-1.6042,-10.1502,3
15.8752,-1.5235999999999998,-9.596400000000001,3
13.8248,-1.7138,-10.0024,3
16.6274,-2.6684,-9.5448,3
0.5218000000000002,-3.4202000000000004,-15.8544,2
2.8234000000000004,-3.6874000000000007,-14.791400000000001,2
-0.0738,-0.3526000000000002,-13.606599999999998,2
1.4899999999999998,-1.8342,-13.3776,2
2.4256,-3.8279999999999994,-15.463799999999999,2
1.3279999999999998,-2.6324,-13.9922,2
-0.013199999999999861,-3.0112000000000005,-13.669400000000003,2
-1.7890000000000004,-3.9682,-16.8582,2
-2.1374,-2.9065999999999996,-15.112399999999997,2
0.74,-3.3382000000000005,-13.8138,2
0.01940000000000004,-1.8483999999999998,-14.175199999999997,2
0.10799999999999998,-1.6922,-14.633799999999999,2
8.920000000000002,-8.948,-16.2742,2
9.374,-7.4384000000000015,-15.741000000000001,2
2.0758000000000005,-1.803,-14.744200000000001,2
-1.9987999999999997,-1.6325999999999998,-14.351400000000002,2
-0.7189999999999998,-2.3294,-14.1512,2
2.4465999999999997,-4.7978000000000005,-15.204599999999997,2
-6.0122,-1.8366,-15.331600000000002,2
-11.173800000000002,-0.5776,-14.5744,2
-0.2407999999999997,-3.4577999999999998,-14.226400000000002,2
5.283200000000001,-4.7322,-15.965,2
1.6329999999999998,-4.2238,-15.9504,2
0.6954,-3.3820000000000006,-14.4296,2
0.6528,-3.4303999999999997,-14.3918,2
0.7016,-3.3604,-14.493799999999998,2
0.8711999999999999,-3.4272000000000005,-14.548800000000002,2
0.754,-3.4837999999999996,-14.093000000000002,2
0.7086000000000001,-3.427,-13.885,2
1.0382,-3.4958,-14.396999999999998,2
0.7567999999999999,-3.5499999999999994,-14.7574,2
0.1072,-3.4092,-14.078599999999996,2
0.2918,-3.5557999999999996,-14.100199999999997,2
0.7372,-3.5999999999999996,-14.727600000000002,2
0.8524,-1.801,-13.5042,2
1.4248000000000003,-2.1726,-14.862200000000003,2
1.4416,-4.2998,-16.477999999999998,2
0.9634000000000001,-3.9088000000000007,-15.1324,2
0.8881999999999999,-3.5218000000000007,-14.934000000000001,2
1.007,-3.4166,-14.750399999999999,2
0.8402000000000001,-3.141600000000001,-14.431199999999999,2
0.6896,-3.2822000000000005,-14.776200000000001,2
0.8549999999999999,-3.2796,-14.533399999999999,2
0.5599999999999999,-3.6120000000000005,-15.44,2
0.9366,-3.8112,-15.7732,2
0.9194,-3.3112,-14.735999999999999,2
0.7064,-3.3262,-14.683800000000002,2
1.0937999999999999,-3.714200000000001,-14.7314,2
0.8156,-3.6262,-14.683399999999999,2
0.8697999999999999,-3.492,-14.639800000000001,2
1.092,-3.4586,-14.305800000000001,2
1.1808,-3.3998000000000004,-14.106200000000001,2
2.5282,-3.5153999999999996,-14.499399999999998,2
4.5372,-2.6364000000000005,-14.318399999999999,2
-4.0152,-1.6864,-16.724800000000002,2
-5.865999999999999,-3.0506000000000006,-21.365,2
1.6471999999999998,-3.8055999999999996,-15.901800000000001,2
1.0617999999999999,-4.2696,-10.9134,2
0.7743999999999999,-4.1796,-12.822000000000001,2
1.2066000000000001,-3.5183999999999997,-13.0786,2
1.2866,-3.7924,-14.057,2
1.7589999999999997,-3.6654,-14.6406,2
2.1919999999999997,-3.4679999999999995,-14.655600000000002,2
2.1996,-3.3882000000000003,-14.5886,2
1.9243999999999997,-3.4419999999999993,-14.771999999999998,2
1.7238,-3.714,-16.1474,2
1.4897999999999998,-3.7212,-15.908999999999999,2
0.8536000000000001,-3.3093999999999992,-14.530000000000003,2
1.0464,-3.310400000000001,-14.613599999999998,2
0.3136,-2.6022000000000003,-14.475199999999997,2
-1.1872,-1.5592000000000001,-14.3616,2
-0.29239999999999994,-3.1842000000000006,-14.458599999999999,2
0.5826,-4.375799999999999,-14.671,2
0.25100000000000006,-3.3796000000000004,-14.3084,2
0.7832000000000001,-3.3945999999999996,-14.3798,2
0.8028,-3.4568,-14.8664,2
2.5391999999999997,-1.6878000000000002,-14.376799999999998,2
2.8496000000000006,2.025,-13.5672,2
0.1596000000000001,9.101,-16.6642,2
-2.294,2.2543999999999995,-17.124399999999998,2
0.9279999999999998,-15.111200000000002,-16.049200000000003,2
10.391399999999999,-11.49,-15.5054,2
26.541999999999998,-0.6478000000000003,-13.528999999999998,2
23.555799999999998,-0.08360000000000026,-15.6874,2
-20.5092,-0.8193999999999997,-16.847399999999997,2
-49.461400000000005,-4.9836,-16.802,2
-11.748199999999999,-6.515,-21.0502,2
20.6648,-1.3214,-16.3148,2
8.813200000000002,-2.3782,-10.4954,2
1.1150000000000002,-4.5808,-13.944200000000002,2
0.6948000000000001,-3.4276,-14.6496,2
0.6988,-3.0269999999999997,-14.1608,2
0.44060000000000005,-2.8406000000000002,-14.009000000000004,2
0.601,-2.8339999999999996,-14.124199999999998,2
0.753,-2.8444,-14.225600000000002,2
0.6668000000000001,-3.0833999999999997,-14.659,2
0.7173999999999999,-2.9496,-14.686,2
0.767,-2.5953999999999997,-14.416799999999999,2
0.7024000000000001,-2.5858,-14.3552,2
0.6314,-2.9056,-14.456,2
0.6694,-2.7403999999999997,-14.4082,2
0.5958,-2.5833999999999997,-14.4992,2
0.7166,-2.9021999999999992,-14.390999999999998,2
0.695,-2.9062000000000006,-14.359799999999998,2
0.6382000000000001,-2.9265999999999996,-14.632600000000002,2
0.8242,-2.8596,-14.395599999999996,2
0.772,-2.7536,-14.493799999999998,2
0.5927999999999999,-2.7809999999999997,-14.544999999999998,2
0.6763999999999999,-2.9164,-14.449399999999999,2
0.7178,-3.2196000000000002,-16.026600000000002,2
0.6461999999999999,-2.9614000000000003,-16.138199999999998,2
0.6722,-2.7190000000000003,-14.515800000000002,2
0.6174000000000001,-2.7516000000000003,-14.2042,2
0.6437999999999999,-2.8724000000000003,-14.411599999999996,2
0.45280000000000004,-2.9164,-14.779799999999998,2
0.49779999999999996,-2.7976,-14.9274,2
0.6669999999999999,-2.8624,-14.829399999999998,2
0.45419999999999994,-2.8522,-14.7704,2
0.5198,-2.8348,-14.6402,2
0.6506000000000001,-2.9130000000000003,-14.627600000000003,2
0.7160000000000001,-2.873799999999999,-14.733200000000002,2
0.7568,-2.6661999999999995,-14.6324,2
0.7411999999999999,-2.5958000000000006,-14.6826,2
0.6384000000000001,-2.705,-14.805,2
0.5814,-2.8651999999999997,-14.6032,2
0.6972000000000002,-2.898,-14.6536,2
0.7699999999999999,-2.810400000000001,-14.709000000000001,2
0.8271999999999998,-2.758,-14.445199999999998,2
0.6834,-2.7538000000000005,-14.763200000000001,2
0.5468000000000001,-2.8848000000000003,-14.739,2
0.4684,-3.0192,-14.5198,2
0.5578,-3.2434000000000003,-15.9746,2
0.6078,-3.0570000000000004,-15.838400000000002,2
0.505,-2.8844,-14.8462,2
0.48460000000000003,-2.9812,-14.7528,2
0.447,-2.9315999999999995,-14.336000000000002,2
0.5236,-3.0132,-14.540200000000002,2
0.5736,-3.0698000000000003,-14.407599999999997,2
0.5774,-3.0174000000000003,-14.193399999999999,2
0.627,-3.0735999999999994,-14.559199999999999,2
0.7911999999999999,-3.2327999999999997,-14.775,2
0.7293999999999999,-3.135,-14.828,2
0.6202000000000001,-3.0346,-15.0078,2
0.583,-3.1042,-14.873200000000002,2
0.7766000000000001,-3.0025999999999997,-14.641599999999999,2
0.7206000000000001,-2.9138,-14.723999999999998,2
0.423,-2.9715999999999996,-14.6138,2
0.5057999999999999,-2.8199999999999994,-14.4606,2
0.6648,-2.7758,-14.5228,2
0.6834000000000002,-2.9254,-14.5626,2
0.529,-3.0448000000000004,-14.780600000000002,2
0.8432,-2.4274000000000004,-14.533199999999999,2
1.8114,-0.24780000000000008,-14.3552,2
-0.9144,-1.3668,-16.765800000000002,2
-0.9808000000000001,-4.9302,-16.6646,2
1.4939999999999998,-4.9963999999999995,-14.538000000000002,2
0.6706,-3.5284000000000004,-14.4266,2
0.5851999999999999,-3.126400000000001,-14.246199999999998,2
0.6254,-3.188,-14.462200000000001,2
0.6978,-3.0491999999999995,-14.569999999999999,2
0.5282,-2.9290000000000003,-14.821200000000001,2
0.4212,-2.8082,-14.687800000000003,2
0.3780000000000001,-2.8514,-14.651800000000001,2
0.5158,-2.9857999999999993,-14.890999999999998,2
0.7053999999999999,-2.7122,-14.800000000000002,2
0.583,-1.6611999999999998,-14.570399999999998,2
0.8001999999999999,-1.3972,-14.226400000000002,2
0.8367999999999999,-2.5943999999999994,-14.22,2
1.2812000000000001,-3.6396,-14.4386,2
1.6184,-3.4378,-14.337,2
1.016,-3.015,-14.3254,2
0.7212,-2.9172000000000002,-14.588200000000004,2
0.5282,-2.7133999999999996,-14.7216,2
0.5115999999999999,-2.7812,-14.765799999999997,2
0.6086,-2.9090000000000003,-14.7412,2
0.711,-3.3640000000000003,-15.988600000000002,2
0.7064,-3.3188,-16.0762,2
0.5052,-2.745,-14.8402,2
0.3423999999999999,-2.6638,-14.483999999999998,2
0.48879999999999996,-2.7286,-14.385400000000002,2
0.7726,-2.9053999999999998,-14.6328,2
0.7256,-3.0230000000000006,-14.4248,2
0.5452000000000001,-2.891,-14.411799999999998,2
0.451,-2.889,-14.4782,2
0.49,-2.92,-14.5068,2
0.5112000000000001,-2.8928,-14.6646,2
0.531,-2.9308000000000005,-14.728000000000002,2
0.5453999999999999,-2.8862,-14.607800000000003,2
0.5341999999999999,-2.198,-14.216600000000001,2
0.3048,-1.1804000000000001,-13.940199999999999,2
0.41700000000000004,-2.0264,-14.348199999999999,2
0.7087999999999998,-3.1216000000000004,-14.650799999999998,2
0.6225999999999999,-2.9976000000000003,-14.531199999999998,2
0.6144,-3.2293999999999996,-14.575600000000001,2
0.6161999999999999,-3.2465999999999995,-14.279200000000001,2
0.5804,-2.975,-14.3302,2
0.47320000000000007,-2.9297999999999997,-14.650800000000002,2
0.4586,-3.24,-16.000799999999998,2
0.6080000000000001,-2.9914,-15.617800000000003,2
0.6046,-2.7483999999999997,-14.057800000000002,2
0.5087999999999999,-2.9676,-14.472999999999999,2
-3.1677999999999997,0.7166000000000001,-16.5628,2
0.03980000000000008,-3.2081999999999997,-18.489199999999997,2
3.4790000000000005,-6.270599999999999,-16.064,2
0.491,-2.3486000000000002,-14.325800000000001,2
0.5364,-2.6799999999999993,-14.26,2
0.4712000000000001,-2.5542000000000002,-13.302800000000001,2
0.7136000000000001,-2.5058000000000002,-13.3568,2
0.6433999999999999,-2.6752000000000002,-13.4506,2
0.7637999999999999,-2.7448000000000006,-13.616799999999998,2
0.6738,-2.1618000000000004,-13.689200000000001,2
0.7683999999999999,-0.6186,-12.604399999999998,2
0.6392,-1.5338,-14.354400000000004,2
2.3746,-6.7467999999999995,-16.4044,2
1.6511999999999998,-6.106200000000001,-14.9674,2
-0.43620000000000003,-2.6712000000000002,-13.9002,2
0.6214,-2.9665999999999997,-13.86,2
1.0212,-3.3838,-15.589400000000001,2
0.7574,-3.3282,-15.400799999999998,2
0.9357999999999999,-3.0942000000000007,-13.453800000000001,2
0.9192,-3.2542,-13.965399999999999,2
0.8790000000000003,-2.9726,-14.2584,2
0.8210000000000001,-2.9424,-13.9834,2
0.6852000000000001,-2.8760000000000003,-14.550600000000001,2
0.7488000000000002,-2.9808,-14.8456,2
0.5986,-3.2272,-14.707399999999998,2
0.655,-3.2568,-14.610399999999997,2
0.9379999999999998,-3.2916,-14.6162,2
1.0785999999999998,-3.0676,-14.4542,2
0.8495999999999999,-2.8709999999999996,-14.4186,2
1.0292000000000001,-3.0602,-14.273,2
1.5284000000000004,-3.3764,-14.2444,2
1.6734,-3.5498000000000003,-14.607999999999999,2
0.9406,-3.3722000000000003,-14.599,2
0.43860000000000016,-2.9822,-14.3676,2
0.8814,-3.065,-14.782599999999997,2
1.5168000000000001,-3.3594,-15.145999999999999,2
1.3956,-3.3012,-14.9636,2
1.7326000000000001,-3.0799999999999996,-14.5714,2
1.7114000000000003,-3.5176000000000003,-15.892800000000001,2
0.7946000000000001,-3.5888000000000004,-16.200599999999998,2
0.8378,-3.0315999999999996,-14.736800000000002,2
1.0814000000000001,-3.0463999999999998,-14.857400000000002,2
-2.7476,-5.4284,-1.2966,3
-15.9406,-10.3016,-1.3404000000000003,3
-10.415399999999998,-8.807599999999999,-0.5832,3
6.070200000000001,-2.5193999999999996,-0.0724,3
2.8428000000000004,-2.3733999999999997,-0.8834000000000001,3
0.1298000000000001,-3.589,-1.4172,3
-1.193,-4.233600000000001,-1.3766,3
-0.5574,-5.0436000000000005,0.2112,3
-4.651,-5.979,-1.983,3
-4.7398,-5.176800000000001,-4.276599999999999,3
-1.6906,-4.6508,-2.2152000000000003,3
-2.2258000000000004,-4.3736,-1.638,3
-1.675,-4.0806000000000004,-1.6840000000000002,3
-2.1358,-4.5360000000000005,-2.0076,3
-2.3498,-5.287999999999999,-2.0532,3
-1.7597999999999998,-5.222800000000001,-2.0239999999999996,3
-1.6092,-5.078399999999999,-2.2948,3
-2.4842,-4.786999999999999,-2.2428,3
-3.1548,-4.908,-2.2119999999999997,3
-3.1845999999999997,-4.8384,-2.2392000000000003,3
-2.5827999999999998,-4.7008,-2.1154,3
-1.4002,-4.913200000000001,-2.1754,3
-14.4944,-9.532599999999999,-0.688,3
-24.0614,-12.0924,-1.5012000000000003,3
-9.6812,-6.919400000000001,-2.1438,3
0.7133999999999999,-4.030399999999999,-0.5526,3
0.30239999999999995,-3.9575999999999993,-0.5701999999999999,3
-0.9388000000000001,-3.9065999999999996,-0.31199999999999994,3
-1.5482000000000002,-4.1415999999999995,-0.14579999999999996,3
-1.5804000000000002,-4.2186,-0.22599999999999995,3
-0.904,-4.309399999999999,-0.14259999999999995,3
2.7582,-3.5374,-0.06099999999999995,3
3.7312,-2.5432,-0.8077999999999999,3
0.5041999999999999,-3.8383999999999996,-0.4898,3
-4.397,-5.683400000000001,0.05199999999999998,3
-4.9824,-5.253999999999999,-0.43019999999999997,3
-1.4367999999999999,-4.5329999999999995,-0.7401999999999999,3
-1.6879999999999997,-3.8304,-0.9308,3
-4.122,-4.0278,-1.0852,3
-8.3298,-5.935599999999999,-1.3694,3
-6.543200000000001,-5.614,-0.49479999999999996,3
-2.2700000000000005,-4.416799999999999,-0.026799999999999963,3
-2.123,-4.225599999999999,-0.49860000000000004,3
-1.6491999999999998,-4.3468,-0.068,3
-1.75,-4.464600000000001,-0.31259999999999993,3
-2.1196,-4.5174,-0.5459999999999999,3
-2.1615999999999995,-4.4976,-0.2536,3
-2.7502,-4.188400000000001,-0.7222,3
-3.3082,-4.2932,-1.2326,3
-3.4633999999999996,-3.6242,-1.1478000000000002,3
-3.1332,-2.7944000000000004,-1.0116,3
-3.4698,-3.2423999999999995,-1.393,3
-1.9922,-4.404599999999999,-0.14220000000000005,3
-1.3740000000000003,-4.8642,0.5672,3
-1.5936000000000001,-4.5504,0.30940000000000006,3
-1.8166,-4.7676,0.0902,3
-2.988399999999999,-4.7379999999999995,-0.5482,3
-3.2729999999999997,-4.617999999999999,-0.7532,3
-3.0238,-5.0576,-0.07399999999999993,3
-1.0158,-4.654599999999999,0.3720000000000001,3
3.3038,-3.9168000000000003,-0.4322,3
8.939200000000001,-3.4783999999999997,0.11699999999999988,3
0.3042000000000005,-6.4122,2.1484000000000005,3
-9.6234,-6.616600000000001,-0.7271999999999998,3
-8.259399999999998,-2.9168000000000003,-4.505599999999999,3
-3.2652000000000005,-2.534,-2.8562,3
0.4757999999999999,-4.0924000000000005,-1.923,3
-0.7121999999999999,-4.593,-2.1977999999999995,3
-1.5826000000000002,-4.092600000000001,-1.4572,3
-2.4221999999999997,-4.303800000000001,-1.2126,3
-2.8332000000000006,-4.3286,-1.6829999999999998,3
-3.0764000000000005,-4.3396,-1.722,3
-5.730600000000001,-6.571999999999999,0.41159999999999997,3
0.3472000000000004,-7.287800000000001,0.07260000000000003,3
12.874600000000001,-5.1672,-1.6692000000000002,3
-0.8010000000000003,-4.5694,-3.2086000000000006,3
-22.0614,-6.1558,-4.0094,3
-8.407,-5.288200000000001,-4.952,3
4.4062,-2.3522,-6.6446000000000005,3
9.3618,-0.9076000000000001,-5.371200000000001,3
11.580399999999997,-5.1666,2.0618,3
-14.7432,-9.3858,3.8818,3
-22.544999999999995,-7.144400000000002,-2.1792,3
-5.480399999999999,-4.331199999999999,-2.84,3
0.08900000000000005,-3.5343999999999998,-1.7968000000000002,3
-1.2082,-4.2006000000000006,-1.3158,3
-2.6395999999999997,-4.1712,-1.6488,3
-4.0851999999999995,-4.239000000000001,-2.4448,3
-7.0148,-5.680399999999999,-2.2334000000000005,3
-4.338799999999999,-4.7364,-1.2953999999999999,3
-1.5263999999999995,-3.3819999999999997,-1.2329999999999999,3
-3.1686,-4.3538,-1.4928000000000003,3
-2.792,-4.2294,-1.4435999999999996,3
-1.8863999999999999,-4.763599999999999,-0.8986,3
-2.1786,-4.754599999999999,-1.1318000000000001,3
-3.3242000000000003,-4.3902,-1.62,3
0.9036000000000002,-4.412999999999999,-1.5070000000000001,3
3.0039999999999996,-4.2954,-1.5724,3
-1.5741999999999998,-4.306399999999999,-2.0046,3
-2.3910000000000005,-4.911600000000001,-1.8494000000000002,3
-2.3920000000000003,-5.3386000000000005,-1.9347999999999999,3
-3.6291999999999995,-3.9627999999999997,-2.875,3
-3.4194,-3.9123999999999994,-2.6948000000000003,3
-3.3786,-5.5594,-2.3436000000000003,3
-2.6308,-5.742999999999999,-2.5484000000000004,3
-2.3739999999999997,-5.764800000000001,-2.7672000000000003,3
-3.1631999999999993,-5.576600000000002,-3.1924,3
-3.8590000000000004,-4.9418,-3.6184,3
-5.312799999999999,-4.765199999999999,-4.5144,3
-9.245799999999997,-6.2286,-3.9787999999999992,3
-6.3136,-6.356600000000001,-0.8064,3
-1.001,-3.6852,-0.02720000000000005,3
0.44960000000000006,-1.0122,-2.8369999999999997,3
0.9084,-1.5328000000000004,-4.676800000000001,3
0.4016,-4.1678,-4.1254,3
-2.1104,-5.1226,-3.5417999999999994,3
-4.0565999999999995,-4.9033999999999995,-3.1934000000000005,3
-2.698,-4.4963999999999995,-2.7105999999999995,3
-3.8449999999999993,-4.211600000000001,-3.3422,3
-4.6533999999999995,-4.3156,-3.6224000000000003,3
-4.0938,-4.8928,-3.2618,3
-3.2212000000000005,-4.8256,-2.9108,3
-3.0439999999999996,-4.612399999999999,-2.8087999999999997,3
4.2852,-11.0874,-5.273199999999999,4
-4.254000000000001,-16.8506,-5.8002,4
-6.227,-23.593200000000003,-4.5638,4
2.4082,-19.825599999999998,-1.0526,4
4.902600000000001,-12.722200000000003,-2.4792,4
1.6140000000000003,-9.9252,-6.6086,4
-2.1276000000000006,-11.5714,-8.299,4
1.2838000000000003,-11.7998,-6.461,4
5.560599999999999,-6.2542,-5.937799999999999,4
4.2278,-2.1822000000000004,-6.630000000000001,4
4.2048000000000005,-3.1072,-7.478000000000001,4
6.3828,-8.1398,-8.4036,4
2.9542,-12.505599999999998,-8.0992,4
1.9122,-12.587800000000001,-7.601600000000001,4
3.4819999999999993,-11.2198,-7.4803999999999995,4
9.8226,-10.095600000000001,-6.185599999999999,4
8.6234,-14.541599999999999,-6.4324,4
2.0166000000000004,-15.4472,-8.811,4
0.5299999999999998,-9.1874,-12.506999999999998,4
-0.10140000000000007,-6.565,-13.175999999999998,4
1.274,-9.8464,-7.9222,4
2.0402,-13.637599999999999,-7.053999999999999,4
2.0264,-12.7124,-9.9918,4
2.2478,-10.455800000000002,-8.794999999999998,4
3.1090000000000004,-12.908199999999999,-5.312599999999999,4
1.0119999999999998,-13.546199999999999,-7.0296,4
0.3648,-12.269,-9.113,4
2.4816000000000003,-12.483399999999996,-8.329399999999998,4
2.6471999999999998,-11.774599999999998,-8.767800000000001,4
3.4454000000000002,-11.8276,-8.602800000000002,4
2.7489999999999997,-13.4222,-7.570399999999999,4
1.0654,-13.2474,-7.095600000000001,4
1.8716,-11.847999999999999,-7.8494,4
1.2656,-11.4266,-8.698400000000001,4
2.0713999999999997,-13.059000000000001,-6.4714,4
2.8712,-12.396400000000003,-7.2838,4
1.4755999999999998,-12.453,-10.2838,4
3.1060000000000003,-14.638399999999999,-7.657,4
3.406999999999999,-12.758199999999999,-7.221200000000001,4
2.4476,-11.2894,-8.5934,4
2.4672,-11.834800000000003,-7.7774,4
2.5084,-11.5276,-8.1726,4
2.1405999999999996,-11.981399999999999,-8.0262,4
0.9347999999999999,-11.804400000000001,-8.070799999999998,4
1.5213999999999999,-9.872000000000002,-9.5016,4
1.0241999999999998,-9.553,-9.218599999999999,4
0.9635999999999999,-11.6686,-7.9639999999999995,4
3.5639999999999996,-13.749799999999999,-7.0716,4
3.1876000000000007,-13.430800000000001,-5.8717999999999995,4
1.0084000000000002,-11.784399999999998,-6.536199999999999,4
1.5275999999999998,-12.648399999999999,-7.377399999999999,4
3.3613999999999997,-14.494200000000001,-6.5489999999999995,4
3.217799999999999,-13.1298,-6.551800000000001,4
2.0678,-11.001599999999998,-7.6282000000000005,4
0.46560000000000007,-8.5434,-10.071800000000001,4
-0.1620000000000001,-7.565,-11.123000000000001,4
1.2086,-10.1556,-8.9278,4
1.9396000000000004,-12.8102,-8.8522,4
2.1968,-12.696,-9.1964,4
2.3732,-11.5926,-8.2412,4
2.0296000000000003,-13.148400000000002,-8.0754,4
1.6176,-13.003800000000002,-8.1812,4
1.38,-12.026800000000001,-8.051400000000001,4
0.89,-12.4846,-7.631400000000001,4
1.1952,-11.934000000000001,-8.1606,4
1.848,-11.9346,-7.9786,4
1.6906,-12.420600000000002,-7.6644000000000005,4
1.656,-12.7156,-7.571599999999998,4
2.917,-14.6144,-6.475600000000001,4
3.2256,-14.6164,-6.433000000000001,4
1.5214,-13.056999999999999,-7.0164,4
1.2686000000000002,-12.345600000000001,-7.195400000000001,4
1.807,-12.373800000000001,-7.305599999999999,4
2.13,-12.125200000000001,-7.300400000000001,4
1.6472,-11.4296,-7.501800000000002,4
1.1502,-12.114799999999997,-7.158200000000001,4
1.4982,-12.203999999999999,-7.4596,4
1.4878,-11.8708,-7.7665999999999995,4
1.8065999999999998,-13.277399999999998,-8.0074,4
1.7826,-13.116800000000001,-7.6348,4
1.2368000000000001,-12.257200000000003,-6.4563999999999995,4
0.43480000000000013,-10.921800000000001,-8.1732,4
0.8854,-10.505,-9.0418,4
1.6062,-12.016799999999998,-7.5771999999999995,4
1.5988,-12.1614,-6.966199999999999,4
2.0926,-12.8918,-6.6776,4
2.0372,-12.620999999999999,-6.789799999999999,4
2.1006,-11.4448,-7.5416,4
1.5279999999999998,-10.7326,-8.389000000000001,4
0.5475999999999999,-10.333799999999998,-8.441799999999999,4
2.0181999999999998,-11.5654,-6.6096,4
2.5784000000000002,-12.922800000000002,-5.869400000000001,4
1.3042000000000002,-11.730600000000003,-7.7334,4
1.6728,-11.079600000000001,-8.0652,4
1.7716000000000003,-12.5058,-6.6326,4
2.5366,-14.261599999999998,-5.4636000000000005,4
2.3930000000000002,-13.7108,-5.7824,4
0.747,-12.231999999999998,-6.9606,4
1.1256,-11.879399999999999,-7.1979999999999995,4
1.8926000000000003,-13.252199999999998,-7.662999999999999,4
1.6007999999999998,-13.2568,-7.9442,4
1.0406,-11.2948,-7.578,4
1.1860000000000002,-11.378599999999999,-7.724600000000001,4
1.5746,-11.538799999999998,-7.5314,4
1.4832000000000003,-11.163599999999999,-7.375000000000001,4
1.2806,-10.6088,-8.145000000000001,4
1.1946,-11.4518,-7.8942,4
0.9179999999999998,-14.028199999999996,-5.9342,4
1.0595999999999999,-14.558800000000002,-4.5978,4
1.6625999999999999,-13.377200000000002,-5.0207999999999995,4
1.7704,-11.6904,-6.602199999999999,4
1.547,-11.548200000000001,-6.8918,4
1.6322000000000003,-13.566600000000001,-5.465999999999999,4
2.0658,-14.185799999999997,-5.5466,4
2.6846000000000005,-12.714400000000001,-6.361800000000001,4
2.9018,-12.0858,-6.4124,4
1.3755999999999997,-13.605,-5.8404,4
0.9041999999999999,-12.965399999999999,-6.0771999999999995,4
2.0968,-12.1172,-6.2078,4
2.6624,-13.170000000000002,-5.6076,4
2.9070000000000005,-13.593800000000002,-6.960799999999999,4
2.3095999999999997,-13.082599999999998,-7.151799999999998,4
1.8332000000000002,-12.9992,-5.8108,4
8.828,6.151400000000002,-6.3958,4
8.839400000000001,4.8718,-7.4852,4
9.9724,5.231600000000001,-7.405399999999999,4
9.0672,5.2412,-6.8328,4
7.667199999999999,4.8728,-7.4968,4
8.099399999999997,4.8936,-7.3942,4
8.313999999999998,5.267799999999999,-7.189399999999999,4
8.2798,5.699199999999999,-6.995799999999999,4
8.6686,5.813799999999999,-6.254599999999999,4
6.1668,2.9354,-7.9802,4
6.510599999999998,1.3524,-11.957799999999999,4
11.651799999999998,6.232400000000001,-9.1844,4
11.67,6.5844,-5.0534,4
8.4598,3.3524000000000003,-6.800800000000001,4
8.8482,5.3268,-7.973599999999999,4
7.639800000000001,3.3438,-10.199599999999998,4
7.515,2.2292,-9.691000000000003,4
9.3178,4.9546,-6.918200000000001,4
8.896,5.0504,-7.1816,4
8.6596,5.5569999999999995,-7.584400000000001,4
8.6142,5.4086,-7.276000000000002,4
8.630199999999999,3.4072000000000005,-6.6018,4
9.6326,5.239199999999999,-7.5618,4
9.805399999999999,6.5888,-7.8957999999999995,4
8.620999999999999,4.2328,-6.7989999999999995,4
9.135200000000001,4.328200000000001,-6.772600000000001,4
9.4092,4.9444,-6.801799999999999,4
9.2228,4.6002,-6.807199999999999,4
9.0138,4.6224,-7.090199999999999,4
8.544599999999999,4.1418,-6.367599999999999,4
11.472200000000003,5.6626,-3.8297999999999996,4
10.304400000000003,7.8946000000000005,-5.7374,4
8.5212,4.364599999999999,-8.183,4
14.970799999999999,2.5547999999999993,-6.863199999999999,4
13.143600000000001,3.406,-6.477799999999999,4
8.3706,4.3776,-6.451199999999999,4
8.3794,4.484399999999999,-6.7542,4
8.0724,3.6559999999999997,-6.833600000000001,4
9.484,5.2825999999999995,-6.4936,4
8.4654,4.8042,-6.478400000000001,4
7.3908000000000005,4.49,-7.420799999999999,4
8.8716,4.91,-7.8014,4
8.7376,4.1814,-6.868600000000002,4
10.029399999999999,5.0552,-6.9812,4
10.373199999999999,5.7452000000000005,-7.613,4
9.1074,5.719399999999999,-7.2496,4
8.6714,5.2798,-6.986599999999998,4
7.702000000000002,4.061,-6.92,4
7.611000000000001,4.5086,-6.039599999999999,4
7.6986,5.111199999999999,-6.2606,4
7.928999999999999,3.4700000000000006,-7.355999999999999,4
8.6536,3.3998000000000004,-7.124200000000001,4
9.623999999999999,5.661600000000001,-7.050400000000001,4
9.385399999999999,5.732200000000001,-6.986799999999999,4
8.6118,4.6621999999999995,-6.673399999999999,4
8.5922,4.936599999999999,-6.8438,4
8.6766,4.950399999999999,-6.4978,4
8.9438,4.384,-5.6659999999999995,4
9.699599999999998,3.8942,-6.589000000000001,4
9.1144,4.5564,-7.0456,4
7.761999999999998,4.1656,-6.2472,4
8.636000000000001,4.1334,-6.6668,4
8.91,4.7024,-8.2524,4
7.6764,3.8486000000000002,-7.988200000000001,4
10.8974,7.555199999999998,-7.521600000000001,4
10.6022,8.4266,-7.2296,4
7.1626,5.3716,-6.083599999999999,4
10.5296,5.0132,-3.6072,4
9.3232,-8.020000000000001,-4.896599999999999,4
8.8306,-5.410999999999999,-8.7014,4
14.200599999999998,12.0576,-6.8706,4
12.642600000000002,10.619999999999997,-5.702800000000001,4
8.201799999999999,5.7172,-5.5906,4
7.1102,4.168000000000001,-5.875400000000001,4
7.949799999999999,5.303999999999999,-6.6594,4
7.8388,5.0322000000000005,-7.0565999999999995,4
7.384600000000001,4.277399999999999,-7.280799999999999,4
8.647400000000001,5.9174,-6.340000000000001,4
8.905199999999999,5.499200000000001,-6.4572,4
9.3736,5.0958,-6.349000000000001,4
8.984000000000002,5.2536000000000005,-6.179200000000001,4
7.7296000000000005,4.7804,-6.750800000000001,4
7.7330000000000005,4.9704,-6.651,4
7.9184,4.6861999999999995,-6.491199999999999,4
9.1986,5.1074,-6.6777999999999995,4
8.910599999999999,5.3798,-7.115400000000001,4
8.0268,5.037800000000001,-6.814400000000001,4
8.7468,5.228400000000001,-6.2664,4
8.3534,4.4706,-6.7812,4
8.3682,4.1777999999999995,-6.811599999999999,4
9.1202,4.688599999999999,-6.263999999999999,4
9.283999999999999,5.5696,-5.498000000000001,4
7.1644000000000005,4.3206,-6.499799999999999,4
8.112400000000001,5.7,-6.119800000000001,4
9.975799999999998,6.316,-5.8991999999999996,4
9.719000000000001,2.6839999999999997,-7.0436000000000005,4
7.5642,3.8651999999999993,-6.5382,4
8.0238,6.1936,-6.4176,4
10.2524,4.3032,-7.457000000000001,4
9.2498,3.5552000000000006,-7.9242,4
8.0796,5.645,-6.160399999999998,4
7.408199999999999,5.567199999999999,-5.901599999999999,4
9.788799999999998,5.7886,-5.7454,4
10.471799999999998,5.7616,-6.5574,4
9.597399999999999,5.303,-6.5804,4
8.464999999999998,4.8398,-6.172999999999999,4
8.574399999999999,4.796800000000001,-6.465800000000001,4
8.765600000000001,4.9656,-5.9546,4
8.035200000000001,5.2154,-6.274,4
7.230599999999999,4.4392000000000005,-6.652599999999999,4
7.9132,5.6238,-5.8797999999999995,4
9.1982,6.172,-5.7162,4
8.2546,3.1678,-6.997200000000001,4
6.687800000000001,1.9714,-8.4454,4
7.678599999999999,4.622000000000001,-7.704800000000001,4
8.947,6.622000000000001,-5.808000000000001,4
8.504000000000001,5.1770000000000005,-6.248200000000001,4
8.8234,5.353199999999998,-6.209,4
8.861600000000001,5.465599999999999,-6.1370000000000005,4
9.061,4.9517999999999995,-6.324,4
9.520799999999998,5.5534,-5.849600000000001,4
9.6206,6.045800000000001,-5.9338,4
7.53,3.845,-6.886199999999999,4
-6.004400000000001,-5.0154,8.320600000000002,1
20.508200000000002,3.2544000000000004,10.019,1
32.1246,6.254999999999999,6.537400000000002,1
3.9206,-1.2383999999999993,4.015,1
10.368800000000004,-8.2838,5.2918,1
1.8998,-3.7333999999999996,1.5474000000000003,1
5.422599999999999,1.2177999999999998,0.8996000000000001,1
12.9734,-6.0116000000000005,4.3772,1
7.5360000000000005,-10.3074,7.8782000000000005,1
11.2294,-4.4036,4.7608,1
7.278,-0.7615999999999999,2.8246,1
11.0612,-5.5550000000000015,4.010800000000001,1
12.5062,-5.4402,4.7936,1
5.0718,-3.7248000000000006,3.8709999999999996,1
14.6008,-3.152599999999999,2.8267999999999995,1
12.059000000000003,-3.224400000000001,3.2856,1
3.7951999999999995,-4.6562,3.4346000000000005,1
13.0274,-4.3108,2.8760000000000003,1
16.172199999999997,-3.3306,4.261799999999999,1
12.5616,-3.2186000000000003,3.2570000000000006,1
10.1182,-2.0578000000000003,1.9311999999999998,1
9.594999999999999,-0.38920000000000016,3.7796000000000003,1
6.553,-3.1918000000000006,2.651,1
16.3452,-13.832599999999998,2.444,1
14.171,-9.4166,1.7754000000000003,1
12.193600000000002,5.1213999999999995,3.2106,1
18.2164,1.1325999999999996,5.2896,1
8.473,-8.222399999999999,2.0156,1
8.580400000000003,-10.1282,1.7422000000000002,1
11.312000000000001,-6.9506,3.2514000000000003,1
10.257,0.06339999999999993,3.3368,1
9.1692,4.7282,3.352,1
10.2574,-0.43479999999999974,3.6452,1
13.123400000000002,-9.5966,3.5434,1
15.4518,-9.974599999999999,3.4864000000000006,1
12.294599999999997,-5.034200000000001,2.8396,1
7.3236,0.25700000000000006,3.1035999999999997,1
6.061999999999999,3.5140000000000002,3.9903999999999997,1
4.840599999999999,-0.19420000000000004,3.3244,1
9.347199999999999,-6.5322000000000005,3.2695999999999996,1
14.397600000000002,-8.8948,3.1039999999999996,1
13.437399999999998,-6.610199999999999,3.0993999999999993,1
11.513599999999999,-3.6684,3.7552000000000003,1
9.0498,-1.851,3.9419999999999997,1
6.834199999999999,-0.8014000000000001,3.7067999999999994,1
9.312400000000002,-3.0704000000000007,4.209199999999999,1
13.254600000000003,-4.820200000000001,4.595400000000001,1
12.6702,-4.8608,4.206,1
9.907,-4.288,4.026,1
6.709999999999999,-2.0632,3.3164,1
5.257000000000001,0.7996,2.6672,1
10.140600000000001,-1.598,3.4196,1
14.1748,-6.3114,4.8484,1
11.150600000000003,-6.569000000000001,4.9656,1
8.5088,-5.2374,4.1402,1
5.5036000000000005,-2.2004,2.9753999999999996,1
4.330000000000001,-0.18440000000000012,2.4654,1
11.3002,-4.559,4.2021999999999995,1
15.4222,-7.2,4.8548,1
13.439400000000001,-4.9442,4.1886,1
9.0964,-2.8636,3.6430000000000002,1
4.8134,0.0384,2.2323999999999997,1
8.181000000000001,-1.8388,2.736,1
13.803200000000002,-6.961799999999999,4.892600000000001,1
12.406600000000001,-7.447199999999999,4.795799999999999,1
6.9166,-4.703,3.4835999999999996,1
3.9448000000000003,-1.3641999999999999,2.9296,1
3.497,0.6240000000000001,3.6204,1
9.618999999999998,-1.7657999999999998,6.4411999999999985,1
15.523000000000001,-5.5242,8.3814,1
12.429200000000002,-6.0104,6.903799999999999,1
9.7398,-3.6604,5.4752,1
7.832600000000001,2.9514000000000005,2.3823999999999996,1
7.405400000000001,7.024399999999999,1.7632000000000003,1
12.1038,-1.1965999999999999,4.642600000000001,1
13.013399999999999,-8.097399999999999,3.9596,1
10.510200000000003,-6.363599999999999,2.9611999999999994,1
10.1952,-3.1549999999999994,2.7223999999999995,1
8.7074,0.7306,2.8278,1
8.7642,-3.3621999999999996,3.356,1
12.313799999999999,-9.7922,4.182600000000001,1
10.5668,-6.316599999999999,7.326400000000001,1
8.5688,-4.0286,5.806,1
10.0756,-4.344,3.0438,1
10.1862,-2.7984000000000004,3.2766,1
10.543400000000002,-1.9999999999999998,2.7994000000000003,1
10.477,-1.3818000000000001,3.1202000000000005,1
10.671600000000002,-1.4464,3.7418,1
10.1508,-3.1401999999999997,6.3032,1
7.807,2.6761999999999997,5.2114,1
8.590000000000002,1.3490000000000004,1.1132,1
10.943399999999999,-4.0196,2.4136000000000006,1
10.545400000000003,-0.6294,6.523399999999999,1
12.2866,-1.5704,-0.22759999999999977,1
12.910599999999999,-1.8077999999999996,-4.8636,1
6.054200000000001,-1.2644000000000002,0.8589999999999998,1
5.651999999999999,-3.3356,2.4332000000000003,1
9.543,-5.284,-0.00620000000000021,1
10.4108,-3.9093999999999998,0.40959999999999963,1
11.991399999999999,-1.626,4.2696,1
11.274199999999999,-2.3316000000000003,5.1054,1
10.813000000000002,-3.194,4.233999999999999,1
10.074200000000001,-3.0064000000000006,4.2505999999999995,1
10.112400000000001,-4.020199999999999,4.6484000000000005,1
10.414000000000001,-4.2166,4.4754,1
9.847399999999999,-3.1533999999999995,3.9112,1
9.7362,-3.4078,3.7716,1
9.286800000000001,-4.3504000000000005,3.7444,1
8.952999999999998,-4.3414,3.8682,1
9.279000000000002,-3.6696,4.1422,1
9.474,-3.4916,4.122000000000001,1
9.3248,-3.7557999999999994,3.8918,1
9.4758,-3.8461999999999996,3.8888,1
9.4706,-3.6862,4.0986,1
9.246400000000001,-3.5468,4.030399999999999,1
9.3058,-3.6915999999999998,3.718,1
9.5846,-3.5582,3.6933999999999996,1
9.2868,-4.103,3.5268000000000006,1
9.215399999999999,-4.3145999999999995,3.716999999999999,1
9.6224,-3.5742000000000007,4.023,1
9.855200000000002,-3.4285999999999994,3.862,1
9.1616,-3.679,3.9568000000000008,1
8.486400000000001,-3.8786,4.0102,1
8.621,-3.5558000000000005,4.11,1
10.113199999999999,-3.9191999999999996,4.1856,1
10.7762,-3.5822,3.9218,1
9.9918,-3.0248000000000004,3.5294000000000008,1
9.3534,-3.8668,3.522800000000001,1
8.9898,-3.8618,3.8224,1
9.1884,-4.0508,3.5595999999999997,1
9.0572,-4.949199999999999,3.248,1
8.866399999999999,-4.7362,3.4408,1
8.994600000000002,-4.0442,3.548,1
11.3742,-6.108199999999999,5.2564,1
9.095600000000001,-8.990000000000002,6.8694,1
-3.8831999999999995,-6.8042,4.288399999999999,1
-1.6634000000000002,1.3828,0.5213999999999999,1
10.465400000000002,5.401,1.0408000000000002,1
9.674,-0.07059999999999984,3.8168,1
10.2592,-4.864599999999999,7.3912,1
22.2408,-5.6014,8.372399999999999,1
7.069000000000001,-4.400200000000001,0.8054000000000001,1
0.14399999999999957,-4.0944,-2.4996,1
15.785399999999997,-2.6804,3.9879999999999995,1
15.103999999999996,-2.0058000000000002,5.9575999999999985,1
19.543999999999997,-4.4068000000000005,4.6428,1
16.5572,-4.8356,4.6,1
9.7746,-4.159999999999999,3.9729999999999994,1
9.0804,-3.656,3.772800000000001,1
9.2932,-3.6668000000000003,3.2644,1
10.005600000000001,-3.532,4.2984,1
9.769,-3.5262000000000002,4.5626,1
10.0756,-5.343000000000001,4.169999999999999,1
10.442,-4.304600000000001,5.866000000000001,1
9.8222,-3.5307999999999997,5.3152,1
8.6798,-5.2742,3.7232,1
8.312400000000002,-3.6134000000000004,4.016399999999999,1
9.1192,-1.9920000000000002,3.425,1
8.921,-2.8760000000000003,3.0507999999999997,1
8.925,-3.2495999999999996,3.4292,1
9.2066,-3.1239999999999997,3.1954,1
9.3104,-4.309,3.9024,1
10.8994,-4.343,5.152800000000001,1
11.097999999999999,-3.4066,4.983800000000001,1
9.3094,-2.6855999999999995,3.7188,1
8.0048,-3.0151999999999997,3.1848,1
7.3962,-3.5942000000000003,3.4836,1
4.353799999999999,-3.2651999999999997,2.9076000000000004,1
2.6043999999999996,-3.7201999999999997,2.5694,1
5.7972,-3.8256,3.0669999999999993,1
10.5514,-3.6686,3.7028000000000003,1
11.963,-3.6202000000000005,4.0974,1
10.0008,-3.2678,3.6414,1
10.511599999999998,-3.1315999999999997,3.7404,1
10.7528,-3.0860000000000003,3.602199999999999,1
9.814400000000001,-3.1382,3.3556,1
9.315799999999998,-3.1068000000000002,3.5026000000000006,1
9.4144,-2.908,3.6702000000000004,1
10.0016,-3.1825999999999994,3.894,1
10.5078,-3.4632,3.7532,1
10.2674,-3.2594000000000007,3.7842000000000002,1
9.565,-3.2603999999999997,3.725,1
9.849800000000002,-3.2650000000000006,3.5266,1
10.02,-3.3148,3.6634,1
9.607,-3.3264000000000005,3.6412,1
9.822,-3.1832,3.5224,1
10.1774,-3.2544,3.7303999999999995,1
10.145800000000001,-2.8898,3.8141999999999996,1
9.5358,-3.2207999999999997,4.016400000000001,1
7.8052,-3.7823999999999995,5.2408,1
15.3996,-6.4214,8.193,1
16.7512,-3.7232000000000003,3.8912,1
8.6432,0.6185999999999998,3.4526,1
8.6798,-3.0032000000000005,6.4698,1
5.334199999999999,-4.6036,6.174000000000001,1
2.1086,-0.6626000000000002,4.1554,1
6.222800000000002,-0.08600000000000002,0.4998,1
10.2344,-1.3594,2.7308,1
13.766999999999998,-2.8455999999999992,4.846800000000001,1
15.720200000000004,-7.774400000000001,6.019400000000001,1
10.785800000000004,-7.4362,5.0760000000000005,1
2.736,-0.20880000000000007,0.9346,1
12.300000000000002,3.59,3.2146,1
11.399399999999998,-5.1812000000000005,5.2860000000000005,1
3.5210000000000004,-5.307799999999999,1.6071999999999997,1
10.835400000000002,-2.2122,3.9236,1
10.050799999999999,-5.663200000000001,5.8355999999999995,1
9.7762,-4.625400000000001,4.629,1
11.573,-3.8335999999999997,4.4312000000000005,1
11.265799999999997,-2.6077999999999997,4.2383999999999995,1
9.8038,-2.205,3.819,1
10.2216,-2.960600000000001,3.827,1
10.7928,-3.3722,3.8160000000000003,1
10.274000000000001,-3.1713999999999998,3.5980000000000003,1
10.0714,-3.1424000000000003,3.4632,1
9.8818,-3.573,3.7512,1
9.6154,-3.9598,4.011,1
9.4694,-3.7739999999999996,3.8557999999999995,1
9.5602,-3.7740000000000005,3.7598,1
10.1658,-4.7422,3.8368,1
10.2684,-4.7726,3.9358,1
10.219199999999997,-4.2174000000000005,3.9936000000000003,1
9.6416,-3.1422,3.4526,1
8.364,-2.063,2.5221999999999998,1
9.3174,-3.1658,3.26,1
10.2866,-3.645199999999999,4.0318000000000005,1
9.9382,-3.6458,4.023,1
9.7722,-3.8324000000000003,3.8653999999999997,1
9.659799999999999,-3.7382,3.7066000000000003,1
10.849799999999998,-3.972,3.9970000000000003,1
9.8972,-4.568200000000001,4.1148,1
5.926599999999999,-2.9137999999999993,1.9878,1
5.3354,-1.994,1.0837999999999999,1
10.957,-4.042,3.377,1
12.870600000000001,-4.5244,4.141,1
10.0106,-4.0092,3.6608000000000005,1
7.936199999999999,-6.8938,4.212,1
4.1814,-13.3774,4.5292,1
12.0996,-4.6701999999999995,3.4509999999999996,1
19.2268,1.3566,4.0408,1
10.668800000000001,-6.355599999999999,5.6263999999999985,1
9.075600000000001,-4.3864,7.682799999999999,1
12.542,-0.7909999999999999,4.0102,1
11.0512,3.7503999999999995,-16.2606,5
11.0358,14.2748,-10.783000000000001,5
5.8788,14.235,-12.363199999999999,5
-0.42020000000000146,-2.7491999999999996,-15.6994,5
5.0776,-10.013000000000002,-12.604800000000003,5
17.0752,12.4652,-10.516000000000002,5
15.222400000000002,17.1802,-10.0378,5
5.409400000000001,-13.885800000000001,-14.811200000000001,5
3.7021999999999995,-23.638199999999998,-16.652,5
9.403999999999998,3.4935999999999994,-14.695600000000002,5
12.060400000000001,17.7694,-12.8688,5
8.459200000000001,-4.813400000000001,-13.568399999999999,5
6.330400000000001,-6.941000000000002,-13.9302,5
9.246,4.335,-13.489799999999997,5
7.6331999999999995,-10.306,-13.5798,5
0.7098000000000002,-9.738800000000001,-16.6146,5
-10.318600000000002,1.1367999999999996,-18.530800000000003,5
-21.2826,0.42100000000000004,-13.719800000000003,5
-21.87,-1.9402,-13.678199999999997,5
-17.2296,-2.9937999999999994,-14.247200000000003,5
8.8544,-2.3036000000000003,-11.5624,5
29.739800000000006,1.7304,-13.866,5
32.4972,-0.7213999999999998,-16.296,5
53.04960000000001,-0.31439999999999996,-13.934799999999997,5
60.9414,2.1338000000000004,-12.320800000000002,5
61.9204,-0.05179999999999993,-12.383999999999999,5
34.528800000000004,0.28119999999999995,-6.9468,5
-30.672200000000004,-3.66,-9.3478,5
-56.208,-0.9361999999999998,-12.855799999999999,5
-31.113400000000002,9.095,-11.275799999999998,5
1.2040000000000002,4.3272,-13.816,5
11.059800000000001,-2.2915999999999994,-15.829,5
-25.201999999999998,0.7618000000000004,-13.2372,5
-15.3004,1.1728,-14.35,5
37.683,-13.1524,-16.2284,5
48.58379999999999,-3.0766000000000004,-15.404000000000002,5
70.7018,11.123800000000001,-14.216399999999998,5
70.0392,0.3051999999999999,-10.2876,5
-6.420800000000001,-4.6314,-11.068,5
-48.4854,-5.810200000000001,-16.6902,5
-24.207800000000002,16.9878,-13.2196,5
-45.1288,7.555,-1.4813999999999998,5
-52.47999999999999,-16.570600000000002,-4.112,5
41.1978,-3.0085999999999995,-16.7212,5
62.114,-4.438999999999999,-18.913600000000002,5
27.6002,-1.8132,-22.585399999999996,5
52.45140000000001,5.0056,-20.000799999999998,5
19.281399999999998,1.024,-5.272,5
-25.4304,-14.351,-6.6376,5
-5.861800000000001,3.3002000000000002,-12.929200000000002,5
-29.371399999999998,16.7218,-9.2536,5
-42.3258,-5.135599999999999,-6.976600000000001,5
37.5946,-2.2465999999999995,-12.6878,5
46.6184,-10.636600000000001,-16.5468,5
26.353599999999997,-3.8383999999999996,-18.7102,5
47.81999999999999,4.7646,-13.283400000000002,5
-3.563799999999999,-8.125200000000001,-9.872,5
-21.073600000000003,-2.1048,-12.6456,5
0.7762000000000007,7.480000000000001,-10.428200000000002,5
-42.436800000000005,0.23980000000000046,-10.1206,5
-6.871199999999999,-5.7992,-14.765799999999999,5
53.3674,-6.660399999999999,-22.337799999999998,5
49.6806,-6.146999999999999,-21.3506,5
-0.35199999999999987,-10.878599999999999,-11.5948,5
-0.3212,-9.355599999999999,-11.581600000000002,5
0.01300000000000002,-8.9028,-12.902000000000001,5
0.6736,-9.648399999999999,-12.132200000000001,5
0.9525999999999999,-10.1122,-11.2842,5
0.7034,-11.085799999999999,-12.37,5
0.6224,-11.246799999999999,-12.0244,5
0.6904,-10.09,-10.9822,5
0.8138000000000001,-9.9952,-11.3778,5
0.5526000000000001,-9.9382,-11.525800000000002,5
0.5542000000000001,-9.4674,-12.082799999999997,5
0.6416,-9.7986,-11.862399999999997,5
0.6306,-10.0974,-11.398,5
0.7218000000000002,-10.0774,-11.270999999999999,5
0.871,-10.0674,-11.0704,5
0.8878,-10.015800000000002,-11.249999999999998,5
0.6466,-9.9796,-11.3664,5
0.47759999999999997,-9.638200000000001,-11.3456,5
0.6516000000000001,-9.593,-11.616799999999998,5
1.0333999999999999,-7.645,-11.445599999999999,5
3.6938,-3.4189999999999996,-11.1854,5
19.432,-9.1786,-10.396199999999999,5
42.0568,-16.523000000000003,-13.066799999999999,5
43.98759999999999,-14.354399999999998,-15.718,5
22.252,-10.614600000000001,-13.451,5
6.061799999999998,-6.326799999999999,-11.6586,5
-12.270200000000003,-1.1798000000000002,-10.34,5
-41.0516,-0.3737999999999997,-13.398,5
-59.2136,-3.2536,-12.5562,5
-72.7878,-7.5278,-0.8857999999999994,5
-48.8008,-9.0256,1.5904000000000005,5
-7.999599999999999,-8.9832,-2.5020000000000002,5
1.7038,-10.655,-2.1688,5
5.3914,-10.321800000000001,-2.6666,5
41.17,-9.497599999999998,-5.3668,5
56.5466,-10.781799999999999,-8.557599999999999,5
32.7436,-16.941199999999995,-3.8692,5
14.3932,-13.337399999999997,-6.5562000000000005,5
21.831,-9.6236,-22.4956,5
44.9692,-11.6926,-24.644000000000002,5
43.60280000000001,-9.968,-17.7046,5
29.338800000000003,-9.9572,-15.968000000000002,5
14.801000000000002,-9.5572,-14.625399999999999,5
8.4722,-9.0966,-13.164000000000001,5
8.221599999999999,-9.2552,-13.115000000000002,5
8.4936,-9.1748,-12.7052,5
8.485199999999999,-8.8338,-11.985199999999997,5
7.687199999999999,-9.009800000000002,-11.959800000000003,5
6.018200000000002,-10.393799999999999,-14.6372,5
-21.840200000000003,-8.997,-15.678999999999998,5
-43.9066,-9.9724,-9.7304,5
-19.56,-11.630200000000002,-8.4474,5
0.8517999999999998,-9.8506,-12.087600000000002,5
2.2276,-10.422,-12.2334,5
1.551,-10.7916,-12.227,5
1.1538,-10.273200000000001,-12.323999999999998,5
0.797,-10.532,-12.054199999999998,5
-2.4613999999999994,-10.470799999999999,-12.960399999999998,5
-5.0645999999999995,-9.103399999999999,-12.877399999999998,5
-15.235999999999999,-11.1022,-14.5046,5
-39.7836,-12.029200000000001,-12.274600000000003,5
-56.2076,-9.5732,-6.495999999999999,5
-34.4808,-9.588,-5.0228,5
0.28920000000000023,-6.8414,-2.0128,5
-7.229000000000001,-12.478200000000001,11.769400000000001,5
-4.486199999999999,-11.097999999999999,8.1834,5
9.592999999999998,-2.9497999999999998,-8.4356,5
5.188799999999999,-1.0774,-12.6824,5
-7.6498,4.4786,-24.836200000000005,5
-0.7756000000000001,9.4092,-34.9308,5
0.3883999999999998,12.6054,-29.2804,5
-5.6756,9.189,-11.965399999999999,5
-0.2270000000000001,2.3036000000000003,-3.812800000000001,5
-1.5519999999999998,2.2148,-4.792,5
-2.3846,2.1902,-5.6616,5
-8.0764,-9.801600000000002,13.066600000000001,5
-4.786200000000001,-21.941600000000005,27.093999999999998,5
-1.3908,-23.089199999999995,26.2988,5
-6.148000000000001,-20.345,22.518399999999996,5
-1.4482000000000002,-14.569400000000003,10.6546,5
-0.33219999999999983,-11.325,-0.34239999999999976,5
-5.7926,-9.315,-12.875599999999999,5
-13.698400000000001,-1.6682000000000001,-25.7946,5
-9.9152,3.2082000000000006,-33.01819999999999,5
3.9569999999999994,0.12499999999999989,-20.765399999999996,5
-12.764799999999997,-4.5166,-6.1612,5
5.0828000000000015,-4.7946,-4.0198,5
10.4844,4.773000000000001,-23.4962,5
-24.9438,16.079,-37.8008,5
7.716799999999999,9.4484,-15.447399999999998,5
-14.0182,0.3178,-6.4594000000000005,5
-38.9954,1.3015999999999999,-8.13,5
26.362800000000004,-1.2694000000000003,2.556,5
21.282799999999998,-0.06659999999999998,-2.7694,5
-38.857200000000006,6.065999999999999,-7.942200000000001,5
-5.1888,0.7772000000000002,2.9572000000000003,5
57.6766,-5.9226,4.095599999999999,5
7.4052,-0.21959999999999988,-5.8548,5
-42.2668,-10.238399999999999,13.2876,5
-4.857,-11.1152,19.5364,5
19.789199999999997,-1.419,-2.4962,5
-4.193600000000001,-4.9832,-3.889,5
0.8330000000000013,-2.5886,-8.119399999999999,5
-18.5564,-0.5332,-10.978,5
-24.703199999999995,-0.18959999999999988,-15.9992,5
4.5200000000000005,0.20299999999999987,-15.371400000000001,5
-3.1624,7.4848,-26.245,5
-3.777199999999999,8.7204,-28.137600000000003,5
-4.4436,2.1654,-6.8924,5
-1.6028,2.3472000000000004,-5.0446,5
-1.2648000000000001,2.3532,-5.146399999999999,5
-1.3725999999999998,-2.3942000000000005,19.1984,5
1.3205999999999998,-13.9822,51.91219999999999,5
-1.8476000000000001,-19.706000000000003,39.8192,5
-3.6975999999999996,-14.926000000000002,7.541799999999999,5
19.1098,-9.625199999999998,-5.8598,5
-6.418399999999999,-11.937599999999998,-11.713999999999999,5
-5.646399999999999,-9.606000000000002,-9.7722,5
16.492800000000003,-2.927,-10.759799999999998,5
-25.111400000000003,-4.131600000000001,-14.0744,5
-29.4802,-4.288600000000001,-25.360600000000005,5
0.2514000000000002,-3.0197999999999996,-24.937,5
11.202800000000002,-4.0128,-10.3148,5
-1.0199999999999994,11.553799999999999,-43.81419999999999,5
-8.8736,15.9822,-40.9068,5
-0.8022,2.1322,-3.6646000000000005,5
5.274999999999999,-0.8208000000000001,-12.806000000000001,5
-28.276599999999995,-2.3164000000000002,-11.115599999999999,5
-31.7254,-2.9208000000000003,-13.075000000000003,5
23.719,-1.9063999999999999,-16.4252,5
64.5516,-3.585399999999999,-16.681,5
18.1958,-0.6512,-14.044199999999998,5
-37.1928,3.2453999999999996,-10.396600000000001,5
-1.7235999999999996,-2.237599999999999,-13.2322,5
52.0638,-7.196999999999999,-16.23,5
17.3746,-2.85,-14.207800000000002,5
-10.0404,0.17999999999999997,-13.172400000000003,5
23.687600000000003,-2.3535999999999997,-15.2526,5
5.8252,-1.218,-14.0044,5
1.414799999999999,-1.4288000000000003,-13.6634,5
32.7092,-4.5813999999999995,-15.4932,5
3.0729999999999995,-0.5765999999999998,-12.823800000000004,5
-0.1903999999999988,-0.028399999999999963,-13.782199999999998,5
45.1284,-4.4792000000000005,-15.481799999999996,5
9.2476,-1.5654,-12.0528,5
-21.6518,-0.32580000000000003,-12.2008,5
18.417800000000003,-4.695600000000001,-15.8092,5
13.224200000000002,-5.223400000000001,-13.091999999999999,5
-0.5352000000000011,-2.7664,-9.540000000000001,5
9.682,2.0616000000000003,-12.6826,5
0.943200000000001,-0.5563999999999995,-14.7554,5
13.866800000000003,-4.195399999999999,-12.3422,5
14.2398,2.8255999999999997,-4.842600000000001,5
7.251199999999998,6.8831999999999995,2.2211999999999996,5
-11.0128,3.863600000000001,-4.6744,5
22.1498,-1.6206,-15.4146,5
35.43780000000001,-0.8750000000000003,-15.363399999999999,5
-11.6258,1.0617999999999999,-14.285599999999999,5
32.632,-3.7571999999999997,-16.7826,5
44.98840000000001,-0.7543999999999997,-33.4648,5
-6.3214,4.154,-41.55259999999999,5
-5.132399999999998,0.8006,-25.372799999999998,5
24.287599999999998,-2.1922,-13.997,5
-1.3919999999999986,-0.9385999999999995,-13.576,5
8.981800000000002,-1.0262,-9.343200000000003,5
2.835600000000001,1.3974000000000002,-4.1610000000000005,5
-28.356400000000004,3.2495999999999996,-8.891,5
19.4226,-2.0346,-13.776799999999998,5
8.779599999999995,5.608800000000001,-6.9074,5
-0.08400000000000034,11.600999999999999,-0.5116,5
26.6342,3.463,-8.490199999999998,5
-2.3487999999999998,1.2269999999999999,-14.729999999999997,5
-7.9578,1.1574,-14.036000000000001,5
14.616799999999998,-1.1488000000000003,-14.7628,5
21.901,-4.9872000000000005,-19.848,5
21.8218,-8.5392,-27.915799999999994,5
10.605,-5.8388,-25.587000000000003,5
13.0226,-6.600200000000001,-27.8376,5
17.0634,-6.338399999999999,-26.757199999999997,5
-8.7272,3.5225999999999997,-7.8304,5
5.263,7.2166,-0.05939999999999989,5
-2.4812000000000007,3.381,-10.6734,5
-13.5726,-1.5372000000000003,-16.1356,5
28.750400000000003,-3.7624,-12.9506,5
21.098200000000002,1.7426,-9.3142,5
9.3118,-0.7864000000000001,-15.744200000000001,5
21.119,-9.9768,-27.291,5
17.9036,-10.115,-28.4636,5
2.5063999999999997,-5.541999999999999,-21.9536,5
