time_ms,gx,gy,gz
673947,7.14,3.85,0.06
673967,5.37,2.20,0.37
673987,5.92,3.72,-2.75
674007,0.31,0.67,-6.29
674027,-0.85,1.04,-1.71
674047,-3.23,1.22,0.79
674067,-4.27,3.11,-0.37
674087,-3.78,5.00,0.67
674107,-5.00,4.94,0.61
674127,-2.01,5.62,3.11
674147,-2.01,3.72,3.60
674167,-3.05,1.95,1.95
674187,-2.50,1.16,0.98
674207,0.67,-2.56,2.44
674227,2.08,-7.75,3.85
674247,1.22,-10.56,3.60
674267,0.79,-7.57,-0.18
674287,2.56,-3.36,-3.23
674307,6.47,-1.95,-0.67
674327,6.71,-2.44,1.71
674347,5.98,-2.93,3.91
674367,1.40,-4.70,4.21
674387,-0.55,-4.58,3.23
674407,-1.10,-6.65,3.48
674427,-0.67,-7.45,2.69
674447,0.55,-4.46,1.10
674467,0.85,-2.87,1.34
674487,2.44,-3.30,3.97
674507,2.56,-2.87,3.78
674527,2.32,-0.79,3.60
674547,3.23,-2.81,3.60
674567,3.05,-1.28,3.66
674587,2.14,1.46,3.17
674607,1.04,2.87,2.44
674627,-0.55,5.49,1.46
674647,2.56,8.73,4.03
674667,4.76,10.31,4.46
674687,7.93,12.51,5.43
674707,8.12,15.62,3.42
674727,9.64,20.63,2.20
674747,2.75,13.61,-0.49
674767,-3.66,2.56,1.77
674787,1.65,7.87,7.20
674807,3.48,10.74,4.70
674827,6.59,4.64,8.12
674847,6.41,-6.23,9.22
674867,1.40,-6.65,-0.73
674887,12.27,-5.25,1.65
674907,7.93,-11.78,-1.53
674927,10.07,-4.58,3.05
674947,16.30,-3.60,10.31
674967,13.49,-5.92,9.28
674987,10.93,-8.91,8.24
675007,11.05,-5.98,4.88
675027,9.95,-1.53,2.87
675047,10.31,-8.85,9.22
675067,5.86,-13.55,11.96
675087,0.06,-13.73,9.22
675107,-4.03,-18.25,8.30
675127,-5.49,-16.11,6.84
675147,-8.67,-12.70,3.72
675167,-15.75,-15.62,-1.65
675187,-20.75,-10.62,-3.78
675207,-16.11,-1.71,5.19
675227,-23.07,-2.38,1.34
675247,-34.48,-9.28,-10.93
675267,-44.68,-9.28,-15.56
675287,-52.43,-10.13,-13.79
675307,-64.76,-19.47,-20.63
675327,-56.82,-23.19,-18.19
675347,-43.27,-19.78,-11.66
675367,-32.17,-16.30,-6.41
675387,-24.90,-15.14,-1.71
675407,-24.78,-22.58,-0.55
675427,-29.48,-27.16,0.43
675447,-30.46,-27.40,1.71
675467,-20.94,-30.70,4.64
675487,-12.57,-30.94,2.44
675507,-8.54,-30.52,1.40
675527,-10.50,-29.05,0.67
675547,-9.77,-27.10,1.46
675567,-8.06,-24.35,5.62
675587,-6.71,-18.43,6.23
675607,-2.44,-10.50,8.12
675627,4.52,-2.69,9.58
675647,12.63,5.98,9.40
675667,18.31,7.51,8.91
675687,15.08,13.92,1.95
675707,10.68,14.04,-1.40
675727,6.35,4.70,-0.73
675747,1.28,1.16,-2.75
675767,2.08,1.46,-0.24
675787,2.08,-2.87,1.46
675807,5.37,-3.97,2.69
675827,4.39,-9.52,2.32
675847,2.32,-11.23,2.20
675867,4.88,-11.11,5.43
675887,6.77,-26.00,9.83
675907,7.51,-17.40,3.66
675927,6.77,-3.91,-1.53
675947,2.08,-12.45,0.92
675967,-1.65,-21.67,5.00
675987,2.26,-16.36,8.91
676007,5.49,-16.78,10.80
676027,9.58,-17.76,13.49
676047,11.60,-11.84,14.10
676067,11.90,-9.83,9.70
676087,10.74,-10.50,3.23
676107,13.18,-6.29,6.41
676127,15.38,-1.04,9.52
676147,16.85,7.63,2.44
676167,18.86,2.62,-7.63
676187,16.85,-11.60,-5.25
676207,6.23,-1.65,-6.71
676227,-0.43,4.76,0.24
676247,-6.96,-3.60,7.20
676267,-8.91,-5.43,10.86
676287,-8.48,-7.08,11.17
676307,-8.97,7.08,-0.73
676327,-14.77,15.44,-6.35
676347,-14.71,4.82,6.65
676367,-15.26,-2.69,10.93
676387,-16.05,-5.62,6.47
676407,-16.48,2.75,-2.01
676427,-15.87,1.04,0.18
676447,-14.22,-4.03,10.13
676467,-13.79,-4.58,10.25
676487,-10.50,-5.13,8.61
676507,-7.51,-3.48,7.08
676527,-3.60,-7.39,9.16
676547,3.78,-12.15,10.31
676567,7.75,-0.18,-2.99
676587,10.56,14.34,-14.95
676607,15.32,16.17,-13.61
676627,18.43,13.37,-7.14
676647,21.73,9.89,-0.55
676667,27.04,9.28,2.99
676687,33.75,8.97,9.52
676707,31.49,3.60,11.29
676727,26.00,1.83,10.01
676747,20.87,4.46,6.59
676767,8.18,6.16,-1.22
676787,-0.55,6.84,-5.19
676807,-3.30,9.09,-6.59
676827,-10.01,8.36,-10.13
676847,-11.23,7.08,-8.24
676867,-6.59,4.70,-2.14
676887,-6.71,3.17,-0.43
676907,-11.78,2.69,-1.89
676927,-11.54,0.12,-0.12
676947,-6.59,0.24,2.56
676967,-0.43,0.49,4.33
676987,0.92,1.04,3.36
677007,-8.06,-0.55,-2.14
677027,-12.33,-0.55,-8.30
677047,-3.48,1.16,-6.71
677067,-2.56,1.28,-9.40
677087,-0.49,3.36,-10.62
677107,1.34,4.33,-8.00
677127,-2.26,4.64,-9.52
677147,-5.80,3.17,-10.07
677167,-7.32,0.85,-8.00
677187,-9.09,-2.62,-5.37
677207,-7.45,-4.03,-2.14
677227,-8.06,-3.36,-2.81
677247,-8.18,-0.73,-2.93
677267,-5.98,-0.31,-0.43
677287,-4.76,0.43,0.00
677307,-5.86,-0.92,1.28
677327,-10.50,-1.46,2.08
677347,-10.01,5.07,2.75
677367,-7.81,3.97,-0.49
677387,-6.23,4.27,-5.31
677407,-7.69,4.21,-5.80
677427,-6.41,4.03,-4.09
677447,-4.33,2.20,-5.25
677467,-5.74,1.34,-6.84
677487,-3.91,0.61,-5.00
677507,-3.42,3.17,-9.70
677527,-0.18,6.16,-10.01
677547,1.71,3.11,-8.36
677567,2.38,0.43,-6.29
677587,1.83,1.71,-4.94
677607,1.04,1.28,-1.77
677627,-4.21,-3.23,-2.26
677647,-6.41,-5.49,-1.34
677667,-7.45,-6.29,-0.85
677687,-9.52,-7.39,-3.78
677707,-5.31,-4.88,-0.37
677727,-2.26,-1.83,1.34
677747,-0.61,-3.05,1.34
677767,-1.40,-0.31,-1.04
677787,-2.14,-0.79,0.49
677807,-5.55,-0.49,1.04
677827,-6.59,-0.67,0.18
677847,-4.27,2.14,-0.92
677867,0.31,5.31,1.28
677887,3.60,4.46,1.89
677907,2.20,6.59,-0.31
677927,0.85,7.69,-0.18
677947,2.14,7.08,0.55
677967,0.92,3.78,1.16
677987,-0.73,0.92,3.91
678007,-0.18,-0.55,8.36
678027,1.04,-2.99,9.58
678047,-3.11,-8.61,4.09
678067,-1.16,-5.31,3.23
678087,3.36,-2.75,5.31
678107,2.56,-2.99,3.97
678127,4.03,1.71,2.26
678147,5.80,3.48,0.24
678167,6.65,2.32,-1.10
678187,8.24,2.50,-1.46
678207,7.08,2.56,-1.95
678227,4.15,2.01,-0.61
678247,3.05,-1.22,3.66
678267,-0.31,-4.21,3.60
678287,-2.20,-4.64,2.20
678307,-2.56,-2.81,0.61
678327,-4.39,-0.43,-3.42
678347,-4.58,1.95,-6.41
678367,-1.77,4.52,-5.92
678387,-0.24,5.68,-7.02
678407,0.92,5.80,-6.71
678427,-1.22,4.52,-6.84
678447,-2.50,3.66,-6.23
678467,-2.08,5.00,-5.68
678487,-4.64,4.82,-6.90
678507,-3.66,5.80,-5.25
678527,-1.89,6.71,-4.09
678547,-1.71,6.04,-4.46
678567,-0.24,4.76,-0.67
678587,-0.61,3.78,0.55
678607,0.98,4.15,0.61
678627,5.31,3.30,1.53
678647,7.08,6.53,-0.37
678667,3.60,10.86,-4.52
678687,7.69,20.26,-7.69
678707,14.95,36.87,-10.56
678727,16.97,38.02,-10.19
678747,16.42,11.05,-3.05
678767,21.48,8.67,-0.43
678787,27.59,19.23,1.28
678807,25.76,20.39,2.20
678827,14.34,22.95,0.98
678847,5.86,22.09,-1.10
678867,2.81,14.83,2.38
678887,-1.04,6.59,2.69
678907,-1.04,3.23,8.24
678927,2.20,-0.18,10.62
678947,7.39,-2.38,8.12
678967,4.76,-1.40,4.21
678987,-2.08,-0.31,0.00
679007,2.32,0.18,0.67
679027,2.44,2.69,0.00
679047,-0.85,2.99,-2.56
679067,0.79,3.91,-1.46
679087,-2.93,7.39,-3.91
679107,-5.62,7.02,-4.15
679127,-4.39,7.26,-0.92
679147,-5.62,12.82,-1.65
679167,-5.74,12.02,-1.22
679187,-5.80,4.64,1.89
679207,-8.73,4.88,-0.24
679227,-7.20,9.09,-1.53
679247,-3.48,11.11,0.37
679267,-1.28,9.16,0.24
679287,-0.24,13.55,0.06
679307,1.04,19.65,-1.04
679327,0.67,18.19,-1.53
679347,-0.49,15.87,0.12
679367,-1.95,13.49,1.10
679387,-1.71,11.60,0.12
679407,3.54,15.50,1.65
679427,1.46,13.18,-2.62
679447,-0.55,9.64,-4.94
679467,3.78,13.92,0.37
679487,4.27,14.53,0.73
679507,3.17,9.64,0.79
679527,3.17,13.73,3.54
679547,4.15,21.30,3.72
679567,4.52,24.60,0.24
679587,7.20,18.13,-0.67
679607,5.62,14.34,-3.66
679627,6.47,19.84,-4.03
679647,10.50,23.68,-1.71
679667,7.75,23.19,-2.38
679687,3.78,24.41,-3.85
679707,7.08,23.01,-2.75
679727,6.90,14.22,-1.22
679747,7.14,5.13,1.04
679767,8.42,3.60,0.43
679787,9.77,0.37,-0.06
679807,9.28,-4.64,-1.22
679827,9.09,-6.29,-1.59
679847,9.34,-8.42,-0.49
679867,8.42,-8.30,-0.06
679887,6.47,-4.39,-1.34
679907,6.41,-6.04,-1.77
679927,6.23,-6.35,-1.83
679947,7.02,-2.81,-0.98
679967,7.57,-3.48,-1.59
679987,5.80,-5.43,-3.42
680007,5.55,-2.08,-3.23
680027,4.94,-0.67,-2.69
680047,4.15,-0.79,-1.28
680067,3.36,-1.53,-0.85
680087,1.89,-0.43,-1.34
680107,3.23,-1.46,0.85
680127,2.08,-2.87,0.18
680147,3.60,-6.41,0.61
680167,2.75,-6.90,-0.49
680187,2.08,-4.58,-0.67
680207,3.23,-2.93,0.00
680227,1.46,-3.05,-1.28
680247,4.27,-1.77,1.28
680267,3.30,-0.24,1.65
680287,2.38,-3.05,0.79
680307,3.85,-1.53,1.46
680327,2.99,-0.85,2.14
680347,2.38,-1.77,1.46
680367,1.77,-1.04,-0.43
680387,1.10,1.10,-1.53
680407,-0.49,2.69,-2.56
680427,-0.31,3.30,-2.50
680447,0.98,4.46,-2.26
680467,-1.77,4.27,-2.93
680487,-4.09,1.34,-1.95
680507,-3.05,0.61,0.67
680527,-3.85,0.06,0.61
680547,-4.70,-0.85,-0.37
680567,-1.83,-0.92,1.40
680587,0.67,-1.40,2.50
680607,-1.59,-1.40,-0.98
680627,0.00,1.34,-1.10
680647,2.26,2.01,-0.55
680667,1.77,1.65,-1.59
680687,1.46,0.37,-0.06
680707,1.40,-1.10,0.06
680727,1.34,0.61,-0.85
680747,0.79,0.18,-1.77
680767,0.49,1.04,-2.50
680787,0.49,0.98,-1.65
680807,-0.18,0.12,-0.92
680827,1.46,0.49,1.40
680847,2.93,0.31,2.50
680867,-0.06,0.61,0.73
680887,-3.91,1.95,-0.79
680907,-5.00,-0.67,1.65
680927,-3.97,-4.58,4.46
680947,0.67,-5.37,6.90
680967,1.16,-5.62,4.64
680987,2.20,-5.00,1.83
681007,3.54,-3.85,0.55
681027,3.23,-1.71,-1.95
681047,4.27,0.92,-1.40
681067,2.81,-1.10,-1.28
681087,3.60,-0.49,-0.55
681107,3.72,0.73,-0.92
681127,1.65,-1.28,-1.89
681147,1.59,-2.81,0.12
681167,-0.73,-6.47,0.85
681187,-0.92,-6.84,0.31
681207,0.24,-1.71,-0.43
681227,-0.37,-0.43,-0.24
681247,-0.49,-0.79,0.85
681267,-1.46,-1.04,0.79
681287,-2.01,-1.83,0.55
681307,-1.59,-2.32,1.53
681327,-0.92,-1.83,1.22
681347,0.67,0.67,1.04
681367,1.16,-0.55,1.95
681387,0.67,-2.14,1.10
681407,1.77,0.61,0.18
681427,2.26,0.31,0.31
681447,0.98,-1.46,-0.43
681467,0.92,-2.38,0.18
681487,0.43,-1.34,-0.18
681507,1.77,-0.43,-0.31
681527,2.44,-1.28,-0.61
681547,4.76,0.67,0.31
681567,4.27,0.49,-0.43
681587,2.50,0.55,-1.16
681607,1.89,1.59,-0.98
681627,0.85,0.92,-0.12
681647,1.53,1.22,2.87
681667,1.59,1.46,2.81
681687,2.75,4.33,2.87
681707,3.91,4.39,3.48
681727,10.07,8.18,5.13
681747,8.85,14.40,2.93
681767,1.34,14.47,-2.32
681787,1.77,13.37,0.37
681807,-4.33,7.81,-0.98
681827,-0.98,4.21,1.77
681847,3.05,3.54,3.23
681867,1.53,0.12,0.92
681887,2.08,2.01,-1.65
681907,1.22,1.89,-3.54
681927,1.22,4.70,-2.81
681947,4.76,7.20,-0.61
681967,6.35,5.07,1.28
681987,6.04,2.75,2.44
682007,11.23,5.13,4.94
682027,20.32,7.63,8.61
682047,30.15,7.14,9.95
682067,42.24,7.20,10.80
682087,52.25,4.58,13.92
682107,37.48,2.38,10.38
682127,22.40,1.04,3.85
682147,19.71,1.83,3.66
682167,20.81,1.34,5.25
682187,24.41,-0.06,6.90
682207,30.70,0.00,8.24
682227,19.47,-2.81,6.10
682247,5.25,-2.20,-0.43
682267,2.38,-2.01,-0.37
682287,4.58,-3.97,1.83
682307,-3.60,-6.59,0.73
682327,-6.29,-5.80,-1.89
682347,-0.79,-3.97,-0.06
682367,-6.47,-2.99,-2.62
682387,-4.88,-4.33,-2.93
682407,0.43,-4.76,0.43
682427,-1.95,-4.88,0.31
682447,-0.31,-4.27,1.10
682467,-1.65,-2.26,0.79
682487,-4.76,-2.32,-1.53
682507,-1.40,-2.32,0.00
682527,0.61,-2.20,1.71
682547,-1.89,-2.38,0.92
682567,-3.30,-1.95,1.53
682587,-2.38,-2.81,2.93
682607,-2.87,-3.30,2.99
682627,-2.44,-2.87,3.36
682647,1.34,-3.72,5.07
682667,-1.53,-3.48,4.52
682687,-4.64,-3.42,3.78
682707,-1.89,-4.39,5.07
682727,-1.95,-3.97,4.39
682747,-1.10,-3.78,4.58
682767,0.31,-4.03,3.78
682787,-0.18,-3.66,2.44
682807,-0.43,-4.21,2.26
682827,1.59,-3.78,1.77
682847,4.09,-3.48,2.08
682867,2.20,-4.33,1.71
682887,0.31,-3.78,1.59
682907,-2.08,-2.93,0.79
682927,0.79,-1.16,1.59
682947,1.46,0.18,0.24
682967,-0.31,0.73,-0.98
682987,-0.24,-0.31,-1.34
683007,-0.92,-0.24,-0.55
683027,-2.87,-0.98,-0.49
683047,-1.34,-0.61,-0.49
683067,0.61,-2.14,-0.67
683087,-2.38,-0.61,-2.38
683107,-1.59,-0.92,-1.22
683127,-1.77,-0.49,-2.69
683147,0.31,1.10,-2.14
683167,-0.06,0.73,-3.17
683187,2.62,0.37,-4.76
683207,4.09,1.95,-5.80
683227,4.21,2.56,-5.13
683247,3.78,3.42,-2.62
683267,1.46,1.71,-0.79
683287,2.32,-1.95,2.93
683307,-2.38,-7.39,2.20
683327,-4.21,-9.70,3.23
683347,-0.67,-6.59,5.98
683367,-2.20,-5.07,2.01
683387,-2.32,-2.38,-3.48
683407,-1.10,-1.10,-5.00
683427,-2.20,-2.50,-5.19
683447,1.71,-1.22,-0.49
683467,1.40,1.10,-1.10
683487,-0.92,1.65,-2.56
683507,-1.16,5.98,-2.08
683527,-2.75,9.09,-3.78
683547,-5.74,8.24,-4.88
683567,-8.00,5.55,-3.05
683587,-8.06,4.82,-1.46
683607,-8.06,7.14,-2.99
683627,-7.63,8.91,-4.70
683647,-7.02,9.64,-6.84
683667,-4.21,10.25,-7.45
683687,-1.34,12.27,-9.89
683707,-3.11,12.33,-16.85
683727,-4.21,12.21,-18.92
683747,-0.98,14.22,-14.16
683767,-1.16,13.67,-12.39
683787,-3.72,7.75,-10.50
683807,-2.26,4.64,-6.10
683827,-1.40,4.58,-6.96
683847,-3.60,6.96,-11.11
683867,-2.93,6.96,-8.18
683887,-1.95,2.87,-3.54
683907,-5.07,0.18,-4.70
683927,-2.75,1.04,-2.87
683947,-2.26,2.44,-4.21
683967,-2.50,6.71,-8.54
683987,-0.85,7.87,-9.09
684007,-3.85,3.78,-8.00
684027,-3.05,1.04,-1.83
684047,-1.95,0.37,0.61
684067,-2.56,-1.10,-0.67
684087,-2.20,1.71,-1.53
684107,-0.31,3.48,0.92
684127,0.85,3.11,2.62
684147,1.22,2.69,2.38
684167,0.61,0.55,1.40
684187,-0.55,1.65,1.16
684207,-2.20,0.12,0.73
684227,-2.44,-1.28,1.22
684247,-1.71,2.14,0.73
684267,-0.12,4.76,-1.28
684287,0.31,1.34,-2.01
684307,-0.67,5.19,-2.26
684327,-1.53,7.63,-2.26
684347,0.37,7.14,-0.92
684367,0.06,5.68,-1.95
684387,-3.72,4.88,-6.77
684407,-0.24,7.08,-5.86
684427,5.49,7.87,-4.03
684447,5.92,7.39,-3.78
684467,2.26,9.22,-6.29
684487,-0.18,6.53,-6.84
684507,-0.43,3.91,-3.66
684527,-0.98,0.43,-1.95
684547,0.18,0.85,-1.46
684567,-0.37,1.46,-0.49
684587,-5.00,-0.37,0.18
684607,-5.19,1.28,3.66
684627,-5.80,1.04,6.29
684647,-5.25,1.22,9.09
684667,-0.49,1.28,12.82
684687,-1.77,-2.99,8.48
684707,-0.61,-2.26,7.32
684727,4.21,-0.43,9.40
684747,4.94,-1.34,7.32
684767,5.98,-0.98,4.82
684787,2.99,0.55,2.75
684807,3.48,1.77,7.75
684827,4.15,0.49,10.13
684847,-2.69,-5.98,2.99
684867,-2.01,-6.90,3.36
684887,-1.53,-2.69,5.43
684907,-5.98,-7.20,6.90
684927,-3.30,-8.30,8.61
684947,1.22,-2.26,4.27
684967,-1.71,0.55,-2.01
684987,1.10,0.43,2.62
685007,3.42,-2.69,5.62
685027,1.59,-6.29,3.91
685047,2.87,-7.69,5.31
685067,3.11,-8.85,5.86
685087,6.65,-9.77,6.77
685107,4.33,-9.40,2.56
685127,4.52,-7.45,0.18
685147,5.19,-6.90,-1.77
685167,2.38,-4.21,-5.07
685187,3.54,-3.23,-4.03
685207,0.79,-4.64,-5.07
685227,-0.79,-4.94,-4.03
685247,0.24,-3.23,-3.48
685267,-4.27,-2.69,-8.18
685287,-5.49,0.06,-6.41
685307,-0.06,0.98,0.61
685327,0.00,-4.09,-2.38
685347,-3.54,-2.62,-5.62
685367,-5.19,0.00,-1.71
685387,-5.25,-1.04,1.10
685407,0.43,-3.91,5.68
685427,-0.67,-3.60,1.10
685447,-4.15,-0.31,-1.71
685467,-0.92,1.53,0.73
685487,2.20,4.70,0.31
685507,0.37,4.46,-5.13
685527,-1.22,1.89,-9.22
685547,-1.22,-0.85,-6.65
685567,-2.56,-2.32,-2.81
685587,-2.75,-1.83,-1.40
685607,-2.26,-2.75,-2.38
685627,-2.01,-2.50,-3.97
685647,-1.40,1.46,-3.17
685667,1.40,4.39,1.10
685687,2.75,3.48,0.67
685707,0.24,4.70,-4.52
685727,-0.85,5.55,-3.30
685747,0.92,3.78,0.37
685767,1.28,5.07,-1.22
685787,0.85,3.05,-2.69
685807,1.16,0.06,-1.46
685827,-0.55,1.83,-1.89
685847,-1.28,3.60,-2.32
685867,-0.18,3.85,-1.46
685887,0.06,2.93,-2.08
685907,0.79,1.71,-2.01
685927,1.71,0.37,0.00
685947,-1.10,-0.24,-1.65
685967,-1.59,2.01,-2.20
685987,1.65,1.83,0.92
686007,0.31,0.55,0.55
686027,-0.92,1.77,-1.04
686047,-0.73,0.67,-1.95
686067,-1.77,0.79,-2.87
686087,-1.10,3.11,-2.69
686107,0.73,4.76,-2.14
686127,3.66,4.21,-0.61
686147,1.83,2.38,-2.32
686167,1.34,2.26,-2.08
686187,2.93,1.95,-0.67
686207,2.44,1.40,-0.79
686227,1.71,1.83,-0.37
686247,2.01,2.38,-0.67
686267,3.11,1.22,-0.37
686287,1.04,2.20,0.06
686307,1.46,2.20,2.69
686327,2.14,-1.71,3.23
686347,0.98,-1.89,3.05
686367,-0.73,-0.06,5.98
686387,-1.83,-2.56,10.13
686407,2.26,-6.59,14.77
686427,5.86,-17.27,19.10
686447,-1.71,-21.06,16.60
686467,-6.47,-11.29,13.61
686487,-1.83,-8.48,13.73
686507,-1.53,-10.13,8.85
686527,-1.65,-3.48,3.36
686547,-0.06,5.19,2.01
686567,0.73,4.76,2.44
686587,1.71,0.67,2.87
686607,2.50,0.37,1.83
686627,4.33,0.31,3.72
686647,0.98,-4.03,5.00
686667,0.61,-4.03,5.74
686687,3.60,-2.44,4.46
686707,2.93,-0.31,1.10
686727,3.36,2.62,2.08
686747,3.66,1.71,4.03
686767,3.05,0.37,5.13
686787,1.89,-2.20,3.66
686807,2.44,-1.83,2.01
686827,2.50,-0.31,2.44
686847,2.32,-2.01,3.66
686867,0.85,-3.30,3.05
686887,-0.49,-2.81,2.20
686907,1.83,-2.38,1.28
686927,2.69,-1.77,-0.37
686947,-0.43,0.12,-1.40
686967,-2.62,-0.73,-2.14
686987,-0.24,-1.77,-0.37
687007,-0.79,-1.04,-0.06
687027,-3.30,-1.46,-1.40
687047,-3.17,-1.59,-2.50
687067,-3.11,-0.49,-2.50
687087,-2.87,0.24,-2.01
687107,-3.72,-1.22,-3.23
687127,-4.64,-2.38,-3.30
687147,-4.52,-0.73,-1.95
687167,-4.58,-0.79,-3.17
687187,-3.05,-0.98,-4.58
687207,-2.20,-1.40,-3.72
687227,-4.58,0.31,-4.76
687247,-3.72,1.10,-2.69
687267,-1.71,-0.79,-1.53
687287,-2.56,0.67,-5.80
687307,-2.99,2.87,-5.74
687327,-3.85,1.10,-1.59
687347,-4.52,-0.43,0.73
687367,-3.97,-0.73,1.16
687387,-6.53,-2.08,1.77
687407,-8.18,-2.44,5.19
687427,-7.69,-2.26,7.75
687447,-5.98,-1.53,7.93
687467,-4.09,-0.67,5.55
687487,-0.61,1.46,3.05
687507,-0.67,2.99,-0.67
687527,-0.31,2.20,-1.59
687547,-0.79,-2.01,-0.73
687567,0.06,-5.43,0.85
687587,-0.55,-5.13,0.92
687607,-2.50,-2.08,-0.24
687627,0.24,-0.06,-0.67
687647,1.83,2.32,-3.66
687667,3.17,7.51,-4.15
687687,5.25,9.77,-2.99
687707,6.04,8.00,-2.38
687727,4.88,5.00,-0.85
687747,0.12,1.95,-0.18
687767,-0.49,-3.17,3.11
687787,-1.65,-8.12,1.77
687807,-4.33,-7.14,-3.66
687827,-1.89,-2.93,-3.60
687847,-0.31,-2.50,-2.93
687867,-0.79,-2.50,-2.38
687887,-1.46,0.31,-0.73
687907,-0.18,0.85,1.77
687927,0.79,-1.77,2.56
687947,1.28,-0.92,2.44
687967,0.31,-2.14,0.31
687987,1.46,-3.60,0.98
688007,0.85,-2.75,-0.18
688027,0.43,-1.22,-2.08
688047,2.14,-0.24,-0.67
688067,2.99,0.00,0.24
688087,3.05,0.43,-0.43
688107,1.83,0.37,-1.28
688127,0.85,-0.37,-1.53
688147,0.49,-1.28,-1.04
688167,1.04,-3.66,-0.06
688187,-0.85,-7.02,0.00
688207,-2.20,-5.86,0.06
688227,-1.28,-4.52,0.24
688247,-0.85,-3.11,0.24
688267,0.00,-1.28,-0.49
688287,-0.98,0.43,-1.89
688307,0.12,-0.49,0.06
688327,0.55,1.10,0.67
688347,2.14,2.75,0.92
688367,2.81,2.08,0.12
688387,2.26,3.05,-0.24
688407,1.46,3.85,-0.31
688427,1.22,3.85,-0.18
688447,-0.06,3.78,0.24
688467,-0.98,3.54,-0.37
688487,-0.79,3.54,-0.31
688507,-0.92,2.20,-0.18
688527,-0.92,1.95,-0.61
688547,-0.31,1.40,0.06
688567,-0.98,0.85,-0.79
688587,-1.28,1.71,-1.71
688607,0.18,1.77,-0.61
688627,0.55,1.83,-1.83
688647,0.98,1.83,-3.23
688667,1.65,2.69,-3.17
688687,0.43,1.34,-2.69
688707,0.55,0.98,-1.65
688727,2.01,2.32,-0.79
688747,1.22,0.98,-1.65
688767,-0.37,0.73,-2.93
688787,2.20,1.83,-0.31
688807,1.10,0.61,-0.73
688827,0.00,0.06,-1.89
688847,1.89,0.61,-0.24
688867,-0.31,0.98,-0.73
688887,0.24,0.18,-0.06
688907,0.98,0.24,-0.06
688927,1.04,-0.06,0.43
688947,0.85,-1.71,0.73
688967,1.16,-2.08,0.92
688987,0.98,-2.14,0.98
689007,0.43,-2.32,0.00
689027,1.04,-3.23,-0.55
689047,1.95,-3.54,-0.73
689067,1.89,-2.75,-1.22
689087,1.83,-2.44,-1.22
689107,1.53,-2.87,-1.16
689127,1.28,-2.26,-1.16
689147,0.73,-0.31,-1.89
689167,2.20,-0.43,-1.04
689187,2.69,-0.12,-0.43
689207,3.23,0.37,0.92
689227,3.54,1.04,1.53
689247,3.17,0.37,0.98
689267,3.30,0.24,0.55
689287,4.27,0.37,2.44
689307,4.64,-0.67,2.93
689327,2.50,-0.49,0.31
689347,1.46,0.55,-0.73
689367,3.05,0.06,0.79
689387,2.01,-1.53,0.12
689407,2.87,-1.89,0.06
689427,4.46,-0.24,1.10
689447,3.54,-1.65,1.40
689467,2.62,-2.44,1.83
689487,2.56,-1.40,1.53
689507,0.18,-2.50,0.24
689527,0.00,-2.14,0.85
689547,0.12,-0.12,-0.49
689567,-1.83,0.79,-1.65
689587,-2.69,-0.79,0.31
689607,-2.75,0.00,1.04
689627,-3.85,1.10,0.24
689647,-3.05,0.06,1.71
689667,-2.38,-1.16,2.50
689687,-2.26,-0.37,1.28
689707,-0.79,-0.06,0.61
689727,-1.10,-1.28,-1.77
689747,-3.66,-3.17,-4.27
689767,-1.22,-5.13,-0.18
689787,-1.95,-4.76,0.61
689807,-3.36,-3.42,-0.31
689827,-1.16,-4.58,2.87
689847,-2.99,-3.48,1.77
689867,-1.95,-0.98,1.53
689887,-3.42,-2.32,1.28
689907,-2.14,-2.38,1.89
689927,-0.31,-1.83,0.61
689947,-1.40,-1.65,-0.37
689967,-1.10,-2.69,0.67
689987,-1.22,-2.08,0.18
690007,-1.16,-1.89,0.37
690027,-1.16,-3.30,0.73
690047,0.37,-2.26,0.61
690067,-0.18,-0.73,0.43
690087,-0.49,-1.34,0.85
690107,-1.22,-0.37,0.18
690127,-1.46,-0.12,1.10
690147,-2.20,-1.95,1.34
690167,-1.59,-1.53,0.37
690187,-1.89,-0.85,0.31
690207,-2.44,-0.61,0.61
690227,-2.38,-0.55,-0.24
690247,-1.89,-0.43,-0.31
690267,-1.53,0.85,-0.61
690287,0.67,0.92,0.49
690307,0.79,0.92,-0.06
690327,0.31,3.05,-0.43
690347,0.18,1.71,0.12
690367,-0.79,-0.24,0.43
690387,-0.73,0.67,1.65
690407,-1.16,-0.18,2.38
690427,-3.66,0.12,-0.55
690447,-3.91,1.77,-0.73
690467,-5.07,0.85,-0.67
690487,-3.97,2.14,-0.49
690507,-1.77,3.17,0.37
690527,-3.05,3.17,-1.65
690547,-1.40,4.27,-1.46
690567,-0.61,3.72,-0.31
690587,-0.37,2.75,0.24
690607,1.16,2.20,0.98
690627,1.28,1.95,-0.12
690647,-0.06,0.85,-1.83
690667,1.83,2.01,-0.31
690687,3.30,1.53,0.06
690707,1.95,0.61,-1.34
690727,3.48,1.04,0.18
690747,2.01,0.79,-0.24
690767,1.10,0.00,-0.12
690787,1.59,-0.67,0.67
690807,2.50,0.18,0.61
690827,1.40,-0.24,-0.67
690847,1.16,-1.04,-1.04
690867,1.59,0.67,-1.46
690887,0.98,0.06,-1.28
690907,0.92,-1.10,-0.31
690927,1.34,-0.67,0.31
690947,0.61,-1.34,-0.24
690967,0.43,-1.71,1.16
690987,-0.79,-1.22,1.77
691007,-0.12,-0.98,1.83
691027,0.37,-1.89,0.67
691047,-0.92,-0.67,-0.79
691067,1.04,-0.31,1.28
691087,0.43,-0.31,0.00
691107,-0.92,1.04,-1.46
691127,-0.67,0.98,-0.18
691147,-1.34,0.06,-1.04
691167,-2.93,1.04,-2.56
691187,-2.93,1.10,-1.83
691207,-1.65,1.04,-1.65
691227,-1.59,1.04,-3.30
691247,0.12,0.98,-2.56
691267,-1.16,3.36,-2.75
691287,-0.43,-0.06,-3.05
691307,-1.95,0.06,-5.55
691327,-6.16,3.66,-5.86
691347,-6.84,-0.73,-2.87
691367,-7.08,-0.06,-1.65
691387,-7.20,1.10,-0.06
691407,-7.69,-0.67,0.12
691427,-5.19,2.14,0.49
691447,-6.84,5.25,-0.24
691467,-6.96,5.68,5.68
691487,1.28,2.62,9.52
691507,-1.10,-3.42,5.19
691527,3.78,-1.40,5.13
691547,-3.48,7.26,-5.86
691567,5.00,8.67,1.04
691587,2.01,4.15,-0.98
691607,2.56,-0.37,2.62
691627,1.40,-4.15,3.66
691647,1.04,-2.93,1.04
691667,3.78,-0.79,0.00
691687,2.32,-0.98,-1.16
691707,2.69,-1.71,-0.67
691727,3.05,-2.08,-0.55
691747,1.77,-3.11,1.77
691767,2.87,-4.88,5.80
691787,2.81,-8.24,8.30
691807,1.28,-9.28,10.68
691827,2.56,-8.24,14.59
691847,4.21,-9.09,14.77
691867,6.96,-5.07,9.77
691887,8.48,-5.31,5.86
691907,5.62,-8.18,4.21
691927,5.62,-8.97,6.65
691947,2.20,-8.42,5.86
691967,2.69,-5.19,5.19
691987,4.52,-4.27,3.97
692007,3.54,-2.26,1.46
692027,4.76,-2.20,3.54
692047,5.37,-1.22,5.07
692067,6.96,1.10,3.97
692087,4.39,-0.67,-2.26
692107,0.43,1.59,-5.92
692127,2.32,1.77,-1.59
692147,0.37,0.55,-2.01
692167,-0.06,2.87,-4.27
692187,0.85,2.56,-4.88
692207,-2.50,1.95,-6.29
692227,-4.76,3.72,-6.35
692247,-3.97,2.56,-4.15
692267,-6.96,1.34,-5.98
692287,-5.55,3.42,-5.98
692307,-3.91,5.55,-7.45
692327,-6.65,6.90,-11.60
692347,-4.21,9.40,-8.85
692367,-2.26,9.58,-5.25
692387,-1.34,6.23,-7.39
692407,-7.39,3.72,-11.17
692427,-10.62,4.46,-4.88
692447,-8.48,-0.37,-0.98
692467,-11.05,-1.40,-5.19
692487,-7.51,3.54,-2.26
692507,-6.84,8.30,-2.93
692527,-4.70,7.20,-1.04
692547,-3.66,0.06,3.66
692567,-4.76,-4.82,4.70
692587,-2.69,-5.68,4.88
692607,-2.50,-4.21,1.04
692627,-0.12,-3.30,-1.10
692647,2.69,-1.65,-2.14
692667,1.22,1.83,-5.13
692687,2.56,1.53,-2.99
692707,2.69,0.12,-1.28
692727,2.75,-0.37,0.00
692747,2.08,-2.99,1.46
692767,1.53,-2.56,1.22
692787,2.50,-1.59,0.55
692807,2.69,-2.01,-0.85
692827,3.17,0.24,-2.38
692847,4.03,1.71,-2.69
692867,1.28,1.65,-3.23
692887,0.12,3.30,-2.26
692907,-0.55,3.36,-1.28
692927,-3.60,1.83,-1.34
692947,-4.82,1.28,0.55
692967,-6.84,0.85,0.31
692987,-6.04,1.04,0.18
693007,-3.85,-0.92,0.49
693027,-0.67,-5.86,3.23
693047,0.85,-3.85,1.40
693067,3.97,-1.59,-1.10
693087,8.18,-1.71,-1.53
693107,8.85,2.69,-3.36
693127,8.48,6.16,-3.17
693147,6.65,0.79,0.61
693167,3.17,-3.97,5.19
693187,1.95,-3.72,8.06
693207,1.34,-5.43,7.20
693227,1.04,-5.07,5.92
693247,3.36,-0.49,5.13
693267,2.26,-1.59,2.26
693287,2.81,-1.65,2.32
693307,7.75,-1.53,3.11
693327,6.77,-3.36,-0.06
693347,5.68,-5.07,0.49
693367,4.52,-8.54,3.85
693387,2.50,-13.06,7.20
693407,2.38,-10.13,7.32
693427,3.54,-3.78,6.71
693447,5.25,-4.58,8.36
693467,4.15,-9.22,8.97
693487,-0.37,-12.02,7.69
693507,0.55,-11.78,9.95
693527,3.54,-7.75,8.73
693547,0.73,-3.42,3.36
693567,-0.73,-4.64,3.78
693587,0.85,-3.42,4.09
693607,4.39,-3.85,2.69
693627,7.69,2.08,-0.06
693647,8.18,9.83,-4.76
693667,7.93,4.09,-5.25
693687,4.70,4.82,-5.37
693707,3.60,7.51,-5.49
693727,0.06,5.00,-8.18
693747,-2.93,6.77,-7.45
693767,-4.27,6.35,-5.74
693787,-6.65,5.25,-7.32
693807,-5.86,7.45,-6.59
693827,-5.00,8.42,-6.10
693847,-6.90,7.51,-8.00
693867,-7.57,7.69,-6.84
693887,-6.10,3.54,-3.91
693907,-7.51,2.75,-5.86
693927,-5.07,6.41,-5.31
693947,-5.19,5.13,-5.49
693967,-4.82,4.33,-4.21
693987,-3.42,3.66,-2.44
694007,-5.92,3.23,-3.78
694027,-5.13,2.38,-1.16
694047,-5.49,1.10,-0.06
694067,-6.65,1.46,0.18
694087,-4.21,0.79,3.42
694107,-3.78,1.53,2.87
694127,-3.97,0.98,1.16
694147,-1.71,0.43,2.08
694167,0.24,0.98,1.53
694187,0.61,-1.53,2.26
694207,-0.31,-3.60,2.38
694227,1.46,-3.23,2.01
694247,2.26,-1.95,1.16
694267,2.56,-2.26,1.46
694287,3.11,-3.42,0.49
694307,4.82,-1.83,0.24
694327,5.43,-0.92,-0.49
694347,6.84,0.00,-1.04
694367,9.40,-0.43,-0.12
694387,8.61,0.43,-1.95
694407,8.06,0.85,-2.56
694427,9.03,-0.24,-1.40
694447,6.10,-1.53,-2.50
694467,1.95,1.28,-1.28
694487,1.53,-1.10,3.11
694507,1.77,-2.32,4.88
694527,-1.22,0.55,1.16
694547,-2.08,2.69,-0.61
694567,-1.71,2.87,-0.12
694587,-1.83,2.08,-0.24
694607,-0.37,1.40,0.24
694627,-1.77,1.40,-0.79
694647,-3.78,2.69,-2.56
694667,-3.05,2.56,-2.81
694687,-2.32,3.36,-2.08
694707,-1.95,3.17,-1.89
694727,-3.78,1.34,-2.26
694747,-2.38,1.04,0.06
694767,-1.34,1.65,0.37
694787,-1.83,0.37,-1.04
694807,0.55,0.18,0.00
694827,2.87,0.00,1.40
694847,1.53,-1.65,1.22
694867,2.69,-2.99,3.05
694887,2.75,-4.09,4.15
694907,1.89,-5.55,4.82
694927,1.59,-4.21,4.58
694947,0.61,-2.87,3.05
694967,0.12,-3.85,3.48
694987,1.71,-3.66,4.64
695007,0.06,-2.62,3.36
695027,0.24,-3.91,3.97
695047,0.92,-4.15,3.72
695067,3.05,-1.28,3.60
695087,4.33,-0.31,2.26
695107,4.39,-0.24,0.31
695127,4.82,1.89,-1.22
695147,4.33,3.54,-1.83
695167,2.99,3.11,-2.50
695187,2.26,1.34,-1.95
695207,0.12,-0.98,-1.71
695227,-1.83,-2.01,-1.95
695247,-2.26,-0.79,-1.71
695267,-2.56,0.31,-2.26
695287,-1.77,2.01,-3.30
695307,-1.34,4.33,-4.94
695327,-0.24,7.63,-6.35
695347,1.65,6.96,-6.10
695367,1.34,4.88,-4.64
695387,1.28,3.66,-2.69
695407,-0.98,0.98,-3.05
695427,-3.48,-0.12,-3.60
695447,-4.33,0.85,-2.87
695467,-4.70,-1.95,-1.83
695487,-3.78,-2.32,-1.10
695507,-0.85,-1.77,1.83
695527,-2.01,0.24,0.37
695547,-0.55,-0.31,0.06
695567,0.37,-1.28,-0.24
695587,-0.67,0.06,-1.28
695607,-0.18,-1.95,-0.79
695627,0.43,-0.98,-0.73
695647,1.83,-0.67,-0.37
695667,1.95,-0.79,-1.10
695687,1.28,-0.31,-0.12
695707,-1.28,-3.11,2.32
695727,-3.72,-4.94,4.09
695747,-3.42,-5.62,6.04
695767,-2.93,-5.31,5.74
695787,-3.48,-5.25,4.88
695807,-2.93,-3.66,3.36
695827,-0.12,-0.67,2.56
695847,1.65,1.83,0.12
695867,2.81,4.46,-1.46
695887,2.56,6.29,-1.59
695907,1.65,4.58,-1.40
695927,0.79,4.09,-1.65
695947,1.28,4.58,-1.04
695967,0.18,2.62,-1.22
695987,-0.79,3.30,-0.79
696007,-1.16,4.64,-0.92
696027,-4.88,1.59,-3.91
696047,-4.33,2.26,-2.81
696067,-3.85,4.33,-3.48
696087,-4.52,4.27,-4.15
696107,-0.85,4.27,-2.14
696127,0.55,8.06,-5.07
696147,-0.31,9.40,-4.03
696167,-5.80,2.81,-2.56
696187,-1.16,0.92,5.49
696207,-4.70,-2.69,2.44
696227,-5.19,-2.87,2.69
696247,-3.23,-3.72,2.69
696267,-2.87,-1.22,-2.75
696287,-1.83,1.65,-4.27
696307,-1.34,0.73,-2.75
696327,0.12,-2.87,1.65
696347,0.61,-5.55,3.66
696367,0.61,-4.76,2.56
696387,0.85,-3.78,0.73
696407,1.59,-1.83,-1.10
696427,3.60,0.92,-2.32
696447,3.78,1.34,-2.87
696467,3.30,2.08,-2.01
696487,3.60,1.83,-0.43
696507,2.75,0.79,-0.31
696527,1.46,1.83,-0.61
696547,1.89,0.98,0.55
696567,1.22,0.06,-0.12
696587,2.56,1.34,-0.18
696607,3.60,2.38,-0.79
696627,1.40,4.52,-3.66
696647,-0.37,6.23,-3.23
696667,-0.67,4.58,-1.65
696687,-2.50,5.13,-2.99
696707,-2.93,5.68,-3.17
696727,-2.87,6.10,-2.32
696747,-1.04,6.04,-0.18
696767,-0.43,1.65,0.79
696787,0.98,-1.89,2.62
696807,0.18,0.98,-1.22
696827,-0.92,4.88,-6.35
696847,-1.59,6.23,-6.77
696867,-0.92,4.27,-4.09
696887,-4.03,3.72,-4.39
696907,-3.23,5.68,-3.36
696927,-3.42,5.00,-4.46
696947,-3.97,2.93,-3.36
696967,-3.11,2.08,-0.98
696987,-4.33,3.54,-2.93
697007,-3.36,3.85,-3.54
697027,-4.70,4.46,-4.09
697047,-7.14,5.25,-4.27
697067,-5.98,3.60,-2.20
697087,-5.74,5.19,-1.04
697107,-5.92,3.97,-1.46
697127,-6.90,2.99,-1.95
697147,-3.66,3.66,1.46
697167,-3.85,1.46,0.73
697187,-3.23,2.38,0.00
697207,-2.08,3.97,-0.31
697227,-1.34,2.38,-1.28
697247,-1.16,1.34,-2.38
697267,-0.92,2.01,-0.79
697287,-1.34,-0.37,2.26
697307,0.12,-1.53,1.95
697327,0.98,-1.04,-0.37
697347,1.71,-0.06,2.32
697367,1.53,-2.01,3.36
697387,0.85,-1.16,1.40
697407,1.83,-1.16,1.34
697427,1.71,-2.93,0.73
697447,1.53,-2.99,1.46
697467,-1.34,-1.16,0.67
697487,-1.95,0.55,0.31
697507,-2.93,0.49,-0.55
697527,-2.75,1.53,-0.49
697547,-1.28,1.89,0.12
697567,-0.37,1.65,0.67
697587,-1.16,1.65,-0.18
697607,0.92,-0.79,0.73
697627,-0.06,-3.97,0.12
697647,0.00,-0.92,0.18
697667,1.16,1.40,0.00
697687,0.43,2.20,1.77
697707,4.46,-1.53,4.21
697727,3.05,-0.79,-2.93
697747,2.14,-0.67,-2.69
697767,2.50,-4.21,1.40
697787,2.56,-4.94,4.52
697807,1.77,-6.23,4.21
697827,-0.92,-4.64,-0.06
697847,-1.22,-0.98,-0.55
697867,-0.98,1.04,2.08
697887,2.32,1.83,3.23
697907,0.98,-2.14,-0.49
697927,-0.92,-4.15,0.37
697947,-0.24,-4.27,4.15
697967,-1.34,-2.99,4.15
697987,0.31,-2.75,2.93
698007,-1.22,-0.31,-1.71
698027,-1.10,1.46,-0.79
698047,0.24,-1.34,2.01
698067,1.77,-1.95,1.53
698087,3.17,0.92,-0.06
698107,1.95,-0.79,-0.85
698127,4.03,-1.71,2.38
698147,4.64,-2.81,2.87
698167,2.87,-2.75,0.37
698187,4.03,-2.14,0.73
698207,3.60,-4.33,0.73
698227,3.48,-4.64,0.18
698247,3.23,-3.72,-0.18
698267,2.50,-4.76,0.67
698287,3.78,-4.03,2.08
698307,4.33,-4.39,1.34
698327,4.09,-4.70,1.22
698347,3.85,-4.52,2.69
698367,4.58,-3.91,3.60
698387,7.45,-2.93,2.62
698407,5.19,-2.01,-0.67
698427,4.64,-0.37,-0.37
698447,6.53,-2.20,1.83
698467,5.07,-0.85,-0.18
698487,4.09,-0.24,0.85
698507,-0.24,-0.92,0.73
698527,-2.87,-1.28,2.69
698547,-3.60,-1.65,5.07
698567,-4.39,-0.61,5.31
698587,-1.34,-2.87,10.80
698607,-1.77,-5.07,11.90
698627,-5.00,-3.11,8.42
698647,-4.82,0.31,7.20
698667,-1.10,1.10,6.10
698687,1.89,0.31,4.82
698707,-2.87,0.24,2.14
698727,-3.72,2.08,-0.12
698747,2.93,2.38,0.24
698767,3.60,1.89,-2.75
698787,3.72,2.50,-1.04
698807,-0.85,1.10,-0.73
698827,-4.82,-0.67,-1.34
698847,-6.10,0.12,-1.16
698867,-2.01,-0.18,1.10
698887,-2.50,0.00,-0.12
698907,-2.01,1.16,-0.49
698927,1.04,0.61,0.92
698947,-0.18,-1.22,-0.73
698967,-2.69,-1.71,-2.20
698987,-0.24,-0.18,0.73
699007,-0.79,0.73,-0.43
699027,0.31,0.67,-1.10
699047,0.85,1.10,-0.92
699067,-0.06,-0.24,-0.06
699087,1.59,-0.61,2.08
699107,1.46,-0.18,0.92
699127,0.18,1.46,-0.92
699147,2.81,2.38,0.24
699167,5.07,5.13,0.06
699187,3.36,4.76,-2.20
699207,-2.08,1.53,-4.58
699227,0.98,2.38,1.04
699247,-0.85,0.85,0.00
699267,-4.52,-0.79,-1.65
699287,-3.36,-0.24,1.77
699307,-6.65,1.95,0.00
699327,-9.09,1.46,-1.04
699347,-7.32,0.73,1.77
699367,-7.20,-0.61,2.14
699387,-6.29,-0.73,0.67
699407,-4.46,0.24,-0.31
699427,-2.08,0.12,0.79
699447,-1.71,-1.59,-0.73
699467,-0.18,-1.89,-1.89
699487,0.55,-1.34,-1.83
699507,-0.61,-1.53,-1.28
699527,0.37,-2.75,-0.31
699547,0.12,-3.91,-0.06
699567,-1.40,-5.19,-0.06
699587,0.37,-4.64,2.01
699607,0.06,-3.72,2.08
699627,-0.37,-4.58,1.89
699647,2.50,-3.60,2.99
699667,1.77,-3.30,1.53
699687,2.38,-1.46,0.61
699707,3.23,-1.71,0.24
699727,1.89,-2.01,0.12
699747,2.20,-0.24,0.98
699767,2.50,-0.55,0.85
699787,1.89,0.00,-0.55
699807,2.38,1.40,1.16
699827,0.61,-1.16,1.95
699847,-0.67,-1.59,1.40
699867,-2.14,-0.37,1.40
699887,-0.43,-1.59,2.38
699907,-1.34,-1.77,0.85
699927,-2.20,-2.01,1.22
699947,-1.95,-2.93,1.46
699967,-0.06,-2.08,2.01
699987,-2.93,-1.89,-0.73
700007,-3.17,-1.53,0.67
700027,-1.10,-2.99,3.11
700047,-2.26,-2.50,0.79
700067,-2.14,-2.01,0.79
700087,-0.61,-2.75,3.23
700107,-0.49,-3.05,3.85
700127,0.79,-3.60,3.11
700147,3.30,-3.17,2.50
700167,4.33,-1.53,1.83
700187,3.85,-3.85,1.53
700207,3.54,-5.49,1.28
700227,4.21,-4.33,1.65
700247,3.17,-4.58,0.55
700267,3.60,-5.37,0.55
700287,4.70,-5.92,0.18
700307,1.71,-4.03,-1.65
700327,3.72,-0.85,0.06
700347,5.74,-1.16,0.43
700367,3.72,-1.59,-0.55
700387,2.93,-1.28,0.31
700407,4.52,-1.46,3.05
700427,3.17,-1.65,2.62
700447,2.01,-1.65,0.92
700467,1.59,-1.40,0.92
700487,0.79,-1.59,1.28
700507,2.01,-1.28,2.20
700527,1.10,-0.49,0.37
700547,0.18,0.79,0.98
700567,-0.43,0.31,1.71
700587,0.37,-0.06,2.14
700607,-0.24,-0.61,2.50
700627,-1.71,-0.43,2.93
700647,-0.92,-0.73,3.23
700667,-1.77,-0.73,1.34
700687,-1.77,-0.31,-0.12
700707,-0.37,0.24,-0.18
700727,0.31,0.49,-0.24
700747,0.00,0.98,-1.40
700767,1.22,1.34,-0.49
700787,-0.06,1.83,-0.49
700807,-0.43,2.75,-1.71
700827,-0.79,3.54,-2.20
700847,-1.16,2.93,-1.46
700867,-1.22,3.78,-1.34
700887,-1.95,3.11,-0.85
700907,-3.11,2.26,-1.77
700927,-2.26,2.44,-1.40
700947,-4.39,2.62,-2.75
700967,-3.23,2.81,-1.53
700987,-2.87,1.59,-0.92
701007,-3.85,1.46,-1.59
701027,-3.36,1.65,-1.34
701047,-2.38,0.24,-0.12
701067,-3.11,-1.16,-1.59
701087,-3.97,-0.31,-1.77
701107,-2.81,-0.79,0.12
701127,-2.08,-0.85,-0.43
701147,-1.28,0.79,-0.55
701167,-0.18,0.92,-0.06
701187,1.04,3.36,0.31
701207,2.69,3.72,2.08
701227,1.04,2.14,0.98
701247,0.43,1.10,0.43
701267,-0.67,2.50,0.31
701287,0.85,1.95,0.92
701307,0.73,0.49,0.37
701327,0.00,0.67,-0.31
701347,0.49,2.56,-0.31
701367,0.73,3.42,-2.14
701387,0.79,4.58,-4.03
701407,1.04,4.46,-4.58
701427,0.12,4.76,-4.82
701447,0.31,4.15,-3.48
701467,-1.28,3.23,-3.36
701487,-1.89,2.69,-2.38
701507,-0.98,2.62,-1.65
701527,-2.62,3.66,-3.17
701547,-2.75,3.23,-3.36
701567,-1.71,4.09,-2.38
701587,-3.91,4.94,-3.30
701607,-4.03,6.59,-3.36
701627,-2.38,7.69,-2.75
701647,-4.58,6.41,-4.09
701667,-4.03,6.53,-3.48
701687,-3.11,6.41,-4.33
701707,-7.63,8.12,-6.90
701727,-5.19,7.51,-3.30
701747,-3.91,5.49,-2.99
701767,-7.20,6.84,-4.82
701787,-8.06,7.20,-3.11
701807,-7.26,4.82,-2.81
701827,-6.23,6.65,-3.97
701847,-3.72,9.46,-3.78
701867,-2.50,7.57,-4.94
701887,-4.03,7.32,-6.59
701907,-1.77,8.12,-3.78
701927,-1.04,6.77,-4.27
701947,-1.65,7.14,-5.80
701967,-1.04,5.25,-6.10
701987,-1.89,6.16,-4.58
702007,-0.92,8.36,-2.62
702027,-2.99,4.88,-4.39
702047,-3.17,6.53,-4.21
702067,-1.53,6.16,-3.54
702087,-3.30,5.19,-5.49
702107,-3.11,5.19,-4.03
702127,-2.01,3.48,-1.34
702147,-3.05,2.01,-1.71
702167,-2.20,2.01,-1.59
702187,-2.62,2.81,-2.20
702207,-1.71,4.33,-1.16
702227,1.10,4.52,0.06
702247,-1.34,2.99,-2.69
702267,-3.54,2.75,-2.26
702287,0.18,1.04,2.14
702307,-1.59,0.12,-0.61
702327,-2.99,1.46,-2.14
702347,0.24,-0.24,0.67
702367,-1.22,-0.43,-0.37
702387,-1.59,-0.43,-0.24
702407,-0.92,-1.22,0.98
702427,-0.24,0.00,2.32
702447,-1.53,-0.43,2.20
702467,0.18,-2.08,3.42
702487,0.12,-2.87,1.71
702507,0.85,-2.50,0.73
702527,0.55,-2.81,1.83
702547,1.89,-3.36,2.75
702567,1.04,-1.71,0.24
702587,1.22,-1.89,1.71
702607,1.53,-3.23,3.23
702627,2.50,-2.20,2.32
702647,1.16,-0.92,0.49
702667,1.46,-0.98,1.04
702687,0.49,-0.24,-0.31
702707,0.79,-0.24,-0.18
702727,-0.43,-0.55,0.61
702747,-0.85,0.55,0.73
702767,-1.89,1.71,-1.34
702787,-2.20,2.56,-1.28
702807,-1.40,3.05,-0.06
702827,-1.53,4.27,-0.98
702847,-2.26,4.27,-2.44
702867,-1.22,3.05,-1.83
702887,-2.26,3.36,-3.23
702907,-1.28,3.85,-3.23
702927,-0.61,3.72,-2.56
702947,-1.65,3.66,-2.81
702967,-0.79,2.44,-1.77
702987,-0.98,1.83,-1.89
703007,-0.12,1.34,-1.77
703027,-0.43,-0.55,-2.44
703047,0.37,-1.28,-1.95
703067,0.43,-1.28,-0.73
703087,0.55,-1.83,1.22
703107,0.06,-1.16,0.67
703127,0.67,-0.49,0.37
703147,0.67,-1.10,0.24
703167,-0.31,-0.61,-0.24
703187,0.18,-0.43,0.12
703207,0.24,-0.43,-0.31
703227,0.73,0.37,-0.85
703247,-0.43,0.06,-1.40
703267,-0.85,-0.31,-0.79
703287,0.06,-0.73,0.55
703307,-1.65,0.49,0.43
703327,-0.73,1.65,1.71
703347,-1.10,0.61,-0.12
703367,-2.14,1.59,-2.20
703387,-0.06,2.38,-1.65
703407,-0.24,1.89,-1.10
703427,-0.98,2.38,1.71
703447,-0.18,0.00,2.99
703467,-0.06,-0.18,-0.37
703487,-1.10,0.67,-1.59
703507,1.22,0.31,1.28
703527,0.49,-0.31,-0.55
703547,-0.37,1.28,-0.61
703567,1.59,0.12,1.53
703587,1.10,0.49,-1.10
703607,0.61,0.79,-1.53
703627,1.28,0.31,0.98
703647,0.79,0.24,0.98
703667,0.43,0.31,-0.85
703687,1.89,0.37,-0.12
703707,2.01,0.67,0.31
703727,0.49,0.61,-0.24
703747,1.40,0.49,1.34
703767,0.31,-1.04,-0.24
703787,-1.28,0.85,-1.83
703807,0.12,1.83,0.31
703827,-0.37,1.95,0.49
703847,0.31,0.24,0.49
703867,-0.49,-0.06,-1.46
703887,0.61,0.79,-0.24
703907,-0.18,0.79,-0.37
703927,-0.37,0.73,-1.04
703947,-0.43,1.10,-1.34
703967,-0.12,0.43,-0.67
703987,-0.49,0.06,-0.92
704007,0.85,0.92,0.67
704027,0.49,1.65,-0.18
704047,0.85,0.67,-0.92
704067,0.37,-0.37,-1.04
704087,0.18,0.06,-0.24
704107,0.18,-1.34,-0.55
704127,0.12,0.31,-1.04
704147,-0.12,0.79,-0.92
704167,0.79,-0.12,-0.12
704187,1.16,0.24,0.12
704207,0.61,-0.18,-0.49
704227,0.61,-0.24,-0.67
704247,0.85,0.00,0.31
704267,-0.37,-0.43,1.46
704287,-0.06,-1.53,2.93
704307,0.31,-0.79,1.16
704327,0.67,-1.10,-0.37
704347,1.40,-0.73,-0.67
704367,0.85,0.67,-0.85
704387,1.22,-1.10,0.98
704407,-0.06,-1.53,0.73
704427,-0.55,-1.83,0.49
704447,0.06,-3.11,0.73
704467,1.53,-4.70,0.18
704487,0.37,-8.18,-0.85
704507,-1.65,-6.23,0.55
704527,-0.73,-3.17,1.04
704547,0.06,-7.32,-0.18
704567,1.95,-1.46,0.49
704587,2.20,-0.61,1.40
704607,2.14,-1.83,3.54
704627,-1.59,-3.85,-0.06
704647,-2.01,-3.48,-2.69
704667,1.16,-2.14,0.61
704687,-0.12,-2.50,-0.18
704707,-0.61,-0.67,0.06
704727,-2.14,-2.01,0.92
704747,-3.17,-3.11,0.18
704767,-1.65,-1.16,-0.79
704787,0.24,-0.92,0.49
704807,-0.12,-0.49,0.79
704827,-1.59,-1.53,-0.31
704847,-2.93,-2.26,-0.55
704867,-1.77,-1.28,0.55
704887,-0.61,-0.31,0.12
704907,1.53,0.49,0.98
704927,0.43,0.31,1.40
704947,0.18,-0.31,1.59
704967,1.34,-0.18,0.73
704987,-0.18,-0.55,-0.55
705007,-1.22,-0.37,-0.85
705027,-0.61,0.43,0.12
705047,-0.12,-0.12,1.34
705067,-0.92,0.18,0.31
705087,0.85,0.31,1.34
705107,1.71,0.06,1.04
705127,-0.79,0.00,-1.59
705147,-0.73,0.61,0.06
705167,-1.59,0.92,0.61
705187,-1.04,1.28,0.55
705207,-1.53,1.83,-0.85
705227,-1.40,2.75,-0.49
705247,-0.12,1.77,1.40
705267,-2.01,-0.92,1.16
705287,-2.44,0.31,1.16
705307,-0.12,-0.67,0.00
705327,-0.12,0.92,-2.20
705347,-0.31,1.40,-0.73
705367,-0.55,-0.12,0.67
705387,0.73,0.12,2.81
705407,0.43,-0.98,1.71
705427,-1.95,-0.98,-2.50
705447,-1.95,-0.67,-2.32
705467,-2.20,-0.31,-1.53
705487,-1.46,-0.55,-0.67
705507,-1.83,-0.73,0.06
705527,-1.71,-1.46,0.24
705547,-2.20,0.18,0.00
705567,-1.46,-0.18,1.71
705587,-1.40,-1.65,0.73
705607,-3.17,-0.18,-1.40
705627,-1.28,-0.06,1.04
705647,-0.79,-0.85,1.28
705667,-2.26,-0.85,-0.92
705687,-2.26,-0.12,-0.37
705707,-0.79,-0.37,1.71
705727,-1.34,-2.44,1.40
705747,-1.22,-3.66,1.71
705767,0.49,-1.83,2.32
705787,0.18,0.12,0.67
705807,0.12,-0.43,0.06
705827,2.01,0.31,1.10
705847,1.71,0.18,1.22
705867,0.92,-0.31,0.24
705887,2.26,-0.43,1.40
705907,1.28,-0.18,0.92
705927,0.37,-0.18,1.04
705947,-0.49,-1.22,1.77
705967,-0.85,-0.18,2.38
705987,-1.53,0.67,2.44
706007,-4.03,-0.37,1.28
706027,-3.48,-1.89,0.92
706047,-2.38,0.24,0.85
706067,-2.99,0.06,1.59
706087,-2.20,-1.95,0.92
706107,-0.85,-1.89,-0.61
706127,-1.34,0.00,-1.53
706147,1.71,0.12,0.73
706167,1.40,0.18,-1.22
706187,0.00,0.98,-2.56
706207,-0.31,0.00,-0.31
706227,-0.24,-1.04,1.71
706247,-0.49,0.37,0.79
706267,-2.32,0.67,-0.43
706287,-2.62,0.06,-0.55
706307,-3.48,-0.43,-0.79
706327,-4.21,-0.73,0.24
706347,-2.14,-0.12,1.65
706367,-1.77,0.06,0.49
706387,-2.44,1.04,-0.18
706407,-0.55,0.18,1.22
706427,-0.49,-0.12,-0.24
706447,-2.56,0.24,-2.01
706467,-1.34,0.00,0.18
706487,-0.43,-0.92,0.31
706507,-1.95,0.43,-2.44
706527,-0.24,1.71,-1.71
706547,0.92,0.61,-1.04
706567,-1.40,0.79,-1.22
706587,-0.37,-0.12,2.01
706607,-1.77,-0.18,0.31
706627,-0.79,2.50,-0.73
706647,1.40,1.34,-0.18
706667,-1.10,0.98,-1.40
706687,-1.40,0.79,-0.49
706707,-0.85,0.61,-0.31
706727,-1.34,0.98,-0.61
706747,0.85,0.43,0.61
706767,1.95,0.98,-0.31
706787,-0.49,0.92,-1.89
706807,0.31,-0.37,0.12
706827,0.79,0.00,-0.24
706847,0.55,0.61,-0.31
706867,1.40,0.18,0.67
706887,2.01,-0.37,0.79
706907,1.53,0.79,0.12
706927,0.55,0.85,-0.24
706947,-0.61,-0.67,-0.12
706967,-2.44,-1.46,-0.79
706987,-1.95,-0.67,0.18
707007,0.24,-2.01,1.95
707027,0.37,-3.05,-0.12
707047,-0.98,-1.77,-2.08
707067,0.61,-0.67,-0.18
707087,-0.18,-0.92,-0.31
707107,-0.49,0.92,0.55
707127,-0.31,-0.31,1.16
707147,-1.34,-1.40,0.00
707167,0.24,-0.43,0.55
707187,0.31,0.61,0.00
707207,0.73,0.55,-0.06
707227,-0.79,0.31,-1.10
707247,-0.43,-0.61,0.24
707267,-0.85,-2.01,0.00
707287,-0.67,-1.04,-0.92
707307,-1.22,0.18,-1.65
707327,0.49,0.06,-0.18
707347,-0.06,-0.49,0.31
707367,0.24,0.00,1.16
707387,0.92,0.37,1.22
707407,0.12,-0.31,0.31
707427,-2.38,-0.37,-1.53
707447,-0.61,0.18,-0.37
707467,-0.92,-0.92,-0.79
707487,-0.73,-0.49,-1.10
707507,-0.61,-0.06,-0.37
707527,-2.38,-1.10,-0.49
707547,-0.61,-0.31,0.37
707567,0.92,1.22,1.22
707587,0.24,0.43,1.59
707607,0.18,0.12,0.24
707627,-0.43,-0.43,-2.01
707647,-0.61,-1.16,-1.77
707667,0.24,-1.53,0.43
707687,0.73,-2.14,1.16
707707,-0.18,-0.85,-0.85
707727,-0.37,0.98,-0.67
707747,-0.61,-1.04,0.43
707767,-2.20,-0.85,-0.31
707787,-1.04,-0.61,0.67
707807,-0.49,0.24,0.43
707827,-0.79,0.79,-1.04
707847,-0.67,0.55,-1.04
707867,1.34,-0.18,1.65
707887,0.79,-0.73,-0.06
707907,0.43,0.31,-0.98
707927,0.67,0.06,0.12
707947,0.24,-1.71,0.12
707967,-0.31,-0.92,-0.37
707987,-0.92,-0.55,-0.49
708007,-1.65,-1.59,-0.98
708027,-0.67,-0.73,-0.12
708047,-1.83,-0.37,0.61
708067,-1.46,-0.79,1.59
708087,0.67,-0.61,2.14
708107,0.31,-1.28,1.40
708127,0.31,-1.16,1.53
708147,1.10,-0.79,1.28
708167,0.61,-0.31,-0.55
708187,-0.67,0.61,-1.53
708207,1.40,-1.28,0.73
708227,1.28,0.31,-1.16
708247,0.55,0.43,-1.89
708267,-1.10,-0.73,-0.92
708287,-0.92,-1.53,1.65
708307,-1.04,-2.20,1.53
708327,-0.55,-2.01,0.18
708347,-0.98,-0.92,0.00
708367,-2.14,-0.31,1.40
708387,-2.26,-1.28,3.85
708407,-0.85,-1.71,4.70
708427,0.61,-1.53,2.20
708447,-0.37,-1.77,-0.73
708467,-0.43,-1.65,1.10
708487,1.22,-3.11,3.48
708507,-1.04,-3.97,1.95
708527,-1.10,-6.90,1.34
708547,0.55,-6.59,1.34
708567,1.28,-1.77,0.85
708587,2.08,-0.73,1.28
708607,3.05,-1.77,1.10
708627,1.40,-2.26,0.67
708647,1.28,-4.58,3.66
708667,1.95,-6.77,5.43
708687,0.61,-6.47,2.62
708707,0.98,-5.25,1.77
708727,1.89,-6.65,2.26
708747,1.34,-4.82,1.65
708767,1.46,-2.14,0.92
708787,1.77,-2.38,1.04
708807,2.62,-4.82,3.30
708827,3.17,-6.29,3.42
708847,3.17,-5.86,3.17
708867,1.71,-4.88,2.32
708887,2.93,-4.64,3.05
708907,8.85,-1.89,3.60
708927,5.80,-0.85,-0.12
708947,2.50,-0.12,-1.34
708967,3.91,0.79,1.83
708987,4.76,-0.31,1.77
709007,5.98,-1.34,-0.85
709027,5.31,-0.43,-0.92
709047,3.66,-1.89,0.79
709067,2.32,-4.09,2.14
709087,2.20,-4.21,3.48
709107,2.75,-2.99,1.40
709127,2.56,-0.18,0.43
709147,2.93,0.06,2.01
709167,1.95,-1.71,0.24
709187,-0.43,0.18,-0.49
709207,-2.01,-0.92,1.16
709227,-2.20,-1.89,2.08
709247,-1.77,-0.92,1.10
709267,-3.05,-0.43,-0.79
709287,-3.17,0.98,-0.12
709307,-1.71,0.37,1.53
709327,-2.99,0.49,-0.18
709347,-2.69,0.79,-0.67
709367,-3.36,-0.49,-1.65
709387,-3.42,-0.06,-1.89
709407,-3.72,-0.37,-0.79
709427,-4.39,-1.10,-0.37
709447,-5.07,-0.61,-0.85
709467,-4.03,-1.65,-0.06
709487,-2.81,-3.36,0.06
709507,-1.83,-4.70,1.65
709527,-2.01,0.18,1.34
709547,-3.48,-1.46,0.00
709567,-3.72,-0.98,-0.43
709587,-4.09,0.73,-0.37
709607,-2.20,1.16,1.16
709627,-0.18,2.20,0.73
709647,1.59,3.54,-0.67
709667,1.53,2.44,-2.26
709687,2.38,2.01,-2.38
709707,1.34,1.10,-0.92
709727,-0.24,-1.65,0.12
709747,-0.31,-0.73,0.24
709767,-2.44,-1.53,-0.31
709787,-2.08,-2.62,0.18
709807,-2.01,-2.01,0.37
709827,-2.56,-1.83,1.40
709847,-2.62,-1.53,2.26
709867,-3.48,-1.10,1.40
709887,-2.14,-2.20,0.85
709907,-1.59,-1.04,0.06
709927,-0.18,-1.53,0.98
709947,-0.98,-0.49,-0.67
709967,0.18,1.46,-1.28
709987,1.04,2.14,-1.40
710007,1.59,1.40,0.24
710027,1.71,0.85,0.61
710047,2.32,0.98,0.43
710067,0.55,0.12,-0.61
710087,0.06,0.61,-0.18
710107,-0.31,1.28,-0.85
710127,-0.12,1.10,0.00
710147,0.06,1.04,1.16
710167,-0.85,1.53,0.85
710187,0.18,0.24,0.85
710207,-0.06,0.49,-0.18
710227,-0.85,1.65,-0.18
710247,-0.49,0.73,1.59
710267,-0.55,0.73,0.85
710287,-1.59,1.22,-2.69
710307,-1.04,0.92,-1.22
710327,-0.79,0.18,0.55
710347,-1.10,-0.31,0.73
710367,-2.32,-0.12,0.00
710387,-1.89,0.85,0.12
710407,-1.04,0.06,0.31
710427,-0.49,0.12,-0.37
710447,1.16,0.12,0.85
710467,0.98,0.31,0.24
710487,1.16,-0.31,-0.61
710507,-0.18,-0.61,-1.34
710527,1.89,-0.61,0.79
710547,1.40,-0.61,-0.43
710567,0.18,-0.73,-0.67
710587,-1.10,-1.65,1.71
710607,-2.38,-1.89,2.32
710627,-2.08,-2.14,0.37
710647,-3.48,-1.71,-0.85
710667,-2.32,-0.55,1.22
710687,-2.93,-0.61,-0.37
710707,-2.75,-0.85,-0.73
710727,-1.59,0.12,0.43
710747,-0.43,-0.06,0.73
710767,0.06,-0.24,0.67
710787,0.00,0.18,-0.79
710807,0.24,0.37,-2.75
710827,-0.37,-0.31,-1.77
710847,0.73,-1.65,0.92
710867,0.24,-2.50,0.18
710887,-0.92,-0.98,-0.55
710907,-0.31,-1.59,0.55
710927,-1.53,-0.12,0.79
710947,-2.44,0.31,1.28
710967,-2.08,0.00,1.04
710987,-2.26,0.06,0.55
711007,-4.15,-0.31,0.06
711027,-2.56,-0.18,0.67
711047,0.00,1.46,0.79
711067,0.43,3.11,-1.46
711087,1.71,3.11,-2.08
711107,0.61,2.75,-2.69
711127,0.79,2.56,-0.79
711147,-0.24,2.32,-0.61
711167,-0.37,2.20,-0.61
711187,0.18,1.10,-0.06
711207,0.49,0.73,-0.06
711227,0.79,0.37,0.43
711247,0.37,0.18,1.10
711267,0.67,-0.06,0.85
711287,0.49,0.43,-0.73
711307,2.08,-0.61,-0.18
711327,3.60,-0.24,-0.92
711347,1.83,0.49,-2.87
711367,2.26,1.95,-2.08
711387,3.48,2.32,-1.28
711407,3.78,2.56,-2.56
711427,2.87,4.58,-4.03
711447,3.23,4.09,-2.14
711467,1.40,2.81,-1.95
711487,0.24,2.93,-1.34
711507,-1.65,2.87,-1.53
711527,-4.46,1.34,-1.34
711547,-4.94,-0.43,-0.73
711567,-3.30,0.61,-0.06
711587,-4.21,0.06,0.18
711607,-2.62,-1.28,2.75
711627,-1.95,-3.66,2.93
711647,-3.85,-1.71,-0.18
711667,-3.11,-0.55,0.06
711687,-3.54,-0.37,-0.79
711707,-1.04,0.43,0.06
711727,-0.31,1.22,0.31
711747,-0.79,2.26,0.06
711767,-1.04,0.79,-0.85
711787,-1.40,1.40,-0.31
711807,-1.28,0.85,0.24
711827,-0.06,0.18,-0.18
711847,0.85,1.10,-0.61
711867,0.31,0.43,-1.16
711887,-1.10,-0.37,-2.81
711907,-0.18,0.06,-0.79
711927,0.37,-0.67,1.28
711947,-0.61,-1.04,0.92
711967,-0.61,-0.18,0.67
711987,-0.12,-0.37,0.12
712007,-0.61,-0.55,-0.79
712027,-1.16,-0.31,-0.49
712047,-1.40,0.00,0.55
712067,-1.77,0.06,1.59
712087,-0.85,-1.22,1.16
712107,-1.10,-0.37,-1.10
712127,-0.73,-0.98,0.61
712147,-1.77,-0.73,0.18
712167,-1.59,-0.12,0.73
712187,-0.79,-0.18,1.10
712207,0.06,0.43,1.04
712227,-0.24,0.31,0.06
712247,1.28,0.06,0.00
712267,0.79,-0.06,-0.61
712287,-0.92,-0.55,-0.92
712307,-0.12,-0.43,-0.37
712327,0.61,-0.49,-0.85
712347,-0.12,-0.31,-0.67
712367,0.37,1.46,0.85
712387,0.79,0.55,0.49
712407,-0.73,0.98,-0.61
712427,-1.10,0.24,0.43
712447,-1.77,0.98,0.73
712467,-1.77,0.85,1.22
712487,0.24,0.18,1.10
712507,-1.28,0.61,-1.46
712527,-1.59,0.31,-0.43
712547,-1.95,-0.43,0.37
712567,0.06,-0.92,1.83
712587,-0.79,0.06,-0.37
712607,0.12,0.43,-0.67
712627,0.85,0.37,-0.98
712647,0.31,-0.61,-1.83
712667,0.37,-0.06,-0.24
712687,0.00,0.12,0.31
712707,-0.55,0.85,-0.92
712727,-0.43,1.04,-1.34
712747,0.79,1.34,-1.10
712767,0.79,1.10,-1.65
712787,-0.31,0.85,-2.26
712807,-0.49,1.10,-1.10
712827,-0.85,0.67,-1.04
712847,-0.79,0.98,-1.40
712867,-0.24,1.28,0.67
712887,-1.77,-0.12,0.55
712907,-2.50,-0.49,-0.18
712927,-2.50,0.43,0.06
712947,-1.59,0.55,-0.31
712967,-2.14,1.16,-1.89
712987,-2.38,1.22,-1.40
713007,-0.98,0.61,0.24
713027,-0.37,1.04,0.24
713047,-0.49,1.34,-0.31
713067,-0.73,1.77,0.24
713087,0.73,1.22,1.22
713107,1.22,1.77,-1.46
713127,0.06,1.95,-2.62
713147,-0.49,-0.18,-0.12
713167,-0.31,-0.43,-0.12
713187,-1.34,0.12,-1.16
713207,-1.83,-0.98,0.24
713227,-0.98,-0.98,0.73
713247,-0.12,-0.12,0.55
713267,0.79,-0.37,1.04
713287,-0.79,0.55,-0.73
713307,-0.43,1.04,-0.37
713327,0.61,-0.92,1.04
713347,-0.61,-0.24,-0.73
713367,-0.79,0.37,-0.12
713387,-0.18,-0.73,1.77
713407,-1.65,-0.12,-1.04
713427,-1.16,1.34,-1.10
713447,-1.04,0.67,0.73
713467,0.06,0.43,1.16
713487,0.24,1.53,-1.83
713507,0.79,1.77,-1.04
713527,1.28,0.00,0.73
713547,0.92,0.61,-0.55
713567,0.55,1.04,-0.18
713587,-0.31,0.12,0.67
713607,-1.46,0.18,0.18
713627,-2.01,-0.31,-0.12
713647,-1.04,-0.31,0.79
713667,-1.28,0.37,0.49
713687,-1.40,0.61,-0.12
713707,0.31,0.12,0.49
713727,-0.37,-0.37,-0.18
713747,-0.06,-0.24,0.61
713767,-0.18,-0.18,-0.06
713787,0.73,-0.18,-0.31
713807,1.83,0.12,-0.24
713827,0.61,0.43,-1.16
713847,0.49,-0.24,0.67
713867,-0.12,-0.85,0.73
713887,-0.18,-0.31,-0.12
713907,-0.43,-0.61,-0.37
713927,0.98,-0.67,-0.06
713947,-1.10,-0.43,-1.83
713967,0.00,-0.85,-0.12
713987,-0.61,1.10,0.00
714007,-1.34,1.04,0.12
714027,0.73,0.79,0.98
714047,1.10,0.24,0.00
714067,-1.28,0.12,-1.28
714087,-1.65,0.43,-0.12
714107,-2.01,0.37,0.43
714127,-1.16,1.10,0.06
714147,-0.49,1.71,0.24
714167,0.06,1.71,0.73
714187,0.00,1.22,-0.61
714207,-1.16,1.40,-0.98
714227,-1.10,0.79,1.10
714247,-1.16,0.67,1.04
714267,-0.31,0.55,-0.37
714287,-1.16,1.65,-2.38
714307,0.00,1.16,-0.31
714327,0.31,0.37,-0.31
714347,0.55,0.43,-1.28
714367,0.92,0.73,0.12
714387,0.31,0.31,0.00
714407,-1.16,0.06,-1.16
714427,-1.46,0.37,0.43
714447,0.06,-0.61,1.89
714467,-2.08,-1.16,0.85
714487,-4.70,-1.22,0.79
714507,-4.82,-3.60,3.91
714527,-4.94,-5.92,4.82
714547,-3.60,-6.29,4.03
714567,-2.75,-4.64,2.81
714587,-2.44,-4.21,2.08
714607,0.06,-4.88,3.54
714627,4.33,-1.40,2.32
714647,5.37,2.50,-4.21
714667,6.53,1.71,-2.93
714687,5.07,-0.12,2.01
714707,2.69,-1.59,2.75
714727,0.37,-4.58,2.93
714747,0.43,-3.05,4.58
714767,-1.65,-0.18,2.14
714787,-3.30,0.43,0.18
714807,-3.17,0.06,-1.16
714827,-4.76,1.77,-2.69
714847,-5.43,1.53,-2.32
714867,-3.78,2.26,0.00
714887,-3.91,2.93,-0.24
714907,-3.30,4.82,-1.77
714927,-1.71,5.00,-1.77
714947,0.43,5.31,-2.38
714967,0.98,8.24,-5.74
714987,-0.37,9.09,-7.75
715007,0.31,6.35,-6.47
715027,-1.65,5.13,-6.77
715047,-2.44,4.88,-3.85
715067,-2.62,3.17,-2.62
715087,-2.87,3.91,-3.23
715107,-2.56,3.17,-1.83
715127,-4.15,2.08,-1.71
715147,-4.76,1.22,-1.22
715167,-3.17,0.61,-0.37
715187,-3.30,1.16,-1.83
715207,-2.62,1.40,-2.69
715227,-2.56,2.56,-2.99
715247,-3.42,2.14,-2.62
715267,-1.34,2.38,-0.31
715287,0.43,2.93,-0.12
715307,-1.40,3.23,-3.36
715327,-0.85,2.32,-1.83
715347,-2.44,1.89,-1.46
715367,-1.77,1.89,-1.34
715387,-1.77,2.75,-1.65
715407,-1.71,1.65,-1.22
715427,-0.61,2.56,-1.77
715447,-0.61,2.62,-1.59
715467,-1.28,1.10,-0.79
715487,-0.79,1.46,-1.65
715507,-1.40,1.40,-1.28
715527,-0.92,0.85,0.31
715547,-0.61,-0.31,-0.18
715567,-1.53,1.10,-1.10
715587,0.55,0.18,1.10
715607,-0.31,-0.31,0.24
715627,-0.49,0.18,-1.34
715647,2.20,0.18,-0.49
715667,1.22,0.00,-0.79
715687,-0.55,-0.24,0.49
715707,0.06,-1.46,1.46
715727,-1.04,-1.10,-0.49
715747,-0.24,-0.31,-0.73
715767,0.43,0.55,-0.49
715787,0.61,0.73,1.10
715807,-0.55,-0.06,0.12
715827,-0.79,-1.77,-0.43
715847,-0.73,-1.04,-0.18
715867,0.12,-0.18,0.24
715887,-0.24,-0.18,-0.61
715907,-1.46,0.12,-1.04
715927,-1.40,-0.37,0.00
715947,-0.79,-0.85,0.31
715967,-0.73,0.06,-0.55
715987,-0.79,0.06,0.12
716007,-0.79,-0.55,0.37
716027,-0.79,0.06,-0.55
716047,-0.24,0.79,-0.79
716067,-0.61,0.37,-0.24
716087,-1.59,-0.31,-0.43
716107,-0.43,0.24,0.24
716127,-0.85,0.49,0.06
716147,-0.67,0.92,0.43
716167,0.24,-0.24,0.18
716187,-0.43,0.85,-1.40
716207,-0.06,1.04,-0.06
716227,-1.40,0.06,0.12
716247,-0.79,-0.12,-0.79
716267,0.31,0.24,-0.12
716287,-0.49,0.73,0.06
716307,0.61,1.28,0.98
716327,1.28,0.79,1.16
716347,-0.43,0.00,-0.61
716367,-0.18,0.18,-0.12
716387,0.49,0.00,0.67
716407,0.12,0.00,0.85
716427,-0.12,0.67,0.37
716447,-0.61,0.49,0.06
716467,-0.18,0.06,-0.06
716487,0.92,-0.12,0.43
716507,-0.37,-0.12,0.49
716527,-0.18,-0.79,1.04
716547,0.43,-0.43,0.18
716567,0.06,0.31,-0.31
716587,-0.12,0.06,-0.18
716607,-0.79,-0.18,-0.06
716627,-0.73,-0.06,0.79
716647,-0.61,-0.85,0.67
716667,-0.24,-0.73,-0.37
716687,0.37,-0.12,-0.67
716707,-0.12,-0.31,0.37
716727,-0.73,-0.43,0.73
716747,-0.24,-0.49,0.18
716767,-0.24,-0.31,0.00
716787,-0.73,-0.92,1.28
716807,-0.12,0.18,1.28
716827,0.43,-0.43,0.12
716847,0.18,-0.49,-0.12
716867,0.43,-0.49,0.18
716887,0.00,0.37,0.00
716907,0.06,-0.79,0.73
716927,-0.98,-0.55,0.55
716947,-1.59,-1.10,0.31
716967,-0.73,-0.98,0.73
716987,-0.31,-0.61,1.40
717007,1.16,-1.28,0.92
717027,1.53,-0.79,-0.24
717047,0.37,-1.28,0.37
717067,-0.79,-1.89,1.22
717087,-0.49,-2.08,2.32
717107,0.49,-2.38,1.89
717127,1.16,-1.04,0.43
717147,0.73,-1.83,0.06
717167,0.98,-2.14,0.24
717187,0.98,-1.22,1.04
717207,0.49,-2.44,1.59
717227,0.61,-1.77,-0.67
717247,0.92,0.31,-1.10
717267,0.37,-1.04,0.73
717287,1.95,-1.46,1.34
717307,1.40,0.06,-1.16
717327,-0.12,0.43,-1.28
717347,0.55,-1.46,0.55
717367,-0.06,-0.79,-0.31
717387,-0.24,0.12,-0.73
717407,-0.85,0.55,-0.73
717427,-2.01,0.18,-0.49
717447,-3.30,0.43,-0.55
717467,-2.20,0.55,0.49
717487,-2.08,0.49,0.24
717507,-1.95,1.53,0.73
717527,-1.77,2.14,0.73
717547,-0.67,3.60,-0.55
717567,0.79,4.09,-1.40
717587,-0.12,4.33,-4.03
717607,-0.61,5.74,-4.21
717627,-0.67,4.64,-3.78
717647,-0.79,2.69,-4.33
717667,0.49,1.04,-2.14
717687,0.61,-2.69,0.92
717707,-0.73,-3.42,2.08
717727,0.79,-2.50,3.91
717747,-0.37,-0.31,0.00
717767,1.16,2.56,-2.14
717787,2.50,0.98,-0.55
717807,0.49,-0.98,0.37
717827,0.61,-2.93,2.50
717847,-1.22,-5.37,0.24
717867,1.34,-1.16,0.79
717887,2.87,-2.20,0.37
717907,0.06,-2.32,0.31
717927,-0.18,-5.55,3.54
717947,-1.53,-8.73,4.64
717967,-0.85,-8.73,5.86
717987,1.53,-4.21,2.87
718007,2.75,2.20,-0.12
718027,2.32,0.49,1.71
718047,1.77,-1.34,1.59
718067,2.32,0.55,0.67
718087,3.30,1.40,0.37
718107,3.91,1.34,-0.98
718127,4.03,2.44,-1.53
718147,5.25,1.83,-0.24
718167,4.09,2.75,-2.26
718187,3.54,3.54,-1.71
718207,2.62,-0.55,0.12
718227,2.08,0.79,-0.55
718247,1.53,2.56,-2.44
718267,0.43,1.10,-2.99
718287,-1.46,3.05,-4.03
718307,-2.32,5.49,-3.48
718327,-2.44,3.85,-2.44
718347,-3.30,3.36,-2.69
718367,-3.60,3.54,-2.26
718387,-3.11,4.39,-1.77
718407,-2.50,5.55,-3.30
718427,-4.76,7.14,-5.49
718447,-3.48,6.23,-2.87
718467,-3.17,1.83,-2.62
718487,-3.60,2.44,-2.50
718507,-1.40,-1.28,1.22
718527,-2.44,-0.92,-0.92
718547,-3.05,2.20,-2.99
718567,-1.16,1.95,-1.59
718587,-2.32,4.03,-4.33
718607,-0.43,5.07,-4.21
718627,-0.43,3.97,-3.23
718647,-0.73,2.69,-1.28
718667,0.12,1.77,-2.01
718687,-0.31,2.56,-2.69
718707,0.24,2.32,-2.44
718727,-0.37,2.75,-1.95
718747,-1.22,0.49,0.79
718767,-3.05,-3.60,2.38
718787,-1.89,-4.15,4.94
718807,-2.75,-2.81,2.14
718827,-0.85,0.12,0.18
718847,-0.49,1.89,-0.92
718867,-0.24,3.36,-1.83
718887,1.28,2.44,-0.67
718907,0.37,1.22,-0.73
718927,-0.12,1.71,-0.49
718947,1.10,3.05,0.00
718967,1.04,3.17,-0.79
718987,0.61,4.21,-0.98
719007,1.34,4.33,-0.79
719027,2.50,4.21,-1.40
719047,0.24,4.39,-2.93
719067,0.31,4.39,-0.67
719087,-1.28,3.66,-1.16
719107,-1.46,3.48,-1.34
719127,-1.89,0.49,-1.46
719147,-2.99,1.71,-1.71
719167,-2.75,1.53,-0.55
719187,-3.97,1.89,-0.92
719207,-5.55,1.83,-1.22
719227,-3.66,0.98,0.00
719247,-2.87,1.04,-0.12
719267,-3.36,0.55,-2.01
719287,-1.65,0.43,-1.65
719307,-2.26,0.12,-0.67
719327,-3.54,0.31,-1.40
719347,-0.37,-0.61,0.92
719367,0.00,-1.40,-0.06
719387,-0.85,-1.10,-1.28
719407,-0.92,-0.98,-0.79
719427,-0.98,0.73,-0.12
719447,-0.31,0.55,-0.67
719467,-1.95,2.32,-3.91
719487,0.37,1.10,-0.61
719507,2.20,0.55,1.46
719527,0.24,2.32,0.79
719547,-0.06,1.46,2.32
719567,0.92,1.59,2.01
719587,0.06,1.89,-0.61
719607,0.12,0.55,0.18
719627,-0.79,1.40,0.24
719647,0.12,-1.77,3.42
719667,-0.06,-3.54,2.56
719687,1.83,-1.95,1.59
719707,3.72,-0.55,3.17
719727,4.52,2.81,5.31
719747,2.01,1.46,6.41
719767,4.70,-4.39,8.24
719787,4.70,-2.69,3.05
719807,2.62,-0.37,1.77
719827,0.92,-2.38,5.62
719847,4.27,-6.59,6.96
719867,2.81,-6.71,-0.98
719887,3.54,-4.33,0.85
719907,2.08,-3.85,4.52
719927,0.55,-4.03,5.68
719947,0.61,-4.15,2.75
719967,-0.31,-2.01,0.00
719987,-0.24,-0.61,2.32
720007,-0.18,-1.46,3.30
720027,-0.98,-2.08,1.53
720047,-2.93,-2.62,-0.24
720067,-1.71,-2.20,2.08
720087,-2.01,-2.14,0.79
720107,-3.30,-0.92,-1.28
720127,-1.40,-0.61,0.24
720147,-0.55,-1.22,-0.12
720167,-2.26,-0.55,-1.28
720187,-0.43,0.85,0.98
720207,3.78,1.28,0.73
720227,3.54,2.01,-4.46
720247,2.08,1.59,-2.81
720267,-0.12,-2.62,0.49
720287,-0.85,-0.61,-1.10
720307,0.06,0.24,-3.05
720327,-0.92,1.46,-2.62
720347,0.37,1.65,0.12
720367,0.37,0.43,-1.16
720387,-1.59,0.49,-2.75
720407,-1.22,0.98,0.37
720427,-2.14,-0.18,-0.37
720447,-2.32,0.79,-3.05
720467,-2.14,1.89,-2.38
720487,-1.59,0.12,0.00
720507,-0.67,1.10,-0.06
720527,0.79,0.00,0.24
720547,-2.26,-0.55,-2.32
720567,-2.26,0.24,-1.22
720587,-2.08,0.79,-0.18
720607,-1.71,0.49,0.06
720627,-2.20,0.98,-2.32
720647,-0.31,0.18,-0.98
720667,0.12,0.85,0.00
720687,-0.37,1.04,0.00
720707,-1.46,1.04,-0.79
720727,-2.81,-0.49,-2.69
720747,-3.17,2.75,-4.15
720767,1.04,5.62,-2.20
720787,3.78,6.84,-2.01
720807,1.34,6.84,-2.93
720827,-0.24,1.89,-0.73
720847,-0.73,0.79,0.12
720867,-2.62,1.89,-1.34
720887,-1.83,-0.18,0.00
720907,-1.28,0.37,-0.37
720927,0.31,0.00,1.16
720947,0.55,-2.81,2.01
720967,0.18,-1.34,0.92
720987,1.65,-1.34,2.93
721007,0.24,-1.53,1.34
721027,2.08,1.10,0.67
721047,2.93,0.73,-1.89
721067,1.71,0.73,-3.78
721087,2.50,0.37,-1.28
721107,2.32,-2.14,0.79
721127,2.81,-2.01,1.53
721147,3.30,-0.98,1.22
721167,3.42,0.73,0.85
721187,1.71,2.44,-1.46
721207,0.55,1.53,-0.49
721227,0.06,0.92,0.18
721247,-0.24,0.92,-1.28
721267,-0.06,0.43,-0.43
721287,-0.61,0.67,0.85
721307,-1.10,1.65,0.79
721327,-1.04,1.83,-0.18
721347,-1.89,2.69,-2.50
721367,-1.65,3.91,-3.42
721387,-1.34,2.56,-3.05
721407,-2.87,1.71,-2.14
721427,-4.03,1.10,-1.10
721447,-5.00,0.85,-0.55
721467,-5.25,1.28,-0.18
721487,-4.88,1.40,0.55
721507,-3.48,1.46,2.50
721527,-3.54,-0.85,1.65
721547,-3.17,-2.32,-0.06
721567,-2.56,-2.01,0.55
721587,-1.95,-1.71,0.49
721607,-0.43,-1.95,0.24
721627,0.31,-1.10,0.85
721647,-0.06,-1.40,2.69
721667,0.43,-1.16,2.01
721687,-0.12,0.79,1.34
721707,-0.18,-0.49,2.93
721727,-0.61,-1.95,1.89
721747,-0.85,-1.95,0.79
721767,-0.18,-2.44,2.50
721787,-0.73,-2.93,2.69
721807,-1.04,-1.95,2.01
721827,0.31,-0.55,2.08
721847,2.01,-2.38,2.56
721867,2.56,-1.22,-0.18
721887,3.54,-0.18,-0.18
721907,2.01,-4.64,0.98
721927,1.16,-6.59,2.44
721947,0.18,-5.49,2.26
721967,0.43,-4.46,1.95
721987,5.74,-5.98,4.21
722007,7.02,-5.19,2.20
722027,5.86,-5.49,3.42
722047,3.48,-9.28,6.84
722067,2.93,-8.18,11.54
722087,3.85,-5.68,8.48
722107,5.13,-1.95,-1.59
722127,6.16,1.46,-3.54
722147,4.88,-2.56,-0.37
722167,2.56,-4.33,-1.04
722187,1.16,-0.92,-1.22
722207,0.00,-0.37,-0.12
722227,0.31,-0.31,0.55
722247,1.83,-0.43,1.65
722267,0.49,-0.67,1.77
722287,0.37,-1.77,4.09
722307,1.28,-3.85,4.46
722327,-1.53,-3.05,1.10
722347,-3.72,-1.22,0.18
722367,-0.85,-1.89,2.87
722387,-0.06,-2.38,2.62
722407,0.12,0.12,0.61
722427,1.65,0.49,1.83
722447,0.85,-2.01,1.71
722467,1.10,-1.65,0.67
722487,0.43,-1.95,-0.37
722507,-1.59,-3.42,-0.06
722527,-1.40,-2.69,0.12
722547,-0.79,-0.55,-0.61
722567,-0.98,0.31,-1.16
722587,-0.67,-0.18,-0.49
722607,-2.81,-1.46,0.31
722627,-2.99,-1.34,1.16
722647,-4.03,-1.59,0.85
722667,-5.19,-1.16,0.85
722687,-4.09,0.79,1.04
722707,-3.17,2.75,0.61
722727,-1.71,2.62,0.12
722747,0.92,2.32,-0.55
722767,1.77,2.81,-0.43
722787,0.85,1.10,0.18
722807,-0.49,-0.73,0.12
722827,-0.55,-0.18,-0.49
722847,-0.61,0.55,-1.89
722867,-0.49,1.53,-2.08
722887,0.55,1.77,-1.46
722907,-0.06,1.22,-1.89
722927,-1.95,0.98,-1.65
722947,-2.14,-0.85,0.73
722967,-3.72,-1.83,-0.85
722987,-3.78,0.00,-2.08
723007,-3.11,0.67,-1.77
723027,-3.17,1.89,-2.20
723047,-2.32,3.97,-1.22
723067,-1.53,3.48,0.73
723087,0.24,1.16,2.08
723107,0.61,1.46,-0.06
723127,0.79,1.22,-0.31
723147,1.53,0.37,0.55
723167,0.67,-0.18,-1.04
723187,-0.98,-0.31,-2.62
723207,-1.46,-1.34,0.24
723227,-2.44,-2.75,1.65
723247,-1.28,-1.34,2.26
723267,-0.31,-0.98,1.46
723287,-1.22,-1.22,-1.59
723307,-0.92,-1.53,0.06
723327,-1.77,-1.83,-0.43
723347,-2.44,-1.04,-0.49
723367,-1.95,-0.49,0.37
723387,-1.28,0.31,0.61
723407,-1.10,1.89,0.55
723427,-2.01,1.77,0.92
723447,-0.73,1.34,0.24
723467,0.43,3.11,-1.04
723487,1.83,2.69,-0.49
723507,3.66,2.81,-1.04
723527,2.81,2.75,-2.69
723547,0.79,1.95,-2.26
723567,-0.85,0.24,-1.04
723587,-0.49,-1.65,1.34
723607,-1.59,-0.85,-0.43
723627,-1.22,0.24,-1.28
723647,-1.59,0.49,-0.49
723667,-3.85,-0.85,0.98
723687,-3.42,-1.04,2.62
723707,-4.58,-0.37,0.98
723727,-3.72,-0.18,-0.06
723747,-0.24,0.12,0.98
723767,-2.08,0.61,-2.20
723787,-0.31,1.28,0.85
723807,-0.43,-0.49,1.59
723827,-2.01,0.12,0.00
723847,-0.79,0.73,1.22
723867,1.34,1.53,1.59
723887,2.56,2.62,-1.46
723907,1.59,1.04,-3.11
723927,0.73,-0.61,-0.98
723947,1.04,-1.22,-0.06
723967,-0.18,-0.92,-0.55
723987,-0.98,-0.24,0.79
724007,-1.22,-0.06,2.14
724027,-0.06,0.37,1.40
724047,-1.40,-0.43,-1.28
724067,-2.44,-1.71,-0.37
724087,-0.92,-2.32,1.46
724107,-1.89,-2.08,-1.28
724127,-2.14,0.06,-1.83
724147,-1.22,-0.12,1.28
724167,-0.24,-0.06,1.65
724187,0.73,0.85,1.10
724207,0.92,0.31,1.53
724227,1.89,-0.24,1.53
724247,1.65,0.00,-0.55
724267,2.81,2.20,-1.59
724287,2.81,1.95,-2.08
724307,2.87,0.92,-1.40
724327,1.28,0.85,-1.46
724347,-0.24,-0.12,0.06
724367,-0.24,-0.98,2.32
724387,-1.28,-0.43,1.34
724407,-0.85,0.37,0.43
724427,-0.43,0.92,-0.24
724447,-0.85,-0.12,-0.43
724467,-2.14,-0.73,-1.34
724487,-2.69,-1.04,-0.55
724507,-3.42,-0.55,-0.37
724527,-1.22,1.53,0.37
724547,0.37,2.87,-0.49
724567,-0.12,2.62,0.12
724587,0.12,0.92,1.59
724607,0.98,0.55,1.10
724627,2.01,0.92,0.24
724647,2.50,1.46,-0.98
724667,1.65,1.65,-3.05
724687,1.22,1.46,-2.81
724707,0.37,2.20,-2.69
724727,-0.79,0.00,-1.59
724747,-1.65,-0.06,1.34
724767,-2.14,-1.10,2.08
724787,-2.20,-0.37,0.18
724807,-2.44,0.92,-1.16
724827,-2.38,0.24,-1.28
724847,-3.48,-0.43,-1.16
724867,-3.72,-0.55,-1.40
724887,-2.75,0.55,-1.22
724907,-1.59,2.32,-0.92
724927,-2.38,1.22,0.12
724947,-2.50,0.61,1.59
724967,-1.83,1.10,1.71
724987,-1.28,1.65,1.10
725007,-0.06,0.61,1.16
725027,1.77,0.61,-0.67
725047,3.42,1.71,-2.50
725067,5.00,1.16,-2.81
725087,4.70,1.53,-3.17
725107,2.44,2.69,-2.32
725127,2.01,1.77,-0.43
725147,0.55,-0.55,1.10
725167,-3.11,-1.10,0.98
725187,-3.17,0.06,0.98
725207,-3.36,1.22,-0.79
725227,-3.36,2.32,-2.75
725247,-2.81,2.93,-3.23
725267,-3.48,2.38,-1.16
725287,-4.76,0.67,-0.31
725307,-5.19,1.89,-0.49
725327,-4.76,2.32,-1.10
725347,-4.39,1.46,-2.14
725367,-2.56,2.56,-1.95
725387,1.28,2.38,0.12
725407,0.92,2.44,-0.18
725427,-0.18,1.71,0.12
725447,1.40,1.53,-0.67
725467,2.08,1.95,-1.95
725487,1.77,1.95,-2.01
725507,0.98,2.14,-1.28
725527,-0.92,1.59,-1.04
725547,-2.14,0.61,-0.55
725567,-5.07,-0.24,-2.56
725587,-6.23,0.18,-1.95
725607,-5.86,-0.49,-0.55
725627,-4.03,-0.67,-1.89
725647,-0.79,1.22,-2.62
725667,-0.55,1.16,-1.95
725687,0.85,0.61,-1.89
725707,0.31,1.53,-2.87
725727,-1.46,0.43,-1.28
725747,-1.04,0.43,-0.37
725767,-0.43,2.14,-0.85
725787,1.77,0.49,-0.73
725807,1.46,0.43,-3.11
725827,0.06,1.28,-2.87
725847,1.46,0.24,0.43
725867,1.10,-1.34,1.71
725887,-0.49,-1.95,2.08
725907,-1.53,-2.01,1.46
725927,-1.10,-1.53,1.10
725947,-1.16,0.00,-0.31
725967,-1.40,0.73,-1.10
725987,0.31,1.95,0.12
726007,1.10,1.71,0.85
726027,1.16,0.00,0.98
726047,0.85,0.00,-0.06
726067,0.55,0.79,-1.28
726087,1.28,0.67,-0.85
726107,-0.79,1.04,-1.34
726127,-1.40,0.85,-0.55
726147,-0.85,0.43,-0.49
726167,-2.81,1.22,-1.10
726187,-2.26,0.12,1.59
726207,-2.56,-0.18,2.26
726227,-2.08,1.65,0.55
726247,-0.37,2.08,-0.67
726267,-0.43,2.93,-1.28
726287,-1.22,1.77,-0.92
726307,-0.31,0.98,0.98
726327,0.79,0.85,1.89
726347,1.53,0.73,-0.79
726367,2.01,1.22,-1.10
726387,1.77,0.00,1.04
726407,0.61,0.18,-0.06
726427,1.46,-0.24,-0.61
726447,-1.16,-0.85,-2.38
726467,-0.31,-0.92,-0.85
726487,-0.61,-0.79,-1.83
726507,-0.92,-0.31,-1.77
726527,0.00,0.12,-0.18
726547,-0.31,-0.06,-0.31
726567,0.98,1.65,-1.77
726587,-0.18,1.83,-2.01
726607,-2.93,0.67,-0.55
726627,-2.01,0.79,0.67
726647,-1.89,2.38,-0.79
726667,-1.16,3.23,-1.71
726687,0.06,2.99,-0.73
726707,-1.59,3.30,-1.28
726727,-2.20,2.62,-1.10
726747,0.12,3.11,-0.06
726767,0.31,1.16,1.10
726787,-1.59,1.95,0.55
726807,1.04,2.14,1.71
726827,1.28,1.77,0.61
726847,0.06,2.32,-0.79
726867,-1.16,1.53,-0.12
726887,-0.79,0.18,-0.55
726907,-0.18,0.06,-1.04
726927,-1.77,-0.24,-1.10
726947,-0.92,0.31,-0.12
726967,0.24,0.31,0.67
726987,-1.46,-0.06,-0.92
727007,-1.95,0.55,-1.34
727027,-0.67,0.55,0.24
727047,0.00,-1.28,0.55
727067,-2.26,-0.31,-3.11
727087,-0.49,0.12,0.06
727107,0.43,-1.34,0.67
727127,1.16,0.49,-2.32
727147,2.81,2.62,-2.01
727167,2.20,1.59,-2.38
727187,0.43,2.44,-4.09
727207,-0.24,2.26,-2.87
727227,-0.61,1.59,-1.59
727247,1.59,2.01,-0.61
727267,0.79,5.68,-3.48
727287,-0.92,8.30,-4.52
727307,-0.18,4.15,-1.10
727327,-1.04,4.46,-2.08
727347,-0.37,3.54,-1.53
727367,-0.73,3.78,-1.71
727387,-2.56,4.52,-6.04
727407,2.87,7.51,3.54
727427,-8.36,-11.29,-6.47
727447,4.09,15.01,-1.71
727467,-1.16,-6.16,0.98
727487,-2.62,8.30,-8.79
727507,-0.31,5.31,-4.64
727527,-3.60,0.43,-2.99
727547,-0.55,1.46,0.55
727567,-0.31,-0.49,0.43
727587,2.38,1.16,2.01
727607,-0.24,1.22,0.00
727627,-0.55,2.01,2.32
727647,-0.98,-0.98,4.15
727667,-1.71,-0.24,2.75
727687,-0.49,-1.40,1.28
727707,-1.16,-3.54,-0.98
727727,-1.71,-3.85,-1.28
727747,-0.55,-3.60,1.22
727767,-0.61,-4.21,1.71
727787,0.92,-2.62,0.73
727807,-0.37,-1.83,-1.10
727827,-1.10,-2.50,0.37
727847,-1.46,-2.62,0.43
727867,0.24,-2.50,1.65
727887,-1.34,-4.94,0.18
727907,-3.48,-5.49,-0.67
727927,-3.42,-8.97,3.42
727947,-3.97,-7.81,6.29
727967,-5.19,-7.87,5.19
727987,-7.32,-3.72,-0.12
728007,-7.57,-2.56,-1.34
728027,-5.19,-5.86,-0.43
728047,-2.44,-5.19,-0.31
728067,-1.83,-4.94,1.10
728087,-1.77,-10.19,3.42
728107,4.09,-11.41,9.64
728127,2.14,-9.03,2.75
728147,1.83,-1.22,-1.59
728167,0.12,0.55,-2.99
728187,0.55,0.06,-2.56
728207,2.32,-0.37,-1.04
728227,1.89,-1.83,-0.43
728247,0.73,-2.56,1.53
728267,1.22,-4.88,4.39
728287,0.49,-4.39,2.75
728307,-0.85,-1.16,-0.43
728327,-0.18,2.99,-1.46
728347,-0.49,4.27,-0.67
728367,-0.49,3.60,0.73
728387,-0.73,1.28,2.69
728407,-1.16,-1.10,3.23
728427,0.61,-1.83,3.54
728447,1.59,-1.04,5.25
728467,1.71,-3.05,4.82
728487,1.04,-3.66,3.05
728507,0.31,-3.42,2.26
728527,0.06,-1.28,0.37
728547,1.34,2.32,0.31
728567,-0.79,3.05,-0.85
728587,-0.92,1.59,0.18
728607,-0.31,-0.31,2.20
728627,1.28,-3.97,5.68
728647,-0.12,-6.35,5.62
728667,-1.95,-6.04,5.80
728687,-3.66,-5.62,4.39
728707,-2.69,-3.48,2.44
728727,-0.67,-1.22,0.98
728747,-0.18,1.04,0.24
728767,-0.73,1.95,0.55
728787,-1.22,0.49,-0.98
728807,-2.62,-1.34,-3.97
728827,-0.12,-2.32,-0.24
728847,-0.06,-4.52,2.44
728867,-2.08,-4.03,2.08
728887,-2.69,-2.62,2.38
728907,-0.85,0.79,3.48
728927,0.00,0.79,0.79
728947,0.67,3.36,-2.44
728967,2.20,2.87,0.24
728987,-0.73,1.22,-0.73
729007,1.28,0.00,0.73
729027,-0.49,-1.28,-2.01
729047,1.59,-0.12,1.46
729067,-1.95,-2.01,-1.22
729087,1.59,1.95,2.69
729107,1.40,-0.61,2.08
729127,1.22,-0.31,2.56
729147,1.71,-3.48,5.13
729167,-1.04,-5.13,2.62
729187,-0.85,-4.52,2.56
729207,-0.37,-4.15,0.12
729227,1.77,-1.22,0.61
729247,1.46,-0.43,0.67
729267,-2.62,0.92,-0.98
729287,-2.26,-0.79,1.22
729307,-1.10,-0.67,1.95
729327,-1.89,-2.50,2.93
729347,-0.85,-3.17,4.21
729367,-2.20,-1.83,2.75
729387,-1.46,-1.04,1.40
729407,0.98,1.59,-0.92
729427,1.77,3.60,-2.44
729447,3.17,4.82,-1.40
729467,1.04,7.08,-3.23
729487,1.22,8.73,-2.81
729507,0.92,9.22,-3.85
729527,2.81,9.22,-3.72
729547,0.31,8.12,-5.86
729567,-1.22,5.86,-3.60
729587,-2.26,3.72,-0.31
729607,-4.52,-1.34,2.26
729627,-2.69,-2.81,3.85
729647,-3.05,-0.73,-0.98
729667,-2.08,2.38,-3.11
729687,-0.92,4.64,-3.30
729707,-0.43,3.05,-3.11
729727,-0.92,0.06,-1.40
729747,-2.44,-2.20,1.53
729767,-0.92,-3.72,2.38
729787,0.67,-1.40,1.22
729807,-0.49,-1.16,1.22
729827,-0.61,-1.53,0.61
729847,0.55,0.12,-0.31
729867,-0.31,-0.85,-0.67
729887,0.61,-0.37,0.85
729907,0.18,-1.34,0.92
729927,-0.55,-2.56,1.10
729947,-0.06,-2.20,1.46
729967,-0.43,-2.38,1.04
729987,-0.31,-1.71,0.73
730007,0.06,0.12,-0.49
730027,1.04,1.34,-0.92
730047,2.38,0.73,-0.31
730067,3.85,0.31,1.89
730087,3.54,0.18,2.44
730107,1.10,-0.31,0.18
730127,-1.10,0.43,-0.61
730147,-1.53,0.43,-0.61
730167,-1.22,0.98,-0.43
730187,-0.55,0.79,0.79
730207,-0.43,0.06,0.98
730227,-1.04,0.31,0.06
730247,-0.61,1.28,0.24
730267,0.43,1.16,0.49
730287,-0.73,0.43,-1.16
730307,-1.10,0.73,-1.71
730327,-1.04,0.79,-0.18
730347,-0.73,-1.59,1.89
730367,-0.55,-2.14,2.01
730387,-1.16,-2.50,3.48
730407,-1.04,-4.33,3.85
730427,-1.10,-0.55,-1.28
730447,0.61,0.98,-0.85
730467,-0.55,1.83,-1.16
730487,-0.37,1.89,-0.24
730507,-0.73,-1.16,1.65
730527,-1.83,-4.27,2.44
730547,0.00,-6.41,3.97
730567,-0.67,-6.90,4.76
730587,-3.54,-6.10,4.39
730607,-3.42,-5.13,5.74
730627,-2.75,-2.81,5.55
730647,-5.19,-2.99,6.04
730667,-6.77,-6.53,7.63
730687,-4.64,-6.96,5.62
730707,-1.77,-3.48,1.46
730727,1.40,-1.83,1.46
730747,0.67,0.43,-2.26
730767,2.93,0.98,-2.69
730787,2.87,-1.16,-2.69
730807,3.66,-0.85,-1.34
730827,4.46,-0.43,-0.43
730847,2.75,-0.55,-0.18
730867,2.14,0.79,0.61
730887,2.62,2.20,0.00
730907,3.48,0.92,1.65
730927,0.92,-2.69,2.93
730947,-2.38,-3.78,1.10
730967,-1.40,-1.46,-1.16
730987,1.04,-0.37,-2.20
731007,3.05,-0.98,-1.40
731027,1.40,0.31,-1.34
731047,0.43,-0.98,-0.85
731067,0.43,-2.99,0.49
731087,0.49,-2.87,1.95
731107,-0.73,-4.70,2.38
731127,-0.67,-4.09,1.53
731147,0.92,-1.53,0.43
731167,0.06,-0.18,-1.34
731187,0.06,0.00,-1.34
731207,0.12,0.85,-1.59
731227,-0.06,0.92,-2.38
731247,1.71,0.37,-0.92
731267,2.32,-0.12,0.43
731287,0.18,-0.55,-1.53
731307,-0.31,-0.92,-0.98
731327,0.92,-1.95,1.10
731347,0.12,-1.95,0.98
731367,-1.65,-2.14,1.65
731387,-0.12,-2.50,3.85
731407,1.04,-2.01,3.05
731427,2.26,0.61,2.14
731447,3.17,0.73,2.14
731467,1.77,1.59,0.92
731487,1.53,2.56,2.62
731507,-0.43,0.92,2.32
731527,-0.12,0.55,1.46
731547,-0.12,-0.24,2.75
731567,-1.40,-1.10,2.32
731587,-0.67,-1.46,2.08
731607,-0.37,-1.10,0.92
731627,0.79,0.06,1.34
731647,0.24,0.85,0.00
731667,2.01,1.10,1.46
731687,2.38,1.16,0.49
731707,1.83,1.10,-0.61
731727,1.89,1.04,-0.18
731747,3.36,0.43,1.16
731767,0.79,0.98,-1.59
731787,0.12,1.95,-1.53
731807,1.34,1.83,-0.18
731827,0.92,1.40,-0.24
731847,-1.34,1.22,-2.08
731867,0.06,2.01,-0.55
731887,0.37,1.95,-1.34
731907,-1.34,2.50,-2.93
731927,-1.65,1.89,-0.98
731947,-1.65,1.46,-0.92
731967,-2.32,1.16,-2.08
731987,-1.40,1.53,-0.61
732007,-1.34,1.10,-1.28
732027,-1.95,0.98,-2.69
732047,-0.18,0.79,-0.24
732067,0.24,-0.24,1.10
732087,0.06,-1.16,0.12
732107,1.53,-0.85,1.04
732127,-0.12,-0.31,-1.59
732147,2.56,0.24,1.65
732167,1.77,-0.73,1.22
732187,0.67,-0.31,-0.43
732207,1.46,-0.73,1.40
732227,0.24,-1.10,0.98
732247,0.61,-0.24,2.14
732267,-0.55,-1.04,1.77
732287,1.77,-0.31,2.56
732307,1.34,-0.24,0.31
732327,2.32,0.49,1.71
732347,4.70,-0.92,3.60
732367,1.59,-0.67,0.92
732387,1.04,-1.28,-0.06
732407,2.69,-0.18,0.06
732427,0.98,0.79,-0.18
732447,0.73,-0.12,0.06
732467,1.16,-0.12,0.18
732487,-0.06,-0.12,0.37
732507,-0.24,-0.37,0.12
732527,-0.61,-1.77,-1.83
732547,0.92,-0.73,-0.24
732567,-1.65,-0.85,-0.12
732587,-2.01,-1.10,0.61
732607,0.18,0.49,1.95
732627,-1.40,0.24,-0.79
732647,-2.32,1.83,-2.69
732667,-2.38,4.70,-2.75
732687,-2.20,4.03,-2.81
732707,-3.05,4.15,-4.64
732727,-2.81,3.30,-3.42
732747,-3.72,1.40,-2.01
732767,-4.09,-0.92,0.43
732787,-4.15,-3.72,2.62
732807,-5.13,-6.59,3.72
732827,-4.39,-8.36,6.47
732847,-3.30,-9.70,8.30
732867,-3.36,-10.68,9.64
732887,-4.39,-10.74,10.31
732907,-3.60,-10.62,11.66
732927,-3.30,-10.62,10.31
732947,-4.39,-9.64,7.39
732967,-3.66,-8.85,6.10
732987,-2.75,-4.82,4.58
733007,-4.03,-3.72,1.95
733027,-1.40,-1.10,1.34
733047,0.73,1.59,-2.01
733067,-0.55,3.42,-4.15
733087,0.06,2.62,-1.77
733107,0.55,2.26,-0.55
733127,-0.12,0.92,-1.04
733147,1.04,0.37,-0.85
733167,1.16,1.22,0.37
733187,2.01,1.04,1.40
733207,1.71,-0.18,-0.49
733227,1.34,0.55,-2.62
733247,1.89,2.01,-2.14
733267,1.77,1.28,-2.50
733287,0.73,3.54,-4.33
733307,0.31,4.82,-4.94
733327,0.61,6.04,-5.19
733347,0.79,7.39,-5.25
733367,-0.06,6.59,-3.85
733387,0.18,4.70,-1.59
733407,-1.89,2.81,-2.26
733427,-1.59,1.83,-1.77
733447,0.12,0.98,0.49
733467,-0.85,0.24,-0.24
733487,-0.31,0.18,2.32
733507,-1.83,-1.65,2.38
733527,-0.55,-0.85,1.95
733547,-0.12,-1.04,-2.14
733567,0.43,1.34,-4.15
733587,2.56,1.77,-2.32
733607,1.95,0.67,-3.66
733627,2.01,0.61,-1.71
733647,0.73,-0.85,0.67
733667,-1.65,-0.98,1.89
733687,-3.11,-1.22,2.26
733707,-3.48,-0.85,0.85
733727,-2.01,-0.06,0.49
733747,-1.53,0.00,-0.24
733767,-1.65,0.12,-0.79
733787,0.37,0.79,2.32
733807,-0.67,-0.67,2.69
733827,-0.06,-1.95,3.30
733847,-1.77,-1.95,1.59
733867,1.28,-2.32,3.85
733887,2.87,-3.05,1.89
733907,3.66,0.18,0.49
733927,5.00,-1.28,1.28
733947,5.00,-2.50,0.67
733967,4.27,-3.05,0.73
733987,3.42,-2.38,0.73
734007,2.32,-3.11,0.73
734027,2.93,-3.05,1.46
734047,2.01,-1.16,1.34
734067,0.55,-0.06,1.71
734087,0.73,-0.06,2.50
734107,0.24,-1.34,1.83
734127,0.24,-1.59,1.77
734147,-0.49,-2.26,2.14
734167,-0.61,-2.99,1.95
734187,0.55,-2.50,0.98
734207,0.24,-1.04,-0.24
734227,0.18,-1.53,-0.43
734247,1.40,-0.92,0.06
734267,1.53,-0.92,0.37
734287,0.67,-0.55,1.04
734307,-1.04,0.18,0.00
734327,-0.61,0.55,-0.12
734347,0.00,0.98,-0.37
734367,-0.18,1.28,-1.04
734387,-0.92,1.89,-1.89
734407,-0.37,1.53,-0.98
734427,-1.34,0.67,-2.08
734447,-0.92,0.92,-2.87
734467,-1.40,2.38,-3.60
734487,-2.32,4.03,-3.36
734507,-1.22,4.33,-2.56
734527,-0.06,4.82,-2.32
734547,-0.06,3.97,-0.61
734567,-2.08,1.59,0.98
734587,-2.50,0.67,1.83
734607,-0.49,0.06,3.05
734627,0.43,-0.18,1.77
734647,1.46,-0.12,-1.46
734667,2.62,-0.43,-1.46
734687,3.23,-2.81,0.92
734707,0.79,-1.34,-0.12
734727,0.61,-0.61,0.43
734747,0.43,0.98,0.31
734767,-1.16,0.85,-0.67
734787,0.79,0.67,0.49
734807,2.62,1.46,1.22
734827,2.14,1.22,1.28
734847,0.43,0.55,0.37
734867,0.24,2.32,-1.89
734887,0.18,1.65,-2.99
734907,0.31,2.69,-2.75
734927,0.55,3.11,-1.46
734947,-1.28,3.17,-2.75
734967,-0.55,3.42,-1.65
734987,-1.83,2.26,-1.22
735007,-2.87,1.71,-1.53
735027,-1.28,2.69,-0.85
735047,-0.61,2.62,-1.34
735067,-0.73,1.83,-2.38
735087,-0.18,-0.73,-0.73
735107,-1.22,-0.73,-0.06
735127,0.79,-0.49,2.38
735147,-0.12,-0.61,1.16
735167,2.87,-0.06,2.26
735187,2.75,-0.85,0.85
735207,0.55,-1.22,-0.49
735227,1.95,-2.14,1.71
735247,3.23,-1.28,2.81
735267,3.54,-0.24,1.28
735287,2.01,-0.12,-0.61
735307,0.37,-0.18,-0.61
735327,-1.83,-0.61,-0.55
735347,-3.78,-2.08,-1.59
735367,-3.72,-1.22,-0.73
735387,-2.81,-2.14,1.95
735407,-2.75,-1.28,2.38
735427,-1.65,-0.92,1.89
735447,-3.54,-1.04,-0.85
735467,-4.09,-0.18,-0.98
735487,-3.60,0.00,0.06
735507,-1.71,-0.79,0.85
735527,-1.83,-0.85,0.12
735547,-1.16,0.18,0.73
735567,0.06,-0.37,1.53
735587,-2.38,0.18,0.73
735607,-1.77,-0.24,1.53
735627,-0.12,-1.89,1.16
735647,-0.61,-1.71,0.79
735667,1.40,-2.38,2.14
735687,0.18,-1.71,-0.92
735707,-0.18,-1.65,0.18
735727,0.73,-2.69,2.56
735747,-2.14,-3.05,0.73
735767,-1.04,-2.87,2.75
735787,0.49,-2.75,3.36
735807,1.10,-2.44,2.32
735827,1.46,-2.56,1.28
735847,2.01,-1.77,1.34
735867,-0.06,-0.85,0.37
735887,0.43,0.67,-0.43
735907,1.71,2.14,-1.89
735927,1.40,1.53,-2.01
735947,0.85,1.34,-1.40
