timestamp,ax,ay,az,gx,gy,gz,mx,my,mz,label
9344,-0.96,-0.04,0.08,-1.22,-2.01,-2.44,-52.00,47.00,41.00,sitting_up
9385,-0.97,-0.04,0.09,-0.31,-1.46,-1.65,-51.00,47.00,40.00,sitting_up
9478,-0.97,-0.04,0.09,-0.67,-0.06,-2.56,-52.00,47.00,38.00,sitting_up
9584,-0.97,-0.03,0.08,-0.24,-4.03,-4.94,-55.00,48.00,45.00,sitting_up
9677,-0.97,-0.02,0.07,0.00,-3.17,-2.38,-51.00,49.00,43.00,sitting_up
9783,-0.98,-0.03,0.07,-1.59,4.15,2.38,-51.00,48.00,42.00,sitting_up
9876,-0.97,-0.03,0.08,-1.34,-0.12,-3.91,-52.00,51.00,37.00,sitting_up
9982,-0.97,-0.02,0.08,0.92,1.28,0.18,-48.00,45.00,38.00,sitting_up
10075,-0.97,-0.03,0.08,1.10,1.16,2.62,-48.00,42.00,42.00,sitting_up
10180,-0.97,-0.03,0.08,0.06,-1.77,-2.75,-48.00,49.00,43.00,sitting_up
10273,-0.97,-0.02,0.07,-0.49,-1.34,-0.79,-48.00,50.00,40.00,sitting_up
10379,-0.97,-0.02,0.07,-1.22,-1.83,-1.28,-50.00,51.00,40.00,sitting_up
10472,-0.97,-0.02,0.07,0.18,-0.98,2.38,-50.00,49.00,42.00,sitting_up
10578,-0.97,-0.03,0.07,-0.67,2.08,-1.83,-48.00,50.00,39.00,sitting_up
10671,-0.97,-0.02,0.07,-0.79,1.53,-1.40,-49.00,52.00,32.00,sitting_up
10764,-0.97,-0.02,0.07,-1.16,-1.83,-1.71,-47.00,52.00,38.00,sitting_up
10870,-0.97,-0.02,0.06,0.43,-2.14,-1.59,-47.00,50.00,36.00,sitting_up
10963,-0.97,-0.02,0.06,-0.31,-0.73,-1.71,-48.00,51.00,36.00,sitting_up
11069,-0.97,-0.01,0.06,-1.16,-3.42,-4.27,-49.00,51.00,33.00,sitting_up
11162,-0.98,-0.01,0.05,-0.24,-1.22,-1.04,-47.00,51.00,40.00,sitting_up
11268,-0.97,-0.01,0.05,-0.37,3.97,0.73,-47.00,52.00,34.00,sitting_up
11361,-0.97,-0.01,0.06,-0.61,3.78,0.85,-47.00,52.00,36.00,sitting_up
11467,-0.97,-0.01,0.07,-1.10,0.31,-1.04,-49.00,51.00,31.00,sitting_up
11560,-0.97,-0.01,0.07,-0.43,-2.14,-2.62,-47.00,52.00,42.00,sitting_up
11666,-0.97,0.00,0.06,-0.67,-0.18,-2.44,-46.00,52.00,40.00,sitting_up
11759,-0.97,0.00,0.06,-0.37,1.10,0.12,-47.00,51.00,38.00,sitting_up
11865,-0.97,-0.00,0.07,-0.37,2.69,1.71,-47.00,53.00,36.00,sitting_up
11958,-0.97,-0.00,0.07,0.06,2.81,1.89,-45.00,51.00,41.00,sitting_up
12064,-0.97,-0.01,0.07,-0.06,1.40,1.10,-48.00,51.00,39.00,sitting_up
12157,-0.97,-0.01,0.07,0.12,0.49,0.85,-47.00,52.00,38.00,sitting_up
12250,-0.97,-0.01,0.08,-0.12,3.11,1.65,-46.00,52.00,42.00,sitting_up
12357,-0.97,-0.01,0.09,0.31,3.66,2.01,-47.00,50.00,40.00,sitting_up
12450,-0.97,-0.01,0.09,0.00,0.73,0.06,-46.00,51.00,44.00,sitting_up
12556,-0.97,-0.02,0.09,0.12,0.73,1.10,-46.00,51.00,38.00,sitting_up
12649,-0.97,-0.02,0.09,0.06,0.43,-0.06,-44.00,52.00,37.00,sitting_up
12755,-0.97,-0.01,0.08,-0.55,-1.77,-1.95,-48.00,49.00,44.00,sitting_up
12848,-0.97,-0.01,0.08,-0.37,-0.06,-0.31,-47.00,52.00,37.00,sitting_up
12954,-0.97,-0.02,0.09,-0.18,1.89,0.55,-49.00,51.00,42.00,sitting_up
13047,-0.97,-0.01,0.09,-0.55,1.28,0.31,-47.00,54.00,38.00,sitting_up
13153,-0.97,-0.02,0.09,0.00,0.67,0.43,-45.00,51.00,41.00,sitting_up
13246,-0.97,-0.02,0.09,-0.73,0.06,-0.31,-44.00,53.00,34.00,sitting_up
13352,-0.97,-0.02,0.09,-0.24,-0.31,-0.49,-47.00,52.00,39.00,sitting_up
13445,-0.97,-0.01,0.09,-0.24,0.73,0.31,-47.00,51.00,40.00,sitting_up
13538,-0.97,-0.02,0.09,0.18,-0.18,-0.49,-46.00,53.00,41.00,sitting_up
13644,-0.97,-0.01,0.09,-0.18,0.00,0.06,-47.00,53.00,36.00,sitting_up
13737,-0.97,-0.02,0.09,-0.43,-0.37,-0.24,-45.00,52.00,36.00,sitting_up
13843,-0.97,-0.02,0.09,0.18,-0.06,-0.18,-48.00,51.00,39.00,sitting_up
13936,-0.97,-0.01,0.09,-0.31,1.28,0.37,-47.00,52.00,43.00,sitting_up
14042,-0.97,-0.02,0.09,-0.06,1.71,1.04,-48.00,51.00,39.00,sitting_up
14135,-0.97,-0.02,0.10,-0.43,1.28,0.06,-49.00,52.00,40.00,sitting_up
14241,-0.97,-0.02,0.09,-0.61,1.10,0.37,-48.00,51.00,36.00,sitting_up
14334,-0.97,-0.02,0.10,-0.24,1.40,0.49,-48.00,52.00,46.00,sitting_up
14441,-0.97,-0.02,0.10,-0.37,-0.55,-0.85,-47.00,51.00,39.00,sitting_up
14534,-0.97,-0.02,0.10,-0.31,-0.85,-0.06,-48.00,52.00,37.00,sitting_up
14640,-0.97,-0.02,0.10,-1.10,0.85,0.92,-46.00,52.00,39.00,sitting_up
14733,-0.97,-0.02,0.09,-0.92,-2.20,-2.44,-48.00,52.00,42.00,sitting_up
14826,-0.97,-0.02,0.09,-1.04,0.55,-0.18,-47.00,53.00,36.00,sitting_up
14932,-0.97,-0.02,0.10,-0.55,-1.34,-1.53,-48.00,51.00,41.00,sitting_up
15025,-0.97,-0.01,0.09,-0.67,-1.28,-1.89,-47.00,52.00,40.00,sitting_up
15131,-0.97,-0.01,0.09,-0.37,0.92,0.12,-46.00,51.00,40.00,sitting_up
15224,-0.97,-0.01,0.09,-0.31,1.16,0.55,-47.00,50.00,41.00,sitting_up
15330,-0.97,-0.01,0.09,-0.43,1.10,0.73,-47.00,51.00,38.00,sitting_up
15423,-0.97,-0.01,0.09,-0.31,0.43,-0.24,-46.00,53.00,38.00,sitting_up
15529,-0.97,-0.01,0.09,-0.37,0.18,-0.12,-47.00,55.00,38.00,sitting_up
15622,-0.97,-0.01,0.09,0.49,-0.31,-0.67,-45.00,51.00,40.00,sitting_up
15728,-0.97,-0.01,0.09,0.00,0.85,-0.24,-46.00,52.00,37.00,sitting_up
15822,-0.97,-0.01,0.10,-0.18,1.40,-0.67,-48.00,54.00,37.00,sitting_up
15928,-0.97,-0.01,0.10,0.49,1.59,1.95,-50.00,54.00,40.00,sitting_up
16021,-0.97,-0.01,0.10,0.18,0.43,1.59,-46.00,51.00,37.00,sitting_up
16114,-0.97,-0.02,0.10,0.12,0.49,0.06,-45.00,51.00,36.00,sitting_up
16220,-0.97,-0.02,0.10,0.24,2.69,1.95,-46.00,53.00,38.00,sitting_up
16313,-0.97,-0.02,0.11,0.49,2.44,2.81,-45.00,52.00,45.00,sitting_up
16419,-0.97,-0.03,0.11,0.43,4.70,2.69,-48.00,51.00,42.00,sitting_up
16512,-0.97,-0.03,0.13,0.67,5.62,3.91,-48.00,51.00,38.00,sitting_up
16618,-0.97,-0.04,0.12,1.28,-5.00,-2.93,-47.00,49.00,38.00,sitting_up
16711,-0.97,-0.02,0.11,1.04,-8.61,-7.26,-48.00,54.00,39.00,sitting_up
16817,-0.97,-0.02,0.10,0.00,3.66,2.20,-49.00,49.00,38.00,sitting_up
16910,-0.97,-0.03,0.12,-0.43,5.25,3.30,-49.00,50.00,39.00,sitting_up
17016,-0.97,-0.03,0.12,-0.12,-5.13,-3.36,-47.00,49.00,36.00,sitting_up
17109,-0.97,-0.02,0.10,0.00,-7.45,-4.76,-49.00,49.00,36.00,sitting_up
17215,-0.97,-0.01,0.09,-1.16,-1.95,-2.75,-47.00,51.00,38.00,sitting_up
17308,-0.97,-0.01,0.09,-0.98,-0.55,-0.98,-48.00,50.00,39.00,sitting_up
17414,-0.97,-0.01,0.09,-0.79,1.71,0.73,-48.00,49.00,38.00,sitting_up
17507,-0.97,-0.01,0.10,-0.61,1.83,-0.24,-48.00,49.00,35.00,sitting_up
17613,-0.97,-0.01,0.09,-0.37,0.79,0.73,-48.00,50.00,34.00,sitting_up
17706,-0.97,-0.02,0.10,-0.73,1.77,1.89,-47.00,48.00,38.00,sitting_up
17799,-0.97,-0.02,0.10,-1.04,-0.55,0.06,-46.00,49.00,35.00,sitting_up
17905,-0.97,-0.02,0.10,-0.67,1.10,0.61,-49.00,49.00,34.00,sitting_up
17998,-0.97,-0.02,0.10,-0.49,1.40,-0.49,-46.00,47.00,37.00,sitting_up
18104,-0.97,-0.02,0.11,-0.61,0.06,-0.18,-49.00,49.00,39.00,sitting_up
18197,-0.97,-0.02,0.10,-1.22,0.55,-0.31,-50.00,49.00,41.00,sitting_up
18303,-0.97,-0.02,0.10,-0.61,0.73,-0.24,-49.00,51.00,36.00,sitting_up
18396,-0.97,-0.02,0.11,-0.61,0.79,-0.49,-49.00,50.00,41.00,sitting_up
18502,-0.97,-0.02,0.11,0.06,1.59,0.55,-48.00,49.00,38.00,sitting_up
18595,-0.97,-0.02,0.11,-0.67,0.24,-0.73,-48.00,47.00,39.00,sitting_up
18701,-0.97,-0.02,0.11,1.16,0.43,0.43,-45.00,48.00,34.00,sitting_up
18794,-0.97,-0.02,0.11,0.24,1.16,1.10,-49.00,51.00,40.00,sitting_up
18900,-0.97,-0.02,0.11,-0.37,-0.12,-0.31,-48.00,47.00,34.00,sitting_up
18993,-0.97,-0.02,0.11,-0.55,0.67,-0.06,-51.00,49.00,38.00,sitting_up
19099,-0.97,-0.02,0.11,-0.85,-1.46,-0.67,-50.00,50.00,33.00,sitting_up
19192,-0.97,-0.01,0.11,-0.85,-0.55,-0.37,-48.00,49.00,33.00,sitting_up
19298,-0.97,-0.02,0.11,-0.31,0.31,0.06,-48.00,48.00,35.00,sitting_up
19391,-0.97,-0.01,0.11,0.12,-1.10,-0.85,-45.00,47.00,33.00,sitting_up
19485,-0.97,-0.01,0.11,-0.31,-0.37,-0.12,-48.00,49.00,36.00,sitting_up
19591,-0.97,-0.01,0.11,-0.24,-0.31,0.00,-49.00,48.00,40.00,sitting_up
19684,-0.97,-0.01,0.10,-0.73,-0.67,-0.85,-48.00,48.00,36.00,sitting_up
19790,-0.97,-0.01,0.10,0.24,0.31,0.73,-49.00,50.00,38.00,sitting_up
19883,-0.97,-0.01,0.10,-0.73,0.12,-0.31,-49.00,48.00,34.00,sitting_up
19989,-0.97,-0.01,0.10,-0.43,0.92,-0.06,-49.00,49.00,34.00,sitting_up
20082,-0.97,-0.01,0.11,0.43,0.79,0.06,-48.00,50.00,38.00,sitting_up
20188,-0.97,-0.01,0.11,0.06,1.71,0.43,-47.00,50.00,31.00,sitting_up
20281,-0.97,-0.01,0.11,-0.24,-0.31,-0.55,-49.00,50.00,35.00,sitting_up
20387,-0.97,-0.02,0.11,-0.18,3.11,2.26,-49.00,48.00,44.00,sitting_up
20480,-0.97,-0.02,0.12,-1.16,3.85,2.14,-48.00,48.00,34.00,sitting_up
20586,-0.97,-0.03,0.12,-0.24,-0.73,2.56,-51.00,50.00,41.00,sitting_up
20679,-0.97,-0.03,0.11,1.28,0.92,1.59,-52.00,49.00,36.00,sitting_up
20772,-0.97,-0.03,0.12,0.49,4.21,2.01,-50.00,49.00,38.00,sitting_up
20878,-0.97,-0.04,0.14,-0.79,3.36,3.30,-52.00,49.00,39.00,sitting_up
20971,-0.97,-0.04,0.12,0.61,-8.67,-3.17,-51.00,48.00,35.00,sitting_up
21077,-0.97,-0.03,0.10,-0.92,-2.50,-1.40,-51.00,49.00,40.00,sitting_up
21170,-0.97,-0.03,0.11,-0.43,1.10,1.04,-49.00,48.00,36.00,sitting_up
21276,-0.97,-0.04,0.12,-0.12,2.01,2.93,-48.00,49.00,37.00,sitting_up
21369,-0.97,-0.04,0.12,-1.46,4.64,2.99,-49.00,51.00,42.00,sitting_up
21475,-0.97,-0.04,0.13,-1.10,4.70,1.34,-48.00,49.00,36.00,sitting_up
21568,-0.96,-0.04,0.13,-0.12,-0.67,-2.08,-50.00,47.00,40.00,sitting_up
21674,-0.97,-0.04,0.13,2.75,-4.03,-2.26,-50.00,49.00,43.00,sitting_up
21767,-0.97,-0.04,0.12,1.46,-7.93,-4.88,-46.00,48.00,34.00,sitting_up
21873,-0.97,-0.02,0.10,1.34,-10.80,-8.36,-49.00,51.00,40.00,sitting_up
21966,-0.98,-0.01,0.08,-0.37,-4.52,-4.15,-46.00,49.00,37.00,sitting_up
22072,-0.97,-0.02,0.09,2.32,-3.23,-2.62,-50.00,51.00,41.00,sitting_up
22166,-0.97,-0.01,0.08,3.66,-6.04,-4.27,-49.00,51.00,42.00,sitting_up
22259,-0.97,0.00,0.05,5.07,-8.42,-8.73,-47.00,52.00,35.00,sitting_up
22365,-0.98,0.01,0.04,-1.28,-0.92,1.46,-46.00,49.00,34.00,sitting_up
22458,-0.97,0.00,0.06,3.85,10.56,1.89,-47.00,49.00,33.00,sitting_up
22564,-0.97,0.00,0.08,-3.85,0.24,-0.85,-49.00,51.00,35.00,sitting_up
22657,-0.97,0.02,0.06,-8.48,0.49,0.67,-48.00,50.00,34.00,sitting_up
22763,-0.97,0.00,0.06,4.15,-0.98,0.55,-47.00,52.00,38.00,sitting_up
22856,-0.97,0.00,0.07,-45.23,-2.01,-0.06,-46.00,51.00,40.00,sitting_up
22962,-0.97,0.00,0.04,-23.38,6.59,-3.42,-49.00,50.00,42.00,sitting_up
23055,-0.97,0.03,0.09,1.77,-3.48,-0.31,-48.00,51.00,41.00,sitting_up
23161,-0.97,0.02,0.07,-0.43,-8.73,2.99,-47.00,52.00,40.00,sitting_up
23254,-0.98,0.00,0.04,4.82,-4.15,1.16,-48.00,52.00,40.00,sitting_up
23360,-0.97,0.01,0.05,-0.37,-0.18,0.55,-48.00,48.00,36.00,sitting_up
23453,-0.97,-0.00,0.04,9.09,-2.62,2.38,-48.00,51.00,40.00,sitting_up
23559,-0.98,-0.01,0.04,6.59,2.99,-0.06,-49.00,51.00,37.00,sitting_up
23652,-0.97,-0.00,0.04,9.34,4.21,-2.56,-47.00,51.00,37.00,sitting_up
23745,-0.97,0.00,0.06,19.84,-0.24,-1.16,-51.00,52.00,37.00,sitting_up
23851,-0.98,0.01,0.06,21.73,0.37,-1.53,-48.00,52.00,40.00,sitting_up
23944,-0.97,-0.01,0.06,7.39,-4.33,0.49,-46.00,50.00,34.00,sitting_up
24050,-0.97,0.00,0.06,-12.08,-2.69,1.89,-47.00,52.00,39.00,sitting_up
24143,-0.98,-0.01,0.03,0.37,1.04,-0.85,-48.00,51.00,34.00,sitting_up
24249,-0.97,0.00,0.08,22.89,22.71,-9.46,-47.00,48.00,39.00,sitting_up
24342,-0.97,0.01,0.09,29.17,-1.34,-1.28,-48.00,51.00,40.00,sitting_up
24448,-0.97,0.00,0.08,22.28,0.37,2.20,-49.00,50.00,35.00,sitting_up
24542,-0.97,0.00,0.08,23.19,-6.29,3.48,-48.00,51.00,31.00,sitting_up
24648,-0.97,-0.00,0.05,4.94,-13.37,-2.32,-49.00,51.00,35.00,sitting_up
24741,-0.98,-0.00,0.04,-4.94,1.28,2.56,-49.00,50.00,33.00,sitting_up
24847,-0.97,-0.01,0.04,-0.92,-2.56,-3.05,-51.00,52.00,28.00,sitting_up
24940,-0.98,-0.00,0.04,-15.20,2.99,0.18,-50.00,50.00,34.00,sitting_up
25033,-0.97,0.01,0.06,-33.26,8.30,3.48,-47.00,53.00,35.00,sitting_up
25139,-0.97,0.01,0.05,-12.51,5.07,3.66,-46.00,51.00,37.00,sitting_up
25232,-0.97,-0.01,0.08,-13.49,3.78,4.15,-49.00,51.00,36.00,sitting_up
25338,-0.97,-0.01,0.06,-2.62,3.48,1.10,-49.00,52.00,34.00,sitting_up
25431,-0.97,-0.01,0.09,-8.06,8.54,7.08,-49.00,50.00,33.00,sitting_up
25537,-0.97,-0.02,0.08,-0.06,-6.71,-0.37,-50.00,52.00,33.00,sitting_up
25630,-0.97,-0.02,0.08,-4.09,-1.16,-0.79,-49.00,52.00,32.00,sitting_up
25736,-0.97,-0.01,0.07,0.98,-3.91,0.24,-48.00,50.00,33.00,sitting_up
25829,-0.97,-0.03,0.05,0.31,-5.49,2.50,-48.00,49.00,32.00,sitting_up
25935,-0.97,-0.02,0.06,-1.89,1.95,2.69,-49.00,48.00,40.00,sitting_up
26028,-0.98,-0.04,0.04,-9.16,-5.49,-9.83,-49.00,50.00,39.00,sitting_up
26134,-0.97,-0.01,0.08,1.40,6.47,-4.15,-45.00,49.00,37.00,sitting_up
26228,-0.97,-0.01,0.06,4.70,-1.65,1.16,-49.00,51.00,31.00,sitting_up
26334,-0.97,-0.01,0.08,-15.08,-7.20,3.05,-48.00,52.00,36.00,sitting_up
26427,-0.98,-0.02,0.04,-16.30,-5.86,-2.62,-48.00,51.00,33.00,sitting_up
26520,-0.98,-0.02,0.05,8.48,6.29,-2.62,-48.00,52.00,36.00,sitting_up
26626,-0.98,-0.01,0.05,9.64,3.11,2.99,-48.00,52.00,38.00,sitting_up
26719,-0.98,-0.02,0.04,3.36,-3.05,-0.43,-47.00,51.00,33.00,sitting_up
26826,-0.97,-0.02,0.04,-1.65,-0.92,-1.34,-49.00,50.00,34.00,sitting_up
26919,-0.97,-0.01,0.05,4.64,-5.00,-3.17,-49.00,50.00,33.00,sitting_up
27025,-0.98,-0.01,0.03,3.23,-0.31,-1.34,-48.00,50.00,35.00,sitting_up
27118,-0.98,-0.00,0.03,-1.34,-0.79,1.28,-51.00,49.00,33.00,sitting_up
27224,-0.97,-0.00,0.04,-4.88,-5.19,-0.49,-50.00,50.00,36.00,sitting_up
27317,-0.98,-0.01,0.03,-9.77,-2.50,0.31,-50.00,51.00,36.00,sitting_up
27424,-0.98,-0.01,0.01,1.59,-6.04,-0.73,-50.00,51.00,36.00,sitting_up
27517,-0.98,-0.01,0.00,2.44,-0.67,-0.61,-48.00,51.00,36.00,sitting_up
27610,-0.98,-0.01,-0.00,0.31,-3.54,-1.65,-50.00,52.00,37.00,sitting_up
27716,-0.98,-0.00,-0.00,-3.78,0.49,-0.49,-47.00,50.00,32.00,sitting_up
27809,-0.98,-0.00,0.01,2.38,3.48,-1.71,-46.00,52.00,37.00,sitting_up
27915,-0.98,-0.01,0.01,-3.78,-0.79,0.92,-49.00,50.00,33.00,sitting_up
28008,-0.98,-0.01,0.00,4.58,-0.31,-2.08,-47.00,51.00,32.00,sitting_up
28114,-0.98,-0.00,-0.00,-0.06,-0.85,-0.67,-48.00,52.00,32.00,sitting_up
28207,-0.98,0.00,0.01,11.23,-4.94,-1.10,-47.00,51.00,34.00,sitting_up
28313,-0.98,-0.01,-0.02,-15.87,6.84,-2.87,-50.00,52.00,33.00,sitting_up
28406,-0.98,0.00,-0.01,-13.98,5.62,-2.62,-47.00,51.00,31.00,sitting_up
28512,-0.98,0.01,0.00,-9.95,2.75,0.73,-49.00,51.00,33.00,sitting_up
28604,-0.98,-0.00,0.00,-1.89,0.79,1.53,-48.00,51.00,42.00,sitting_up
28710,-0.98,0.00,0.00,-2.99,3.23,-0.12,-50.00,51.00,36.00,sitting_up
28803,-0.98,-0.00,0.01,-1.40,0.67,0.00,-47.00,49.00,37.00,sitting_up
28909,-0.98,0.00,0.01,-2.01,-0.31,-0.73,-46.00,50.00,33.00,sitting_up
29002,-0.98,0.00,0.01,-5.98,0.00,0.12,-49.00,52.00,30.00,sitting_up
29108,-0.98,-0.00,0.01,-5.49,2.26,-0.12,-47.00,52.00,32.00,sitting_up
29201,-0.98,-0.00,0.01,-8.24,-0.79,-0.06,-45.00,53.00,34.00,sitting_up
29294,-0.98,0.00,0.01,-12.82,0.79,-1.10,-48.00,52.00,35.00,sitting_up
29400,-0.98,-0.00,0.01,-6.71,1.53,-0.49,-45.00,51.00,33.00,sitting_up
29493,-0.98,0.00,0.01,-4.94,-0.37,-0.85,-50.00,50.00,35.00,sitting_up
29599,-0.98,0.00,0.01,-0.85,-0.61,0.37,-45.00,51.00,37.00,sitting_up
29692,-0.98,0.00,0.01,-3.91,-0.73,-0.24,-47.00,51.00,35.00,sitting_up
29798,-0.98,0.00,0.01,-3.42,-1.71,-0.37,-46.00,48.00,36.00,sitting_up
29891,-0.98,0.00,0.01,-2.56,-0.92,0.98,-46.00,53.00,33.00,sitting_up
29997,-0.98,0.00,0.00,0.79,-2.01,0.85,-48.00,50.00,32.00,sitting_up
30090,-0.98,0.00,0.00,0.67,-1.04,0.24,-46.00,51.00,35.00,sitting_up
30196,-0.98,0.00,0.00,-1.40,-1.89,0.06,-49.00,52.00,33.00,sitting_up
30289,-0.98,-0.00,-0.01,3.05,-6.16,1.34,-47.00,51.00,32.00,sitting_up
30395,-0.98,-0.00,-0.02,4.15,-0.73,1.22,-50.00,51.00,34.00,sitting_up
30488,-0.98,-0.00,-0.02,-0.37,-1.95,0.49,-46.00,55.00,34.00,sitting_up
30582,-0.98,-0.01,-0.03,1.10,-1.65,0.31,-48.00,51.00,34.00,sitting_up
30688,-0.98,-0.01,-0.03,1.34,-0.31,-0.18,-48.00,50.00,30.00,sitting_up
30781,-0.98,-0.00,-0.03,0.00,-1.04,0.06,-46.00,52.00,31.00,sitting_up
30887,-0.98,-0.01,-0.03,-0.73,-0.85,-0.49,-49.00,50.00,26.00,sitting_up
30981,-0.98,-0.01,-0.03,-1.34,-0.12,-0.43,-49.00,51.00,32.00,sitting_up
31087,-0.98,-0.00,-0.03,1.28,-2.20,0.24,-47.00,52.00,32.00,sitting_up
31180,-0.98,-0.01,-0.04,0.67,-0.92,0.37,-47.00,51.00,32.00,sitting_up
31286,-0.98,-0.01,-0.04,-0.43,1.53,-0.92,-47.00,50.00,32.00,sitting_up
31379,-0.98,-0.01,-0.03,3.11,5.43,-1.65,-49.00,51.00,31.00,sitting_up
31485,-0.98,0.00,-0.01,4.03,8.67,-1.04,-50.00,50.00,30.00,sitting_up
31578,-0.98,-0.00,-0.00,4.46,7.69,-0.12,-46.00,50.00,32.00,sitting_up
31684,-0.98,-0.00,0.01,4.70,5.80,-1.04,-47.00,50.00,35.00,sitting_up
31777,-0.98,-0.00,0.02,0.12,7.75,0.43,-47.00,50.00,35.00,sitting_up
31870,-0.98,0.00,0.03,4.94,4.39,-0.43,-48.00,51.00,32.00,sitting_up
31976,-0.98,-0.00,0.04,18.37,1.89,0.67,-50.00,50.00,37.00,sitting_up
32069,-0.98,-0.00,0.03,17.09,1.53,0.00,-47.00,48.00,41.00,sitting_up
32175,-0.97,-0.00,0.04,6.29,2.01,0.43,-47.00,51.00,34.00,sitting_up
32268,-0.98,-0.01,0.03,15.50,-2.50,0.43,-48.00,51.00,31.00,sitting_up
32375,-0.98,-0.01,0.03,14.53,0.85,0.61,-49.00,50.00,34.00,sitting_up
32468,-0.98,-0.01,0.04,-3.11,1.59,0.00,-50.00,53.00,26.00,sitting_up
32574,-0.97,-0.01,0.04,-2.99,-0.55,-0.61,-48.00,47.00,41.00,sitting_up
32667,-0.97,-0.01,0.04,-1.83,0.37,-0.49,-50.00,54.00,34.00,sitting_up
32773,-0.98,-0.01,0.03,-0.18,2.93,-0.85,-50.00,51.00,34.00,sitting_up
32866,-0.98,-0.01,0.04,-0.06,2.56,-0.85,-50.00,51.00,35.00,sitting_up
32972,-0.98,-0.00,0.05,-7.26,7.39,0.85,-48.00,51.00,36.00,sitting_up
33065,-0.97,-0.00,0.06,5.31,4.15,1.10,-47.00,50.00,35.00,sitting_up
33158,-0.97,-0.01,0.06,2.38,0.24,0.06,-48.00,51.00,31.00,sitting_up
33264,-0.97,-0.01,0.06,0.67,1.95,0.00,-48.00,50.00,33.00,sitting_up
33357,-0.97,-0.01,0.07,-0.85,1.95,-0.12,-49.00,51.00,38.00,sitting_up
33463,-0.97,-0.01,0.07,-0.98,-1.10,0.12,-48.00,51.00,30.00,sitting_up
33556,-0.97,-0.01,0.07,-0.31,1.10,0.61,-48.00,51.00,33.00,sitting_up
33662,-0.97,-0.01,0.07,-0.67,2.93,-0.67,-47.00,51.00,38.00,sitting_up
33756,-0.97,-0.01,0.07,-5.49,4.46,0.61,-50.00,51.00,33.00,sitting_up
33862,-0.97,-0.01,0.09,-2.93,6.84,0.18,-49.00,52.00,36.00,sitting_up
33955,-0.97,-0.01,0.10,-2.14,7.93,0.31,-48.00,51.00,37.00,sitting_up
34061,-0.97,-0.01,0.11,-1.16,4.39,1.04,-49.00,49.00,35.00,sitting_up
34154,-0.97,-0.01,0.12,1.10,2.69,-0.06,-47.00,51.00,38.00,sitting_up
34247,-0.97,-0.01,0.12,-0.73,4.33,-0.06,-48.00,50.00,37.00,sitting_up
34353,-0.97,-0.01,0.13,-0.55,-0.31,0.79,-50.00,50.00,38.00,sitting_up
34446,-0.97,-0.01,0.12,0.12,-0.79,-0.12,-50.00,53.00,38.00,sitting_up
34552,-0.97,-0.01,0.12,0.00,0.12,-0.37,-48.00,49.00,37.00,sitting_up
34645,-0.97,-0.01,0.12,1.89,-0.37,0.18,-50.00,50.00,43.00,sitting_up
34751,-0.97,-0.01,0.12,1.16,-2.44,-0.12,-49.00,51.00,36.00,sitting_up
34844,-0.97,-0.02,0.12,-0.55,-4.09,0.55,-48.00,51.00,31.00,sitting_up
34950,-0.97,-0.01,0.10,-1.40,-10.01,-0.85,-49.00,52.00,41.00,sitting_up
35043,-0.97,-0.02,0.08,-2.32,-9.22,0.79,-50.00,49.00,38.00,sitting_up
35149,-0.97,-0.02,0.06,-1.10,-10.38,0.00,-50.00,50.00,36.00,sitting_up
35242,-0.97,-0.02,0.05,-2.01,-9.16,0.67,-48.00,51.00,35.00,sitting_up
35348,-0.98,-0.01,0.03,-2.32,-7.87,0.06,-48.00,52.00,34.00,sitting_up
35442,-0.98,-0.01,0.01,-3.05,-7.57,-1.22,-50.00,51.00,37.00,sitting_up
35535,-0.98,-0.02,0.01,-1.34,-4.64,-0.55,-46.00,50.00,34.00,sitting_up
35641,-0.98,-0.01,-0.00,2.93,-4.64,-0.43,-48.00,51.00,34.00,sitting_up
35734,-0.98,-0.01,-0.01,-1.28,-3.97,-0.73,-47.00,52.00,31.00,sitting_up
35840,-0.98,-0.01,-0.02,-5.25,-3.11,-0.12,-49.00,51.00,30.00,sitting_up
35933,-0.98,-0.01,-0.02,-3.48,-2.08,0.18,-48.00,51.00,29.00,sitting_up
36039,-0.98,-0.01,-0.03,-1.53,-2.99,0.31,-48.00,50.00,33.00,sitting_up
36132,-0.98,-0.01,-0.03,-3.36,-3.17,-0.92,-48.00,52.00,29.00,sitting_up
36238,-0.98,-0.01,-0.04,-5.25,-0.98,0.06,-48.00,52.00,28.00,sitting_up
36331,-0.98,-0.01,-0.04,0.49,6.47,2.32,-50.00,50.00,36.00,sitting_up
36437,-0.98,-0.01,-0.03,-2.50,-0.24,1.40,-48.00,52.00,32.00,sitting_up
36530,-0.98,-0.01,-0.04,-3.30,-1.59,-0.49,-49.00,51.00,34.00,sitting_up
36636,-0.98,-0.01,-0.04,2.32,-0.98,-2.08,-47.00,49.00,31.00,sitting_up
36729,-0.98,-0.01,-0.04,3.36,0.49,-0.31,-47.00,51.00,31.00,sitting_up
36835,-0.98,-0.01,-0.05,18.55,-4.15,-0.43,-48.00,50.00,27.00,sitting_up
36928,-0.98,-0.01,-0.04,7.45,0.49,3.72,-48.00,51.00,28.00,sitting_up
37021,-0.98,-0.02,-0.05,-0.31,2.38,0.85,-50.00,51.00,34.00,sitting_up
37127,-0.98,-0.01,-0.03,3.23,9.28,8.00,-48.00,51.00,37.00,sitting_up
37220,-0.98,-0.04,-0.01,10.44,8.18,5.07,-52.00,49.00,28.00,sitting_up
37326,-0.97,-0.04,-0.00,5.25,6.71,4.39,-50.00,50.00,32.00,sitting_up
37419,-0.98,-0.05,0.01,0.06,4.39,-0.61,-50.00,50.00,26.00,sitting_up
37525,-0.98,-0.04,0.01,-5.00,2.93,-0.55,-49.00,51.00,37.00,sitting_up
37618,-0.98,-0.04,0.01,0.49,-2.50,-1.22,-53.00,48.00,32.00,sitting_up
37724,-0.98,-0.04,0.01,-9.22,2.99,-3.30,-49.00,49.00,34.00,sitting_up
37817,-0.98,-0.03,0.03,-11.17,10.50,-0.24,-50.00,51.00,35.00,sitting_up
37923,-0.98,-0.04,0.02,-37.60,-2.26,-2.93,-48.00,51.00,34.00,sitting_up
38016,-0.98,-0.02,0.03,2.38,1.16,-1.65,-49.00,52.00,41.00,sitting_up
38122,-0.98,-0.02,0.00,-12.02,-12.08,-0.79,-48.00,51.00,33.00,sitting_up
38215,-0.98,-0.02,0.02,-37.84,3.66,-0.79,-47.00,51.00,32.00,sitting_up
38308,-0.98,-0.03,0.01,-2.93,-1.22,1.65,-48.00,50.00,38.00,sitting_up
38414,-0.98,-0.02,0.01,7.69,-1.65,-0.43,-46.00,50.00,34.00,sitting_up
38507,-0.98,-0.02,0.01,6.04,0.92,0.18,-45.00,51.00,40.00,sitting_up
38613,-0.98,-0.03,0.01,15.56,-0.85,1.77,-48.00,49.00,36.00,sitting_up
38706,-0.98,-0.03,0.01,1.16,-0.98,-1.22,-49.00,48.00,34.00,sitting_up
38812,-0.98,-0.03,0.01,0.85,-0.37,-0.31,-47.00,51.00,36.00,sitting_up
38905,-0.98,-0.03,-0.00,-3.85,-3.05,-2.62,-48.00,50.00,43.00,sitting_up
39012,-0.98,-0.02,0.00,-0.85,-1.53,-10.80,-47.00,53.00,34.00,sitting_up
39105,-0.98,-0.01,0.00,-2.20,3.11,-0.67,-50.00,52.00,34.00,sitting_up
39211,-0.98,0.00,-0.00,-7.08,1.10,-4.88,-48.00,51.00,39.00,sitting_up
39304,-0.98,0.00,0.00,-8.42,-0.61,-4.09,-45.00,51.00,32.00,sitting_up
39410,-0.98,0.01,0.00,-5.68,1.04,-5.25,-45.00,52.00,34.00,sitting_up
39503,-0.98,0.03,-0.00,-6.23,-1.10,-4.15,-47.00,53.00,36.00,sitting_up
39596,-0.98,0.03,-0.00,-1.53,0.24,-2.38,-45.00,54.00,39.00,sitting_up
39702,-0.98,0.03,-0.00,-2.44,1.40,-1.77,-46.00,53.00,35.00,sitting_up
39795,-0.98,0.03,-0.00,-0.24,0.67,-0.31,-48.00,52.00,35.00,sitting_up
39901,-0.98,0.03,-0.00,-0.18,0.43,-0.85,-47.00,51.00,36.00,sitting_up
39994,-0.98,0.03,-0.00,-0.24,0.85,-0.98,-44.00,53.00,37.00,sitting_up
40100,-0.98,0.03,-0.00,1.77,-2.01,2.87,-47.00,52.00,35.00,sitting_up
40193,-0.98,0.02,-0.00,3.91,-2.26,2.62,-48.00,53.00,33.00,sitting_up
40299,-0.98,0.02,-0.01,3.66,-0.31,3.78,-45.00,51.00,32.00,sitting_up
40392,-0.98,0.01,-0.01,0.92,-1.40,1.40,-47.00,55.00,38.00,sitting_up
40498,-0.98,0.01,-0.01,0.37,-0.55,1.22,-46.00,52.00,39.00,sitting_up
40591,-0.98,0.01,-0.01,-1.22,0.49,0.92,-47.00,51.00,31.00,sitting_up
40697,-0.98,0.01,-0.01,-2.08,-0.49,1.10,-48.00,50.00,34.00,sitting_up
40790,-0.98,0.01,-0.01,-1.77,-0.55,0.55,-47.00,52.00,31.00,sitting_up
40896,-0.98,0.01,-0.01,-0.37,0.55,0.98,-48.00,52.00,40.00,sitting_up
40989,-0.98,0.00,-0.01,0.73,-0.18,0.67,-48.00,54.00,38.00,sitting_up
41082,-0.98,0.00,-0.01,0.43,-0.49,1.16,-47.00,50.00,31.00,sitting_up
41188,-0.98,0.00,-0.01,-3.17,1.77,-1.10,-49.00,52.00,38.00,sitting_up
41281,-0.98,0.00,-0.01,-2.56,-0.55,-0.55,-49.00,52.00,31.00,sitting_up
41387,-0.98,0.00,-0.01,-1.65,-0.55,-0.12,-48.00,50.00,36.00,sitting_up
41480,-0.98,0.00,-0.01,0.79,-0.85,-0.73,-47.00,51.00,34.00,sitting_up
41586,-0.98,0.01,-0.01,-5.98,-0.49,-0.18,-48.00,50.00,36.00,sitting_up
41679,-0.98,0.00,-0.01,-2.38,0.12,-0.12,-45.00,51.00,33.00,sitting_up
41785,-0.98,0.00,-0.01,-0.61,-0.85,0.00,-45.00,51.00,34.00,sitting_up
41878,-0.98,0.00,-0.01,-0.18,-0.18,0.43,-46.00,52.00,36.00,sitting_up
41985,-0.98,0.00,-0.01,2.14,-1.46,0.31,-46.00,51.00,34.00,sitting_up
42078,-0.98,-0.00,-0.02,1.04,-0.18,0.24,-47.00,52.00,39.00,sitting_up
42171,-0.98,0.00,-0.02,0.55,-0.37,0.24,-49.00,50.00,35.00,sitting_up
42277,-0.98,0.00,-0.02,-0.18,-0.55,-0.37,-47.00,51.00,37.00,sitting_up
42371,-0.98,0.00,-0.02,1.28,-0.37,0.06,-48.00,51.00,35.00,sitting_up
42477,-0.98,0.00,-0.02,1.22,-0.92,0.06,-47.00,52.00,35.00,sitting_up
42570,-0.98,0.00,-0.03,-1.28,-0.67,-0.18,-47.00,53.00,35.00,sitting_up
42676,-0.98,0.00,-0.03,-0.06,-1.40,-0.55,-49.00,52.00,39.00,sitting_up
42769,-0.98,0.00,-0.03,1.34,-0.79,0.00,-47.00,52.00,30.00,sitting_up
42875,-0.98,0.00,-0.03,1.83,-1.34,0.37,-51.00,53.00,33.00,sitting_up
42968,-0.98,0.00,-0.03,1.10,-1.65,0.37,-48.00,52.00,30.00,sitting_up
43074,-0.98,0.00,-0.04,-2.38,-0.12,-0.12,-48.00,50.00,32.00,sitting_up
43167,-0.98,0.00,-0.04,-0.61,-0.43,-0.67,-47.00,51.00,36.00,sitting_up
43261,-0.98,0.00,-0.04,-0.79,0.18,-0.18,-47.00,51.00,34.00,sitting_up
43367,-0.98,0.00,-0.04,-0.79,-0.49,-0.67,-48.00,52.00,34.00,sitting_up
43460,-0.98,0.00,-0.04,-0.55,0.24,-0.18,-47.00,51.00,33.00,sitting_up
43566,-0.98,0.00,-0.04,0.31,0.55,0.18,-47.00,50.00,28.00,sitting_up
43659,-0.98,0.00,-0.04,-0.12,-0.31,-0.24,-48.00,51.00,32.00,sitting_up
43765,-0.98,0.00,-0.04,0.79,0.49,0.12,-49.00,51.00,30.00,sitting_up
43858,-0.98,0.00,-0.04,2.08,3.17,-0.67,-47.00,52.00,32.00,sitting_up
43964,-0.98,0.01,-0.03,-0.98,5.37,-0.67,-48.00,51.00,31.00,sitting_up
44057,-0.98,0.01,-0.02,-0.61,1.28,0.12,-47.00,51.00,38.00,sitting_up
44163,-0.98,0.01,-0.02,0.24,1.53,0.18,-48.00,51.00,36.00,sitting_up
44256,-0.98,0.00,-0.02,0.18,1.83,0.06,-48.00,52.00,33.00,sitting_up
44362,-0.98,0.00,-0.02,0.12,1.34,0.12,-47.00,50.00,38.00,sitting_up
44455,-0.98,0.00,-0.02,0.49,0.37,-0.12,-48.00,51.00,40.00,sitting_up
44548,-0.98,0.00,-0.02,0.37,0.18,-0.18,-48.00,50.00,35.00,sitting_up
44654,-0.98,0.00,-0.01,0.00,1.95,-0.55,-48.00,52.00,36.00,sitting_up
44747,-0.98,0.00,-0.01,-1.53,-0.61,-0.31,-48.00,51.00,32.00,sitting_up
44853,-0.98,0.00,-0.01,-1.40,-0.12,-0.55,-48.00,51.00,32.00,sitting_up
44946,-0.98,0.00,-0.00,-0.43,0.24,-0.37,-46.00,53.00,36.00,sitting_up
45052,-0.98,0.00,-0.01,-0.79,0.24,-0.61,-48.00,53.00,36.00,sitting_up
45145,-0.98,0.00,-0.01,3.05,3.30,-0.18,-48.00,52.00,34.00,sitting_up
45251,-0.98,-0.01,0.01,9.46,8.18,3.85,-47.00,50.00,37.00,sitting_up
45344,-0.98,0.00,-0.00,-0.12,0.67,0.06,-47.00,54.00,32.00,sitting_up
45450,-0.98,0.00,0.00,-1.59,-0.49,-0.06,-50.00,52.00,34.00,sitting_up
45543,-0.98,-0.00,0.00,-1.89,-0.31,-0.61,-50.00,52.00,36.00,sitting_up
45637,-0.98,0.00,0.01,-1.59,0.61,-0.18,-48.00,53.00,40.00,sitting_up
45743,-0.98,0.00,-0.00,-1.04,0.00,-0.37,-48.00,53.00,34.00,sitting_up
45836,-0.98,0.00,-0.00,1.46,1.04,-0.37,-47.00,49.00,32.00,sitting_up
45942,-0.98,0.00,0.00,-0.85,0.55,-0.31,-47.00,51.00,40.00,sitting_up
46035,-0.98,-0.00,0.00,0.31,-0.18,-0.55,-50.00,51.00,31.00,sitting_up
46141,-0.98,0.00,0.00,-0.18,0.18,-0.06,-47.00,51.00,32.00,sitting_up
46234,-0.98,0.00,0.00,-0.06,0.12,-0.61,-47.00,51.00,36.00,sitting_up
46340,-0.98,0.00,0.00,1.10,0.06,-0.18,-46.00,51.00,35.00,sitting_up
46433,-0.98,0.00,-0.00,0.31,0.00,-0.61,-45.00,51.00,33.00,sitting_up
46539,-0.98,0.00,-0.00,0.37,-0.37,0.55,-45.00,52.00,32.00,sitting_up
46632,-0.98,0.00,-0.00,-1.46,0.67,-0.37,-46.00,51.00,32.00,sitting_up
46738,-0.98,0.00,0.00,-1.22,0.49,-1.10,-48.00,51.00,33.00,sitting_up
46831,-0.98,0.00,0.00,0.31,0.67,0.18,-48.00,51.00,37.00,sitting_up
46924,-0.98,0.00,-0.00,0.92,-0.12,0.12,-49.00,52.00,38.00,sitting_up
47030,-0.98,0.00,0.00,-0.43,0.43,0.24,-47.00,50.00,35.00,sitting_up
47123,-0.98,0.00,0.00,-1.28,-0.12,-0.31,-46.00,50.00,32.00,sitting_up
47229,-0.98,0.00,-0.00,-0.67,0.00,-0.67,-48.00,50.00,32.00,sitting_up
47322,-0.98,0.01,0.00,-1.22,1.28,-0.55,-48.00,51.00,34.00,sitting_up
47428,-0.98,0.01,0.00,-1.71,-0.85,-0.85,-47.00,51.00,33.00,sitting_up
47521,-0.98,0.01,0.00,-0.49,-0.49,-0.31,-46.00,51.00,32.00,sitting_up
47627,-0.98,0.01,0.00,0.06,1.77,-0.98,-48.00,51.00,40.00,sitting_up
47720,-0.98,0.01,0.01,1.22,1.22,-0.73,-49.00,51.00,33.00,sitting_up
47827,-0.98,0.01,0.01,0.12,1.28,-2.32,-49.00,52.00,33.00,sitting_up
47920,-0.98,0.01,0.01,-0.85,-0.85,-1.10,-46.00,53.00,33.00,sitting_up
48026,-0.98,0.02,0.01,-0.49,0.67,-1.95,-48.00,52.00,33.00,sitting_up
48119,-0.98,0.02,0.01,-2.32,-0.67,-1.46,-50.00,51.00,32.00,sitting_up
48212,-0.98,0.02,0.01,0.00,0.00,-1.40,-45.00,51.00,37.00,sitting_up
48318,-0.98,0.02,0.01,2.99,1.34,-0.06,-45.00,52.00,34.00,sitting_up
48411,-0.98,0.02,0.01,-0.55,0.49,-0.24,-46.00,52.00,34.00,sitting_up
48517,-0.98,0.02,0.01,-0.61,0.00,-0.06,-45.00,52.00,40.00,sitting_up
48610,-0.98,0.02,0.01,1.10,0.49,1.40,-46.00,52.00,33.00,sitting_up
48716,-0.98,0.02,0.01,1.04,-0.67,2.26,-48.00,54.00,35.00,sitting_up
48809,-0.98,0.01,0.00,0.24,-0.43,2.44,-46.00,51.00,39.00,sitting_up
48916,-0.98,0.01,0.00,1.04,-0.24,1.46,-47.00,52.00,38.00,sitting_up
49009,-0.98,0.01,0.01,-1.10,0.37,1.04,-47.00,50.00,32.00,sitting_up
49115,-0.98,0.01,0.01,-1.95,0.06,0.55,-48.00,50.00,36.00,sitting_up
49208,-0.98,0.01,0.00,0.31,-0.18,0.43,-46.00,48.00,35.00,sitting_up
49301,-0.98,0.00,0.00,-0.12,-1.16,0.79,-48.00,52.00,38.00,sitting_up
49407,-0.98,0.00,0.01,0.43,-0.31,-0.06,-47.00,51.00,40.00,sitting_up
49500,-0.98,0.01,0.01,-0.73,0.67,0.06,-48.00,53.00,37.00,sitting_up
49606,-0.98,0.00,0.00,-0.18,0.06,-0.49,-45.00,49.00,35.00,sitting_up
49699,-0.98,0.00,0.01,-0.24,1.40,0.00,-49.00,50.00,41.00,sitting_up
49805,-0.98,0.01,0.01,1.34,1.10,-0.24,-47.00,51.00,36.00,sitting_up
49898,-0.98,0.01,0.00,0.92,0.06,0.00,-46.00,50.00,38.00,sitting_up
50004,-0.98,0.01,0.00,-0.43,0.67,-0.43,-46.00,51.00,35.00,sitting_up
50097,-0.98,0.01,0.01,0.18,1.04,-0.37,-47.00,52.00,38.00,sitting_up
50203,-0.98,0.01,0.01,-1.16,0.92,0.37,-47.00,51.00,35.00,sitting_up
50296,-0.98,0.01,0.01,0.49,0.37,-0.12,-49.00,52.00,37.00,sitting_up
50402,-0.98,0.01,0.01,1.16,0.31,0.06,-48.00,51.00,35.00,sitting_up
50495,-0.98,0.01,0.01,0.61,0.37,0.06,-48.00,50.00,33.00,sitting_up
50588,-0.98,0.01,0.01,0.55,-0.18,-0.06,-48.00,52.00,39.00,sitting_up
50694,-0.98,0.01,0.01,-0.12,0.73,-0.06,-46.00,50.00,37.00,sitting_up
50787,-0.98,0.01,0.01,0.12,-0.55,-0.12,-49.00,52.00,31.00,sitting_up
50893,-0.98,0.01,0.01,0.92,0.31,-0.06,-48.00,53.00,34.00,sitting_up
50986,-0.98,0.01,0.00,-0.24,1.10,0.06,-47.00,50.00,35.00,sitting_up
51092,-0.98,0.01,0.01,-0.37,0.18,-0.06,-50.00,51.00,31.00,sitting_up
51185,-0.98,0.01,0.01,-1.95,-0.43,0.06,-50.00,51.00,37.00,sitting_up
51291,-0.98,0.01,0.00,-4.94,-0.24,-0.55,-47.00,52.00,38.00,sitting_up
51384,-0.98,0.01,0.00,-5.49,0.31,-0.06,-47.00,50.00,38.00,sitting_up
51490,-0.98,0.01,0.00,-5.74,-0.24,0.12,-47.00,51.00,43.00,sitting_up
51583,-0.98,0.01,0.00,-3.36,-0.92,-0.79,-46.00,51.00,41.00,sitting_up
51689,-0.98,0.01,0.00,-1.16,0.24,-0.31,-46.00,52.00,38.00,sitting_up
51782,-0.98,0.01,0.00,-0.73,-0.67,-0.31,-47.00,50.00,36.00,sitting_up
51888,-0.98,0.01,0.00,-1.34,-0.55,-0.12,-47.00,51.00,35.00,sitting_up
51981,-0.98,0.01,-0.00,-2.14,0.49,0.12,-47.00,52.00,29.00,sitting_up
52074,-0.98,0.01,-0.00,-2.08,-0.24,-0.18,-45.00,51.00,39.00,sitting_up
52180,-0.98,0.01,-0.00,-1.83,0.12,0.37,-46.00,51.00,41.00,sitting_up
52273,-0.98,0.01,-0.00,-1.89,-0.24,0.12,-46.00,53.00,32.00,sitting_up
52379,-0.98,0.01,-0.00,-2.14,-0.18,-0.06,-46.00,51.00,34.00,sitting_up
52472,-0.98,0.01,-0.00,-3.11,-0.92,-0.31,-48.00,53.00,35.00,sitting_up
52579,-0.98,0.01,-0.00,-0.18,-0.92,0.00,-47.00,53.00,39.00,sitting_up
52672,-0.98,0.01,-0.00,4.64,1.40,-0.12,-48.00,50.00,39.00,sitting_up
52778,-0.98,0.01,-0.00,3.05,-0.18,-0.37,-50.00,47.00,34.00,sitting_up
52871,-0.98,0.01,-0.00,3.05,0.55,0.00,-45.00,50.00,38.00,sitting_up
52977,-0.98,0.01,-0.00,5.19,1.10,-0.06,-48.00,52.00,41.00,sitting_up
53070,-0.98,0.01,-0.00,4.58,0.24,-0.06,-48.00,51.00,36.00,sitting_up
53163,-0.98,0.01,-0.01,3.97,0.18,0.00,-47.00,51.00,31.00,sitting_up
53269,-0.98,0.01,-0.00,0.73,0.24,0.00,-49.00,52.00,31.00,sitting_up
53362,-0.98,0.01,-0.00,1.10,0.73,0.00,-46.00,52.00,33.00,sitting_up
53468,-0.98,0.01,0.00,0.43,0.49,-0.37,-47.00,51.00,36.00,sitting_up
53561,-0.98,0.01,-0.00,-2.01,0.43,0.00,-49.00,51.00,36.00,sitting_up
53667,-0.98,0.01,-0.00,-2.26,0.31,-0.67,-49.00,51.00,34.00,sitting_up
53760,-0.98,0.01,0.00,0.00,0.00,-0.31,-45.00,53.00,36.00,sitting_up
53866,-0.98,0.01,-0.00,-4.03,0.06,0.18,-47.00,50.00,36.00,sitting_up
53959,-0.98,0.01,-0.00,-0.85,-0.43,-0.12,-49.00,53.00,33.00,sitting_up
54066,-0.98,0.01,0.00,1.16,1.59,0.00,-45.00,51.00,36.00,sitting_up
54158,-0.98,0.01,-0.00,1.95,-0.12,0.31,-48.00,52.00,39.00,sitting_up
54264,-0.98,0.01,0.00,-0.18,0.12,0.06,-48.00,51.00,35.00,sitting_up
54357,-0.98,0.01,0.00,-1.53,0.92,-0.31,-47.00,50.00,37.00,sitting_up
54450,-0.98,0.01,0.00,0.55,0.31,0.00,-46.00,52.00,36.00,sitting_up
54556,-0.98,0.01,0.00,0.85,-0.61,-0.06,-48.00,50.00,33.00,sitting_up
54649,-0.98,0.01,-0.00,0.24,-0.73,-0.12,-46.00,51.00,31.00,sitting_up
54755,-0.98,0.01,-0.00,-0.18,1.46,-0.06,-48.00,51.00,39.00,sitting_up
54848,-0.98,0.01,-0.00,0.18,0.06,0.37,-47.00,51.00,36.00,sitting_up
54954,-0.98,0.01,0.00,0.37,0.37,-0.18,-49.00,51.00,37.00,sitting_up
55047,-0.98,0.01,-0.00,0.06,1.22,0.06,-46.00,50.00,40.00,sitting_up
55153,-0.98,0.01,-0.00,1.22,1.16,0.31,-45.00,52.00,35.00,sitting_up
55246,-0.98,0.01,-0.00,0.85,0.79,0.12,-46.00,51.00,34.00,sitting_up
55352,-0.98,0.01,0.00,0.92,0.12,0.31,-48.00,53.00,34.00,sitting_up
55444,-0.98,0.01,0.00,-0.06,0.55,-0.12,-47.00,50.00,32.00,sitting_up
55550,-0.98,0.01,0.00,0.55,0.67,0.18,-49.00,52.00,30.00,sitting_up
55643,-0.98,0.01,0.00,-0.12,0.24,-0.31,-46.00,50.00,32.00,sitting_up
55749,-0.98,0.01,0.00,-0.85,0.49,-0.24,-46.00,53.00,29.00,sitting_up
55842,-0.98,0.01,0.00,0.12,0.43,-0.24,-48.00,53.00,36.00,sitting_up
55935,-0.98,0.01,0.00,1.10,0.00,0.00,-46.00,52.00,39.00,sitting_up
56041,-0.98,0.01,-0.00,-0.85,0.37,0.12,-48.00,50.00,31.00,sitting_up
56134,-0.98,0.01,0.00,1.16,0.49,-0.31,-46.00,53.00,36.00,sitting_up
56240,-0.98,0.01,0.00,-0.67,-0.06,0.24,-49.00,50.00,36.00,sitting_up
56333,-0.98,0.01,0.00,2.38,0.18,-0.55,-48.00,50.00,42.00,sitting_up
56439,-0.98,0.01,0.00,0.31,0.55,0.00,-47.00,51.00,35.00,sitting_up
56532,-0.98,0.01,0.00,-0.49,0.73,0.12,-46.00,52.00,30.00,sitting_up
56638,-0.98,0.01,0.00,1.28,0.18,-0.31,-47.00,52.00,32.00,sitting_up
56731,-0.98,0.01,0.00,0.18,1.34,-0.18,-47.00,51.00,33.00,sitting_up
56836,-0.98,0.01,0.00,1.46,0.73,0.12,-47.00,53.00,37.00,sitting_up
56929,-0.98,0.01,0.00,0.31,0.06,0.31,-46.00,53.00,35.00,sitting_up
57034,-0.98,0.01,0.00,-1.40,1.04,-0.18,-48.00,52.00,30.00,sitting_up
57127,-0.98,0.01,0.00,-1.40,-0.55,-0.73,-47.00,52.00,35.00,sitting_up
57233,-0.98,0.01,0.00,-1.10,-1.71,0.12,-48.00,52.00,37.00,sitting_up
57326,-0.98,0.01,-0.00,-1.83,-0.55,0.00,-47.00,52.00,35.00,sitting_up
57432,-0.98,0.01,-0.00,0.61,-2.50,0.12,-47.00,51.00,31.00,sitting_up
57525,-0.98,0.01,-0.00,-1.53,-1.16,0.43,-49.00,50.00,31.00,sitting_up
57618,-0.98,0.01,-0.01,0.43,-0.24,-0.37,-47.00,53.00,35.00,sitting_up
57724,-0.98,0.01,-0.01,0.12,-0.18,0.18,-49.00,51.00,33.00,sitting_up
57818,-0.98,0.01,-0.01,-0.55,0.00,-0.18,-47.00,52.00,31.00,sitting_up
57924,-0.98,0.01,-0.01,0.18,0.12,-0.24,-48.00,53.00,36.00,sitting_up
58017,-0.98,0.01,-0.01,0.00,0.37,-0.37,-46.00,53.00,33.00,sitting_up
58123,-0.98,0.01,-0.01,0.24,0.12,0.24,-48.00,51.00,34.00,sitting_up
58216,-0.98,0.01,-0.01,0.37,-0.31,0.18,-47.00,50.00,36.00,sitting_up
58322,-0.98,0.01,-0.01,0.43,-0.12,0.06,-46.00,50.00,36.00,sitting_up
58415,-0.98,0.01,-0.01,1.28,-0.98,0.55,-47.00,51.00,40.00,sitting_up
58521,-0.98,0.01,-0.01,1.16,-1.16,0.31,-47.00,50.00,33.00,sitting_up
58614,-0.98,0.01,-0.01,-1.34,0.37,-0.18,-47.00,51.00,35.00,sitting_up
58707,-0.98,0.01,-0.01,-1.04,-0.31,-0.37,-48.00,52.00,33.00,sitting_up
58813,-0.98,0.01,-0.01,-0.43,0.12,0.06,-47.00,52.00,26.00,sitting_up
58906,-0.98,0.01,-0.01,-0.43,0.61,-0.31,-48.00,54.00,31.00,sitting_up
59012,-0.98,0.01,-0.01,-0.49,0.43,0.12,-47.00,52.00,31.00,sitting_up
59105,-0.98,0.01,-0.01,0.61,0.85,-0.18,-46.00,51.00,34.00,sitting_up
59211,-0.98,0.01,-0.01,0.98,0.24,0.00,-47.00,50.00,33.00,sitting_up
59304,-0.98,0.01,-0.01,0.24,3.42,-0.06,-48.00,51.00,38.00,sitting_up
59410,-0.98,0.01,-0.01,0.67,1.77,-0.12,-51.00,51.00,32.00,sitting_up
59503,-0.98,0.00,-0.01,0.61,1.71,0.31,-47.00,52.00,43.00,sitting_up
59609,-0.98,0.01,0.00,0.85,2.44,0.18,-47.00,53.00,37.00,sitting_up
59702,-0.98,0.01,-0.00,1.65,1.83,0.31,-48.00,49.00,35.00,sitting_up
59808,-0.98,0.01,-0.00,1.04,1.10,0.06,-48.00,53.00,33.00,sitting_up
59901,-0.98,0.01,-0.00,0.12,0.55,-0.31,-48.00,51.00,38.00,sitting_up
60007,-0.98,0.01,0.00,0.06,0.73,-0.18,-46.00,52.00,39.00,sitting_up
60100,-0.98,0.01,-0.00,-0.18,-0.37,0.12,-45.00,51.00,36.00,sitting_up
60193,-0.98,0.01,-0.00,0.12,-0.06,-0.18,-44.00,48.00,38.00,sitting_up
60299,-0.98,0.01,0.00,-1.04,0.67,0.12,-48.00,52.00,37.00,sitting_up
60392,-0.98,0.01,-0.00,-1.10,-0.37,-0.06,-47.00,51.00,40.00,sitting_up
60498,-0.98,0.01,-0.00,-1.53,-0.06,-0.24,-46.00,52.00,33.00,sitting_up
60591,-0.98,0.01,0.00,-3.91,0.61,-0.12,-48.00,53.00,37.00,sitting_up
60697,-0.98,0.01,0.00,0.12,-0.31,0.18,-45.00,50.00,33.00,sitting_up
60790,-0.98,0.01,0.00,0.85,0.73,0.12,-45.00,50.00,32.00,sitting_up
60895,-0.98,0.01,0.00,-1.04,1.04,-0.24,-47.00,52.00,27.00,sitting_up
60988,-0.98,0.01,0.00,0.43,-0.43,0.00,-46.00,52.00,39.00,sitting_up
61094,-0.98,0.01,0.00,1.83,-0.43,0.18,-46.00,51.00,35.00,sitting_up
61187,-0.98,0.01,-0.00,0.37,0.24,0.06,-47.00,53.00,36.00,sitting_up
61293,-0.98,0.01,0.00,-0.06,-0.18,-0.24,-50.00,51.00,38.00,sitting_up
61386,-0.98,0.01,0.00,-1.16,0.12,0.24,-47.00,53.00,33.00,sitting_up
61492,-0.98,0.01,-0.00,0.24,-0.06,-0.18,-45.00,53.00,35.00,sitting_up
61585,-0.98,0.01,0.00,-0.31,-0.24,-0.06,-50.00,50.00,35.00,sitting_up
61678,-0.98,0.01,0.00,0.06,-0.06,0.18,-48.00,54.00,38.00,sitting_up
61784,-0.98,0.00,0.00,2.75,0.18,1.53,-48.00,51.00,31.00,sitting_up
61878,-0.98,0.00,-0.00,2.75,0.85,1.83,-46.00,52.00,38.00,sitting_up
61984,-0.98,0.00,-0.00,0.12,-0.98,0.67,-48.00,52.00,34.00,sitting_up
62077,-0.98,-0.00,-0.00,-0.37,-0.73,0.49,-47.00,52.00,35.00,sitting_up
62183,-0.98,-0.00,-0.00,-1.89,0.12,-0.37,-46.00,51.00,33.00,sitting_up
62276,-0.98,-0.00,-0.00,-0.85,0.31,-0.12,-48.00,50.00,34.00,sitting_up
62382,-0.98,-0.00,-0.00,1.65,0.43,0.31,-47.00,52.00,37.00,sitting_up
62475,-0.98,-0.00,-0.00,1.22,0.06,-0.18,-49.00,53.00,31.00,sitting_up
62569,-0.98,0.00,-0.00,-0.61,0.61,-0.31,-48.00,53.00,34.00,sitting_up
62675,-0.98,0.00,-0.00,-0.18,-0.79,-0.18,-48.00,51.00,33.00,sitting_up
62768,-0.98,0.00,-0.00,-0.61,-0.79,-0.31,-47.00,49.00,31.00,sitting_up
62874,-0.98,0.00,-0.01,-1.59,0.12,-0.37,-48.00,50.00,35.00,sitting_up
62967,-0.98,0.00,-0.00,0.06,-0.37,0.18,-49.00,53.00,35.00,sitting_up
63073,-0.98,0.00,-0.00,0.43,0.00,-0.24,-47.00,50.00,37.00,sitting_up
63166,-0.98,0.00,-0.00,0.79,0.98,-0.49,-49.00,52.00,37.00,sitting_up
63272,-0.98,0.00,-0.00,0.24,1.22,-0.37,-49.00,53.00,34.00,sitting_up
63365,-0.98,0.00,-0.01,-0.24,0.61,0.24,-47.00,53.00,31.00,sitting_up
63471,-0.98,0.00,-0.00,-0.31,-0.61,-0.31,-49.00,50.00,35.00,sitting_up
63564,-0.98,0.00,-0.00,-0.92,0.24,-0.12,-47.00,52.00,38.00,sitting_up
63670,-0.98,0.00,-0.00,1.83,-0.06,-0.12,-48.00,51.00,36.00,sitting_up
63763,-0.98,0.00,-0.00,-0.31,-1.53,0.12,-47.00,51.00,33.00,sitting_up
63856,-0.98,0.00,-0.01,-2.44,-0.24,-0.43,-46.00,51.00,39.00,sitting_up
63962,-0.98,0.00,-0.00,-1.28,-0.67,-0.79,-46.00,53.00,36.00,sitting_up
64055,-0.98,0.00,-0.00,-1.16,0.12,0.00,-45.00,50.00,35.00,sitting_up
64161,-0.98,0.00,-0.00,-0.43,0.06,-0.37,-49.00,50.00,31.00,sitting_up
64254,-0.98,0.00,-0.00,-0.55,0.18,-0.31,-45.00,49.00,35.00,sitting_up
64360,-0.98,0.00,-0.00,-1.16,-0.43,-0.61,-48.00,50.00,37.00,sitting_up
64453,-0.98,0.00,-0.01,-1.71,-1.22,-0.43,-46.00,51.00,33.00,sitting_up
64559,-0.98,0.00,-0.00,-0.79,0.24,-0.37,-48.00,52.00,34.00,sitting_up
64652,-0.98,0.00,-0.00,0.00,-0.43,-0.06,-50.00,52.00,37.00,sitting_up
64758,-0.98,0.00,-0.00,0.98,0.43,0.06,-47.00,52.00,30.00,sitting_up
64851,-0.98,0.00,-0.00,1.28,1.34,0.37,-46.00,51.00,36.00,sitting_up
64957,-0.98,0.00,-0.00,-0.55,0.67,0.00,-47.00,51.00,33.00,sitting_up
65050,-0.98,0.00,-0.00,-0.24,0.43,0.00,-50.00,49.00,31.00,sitting_up
65143,-0.98,0.00,-0.00,0.00,0.85,0.06,-47.00,50.00,33.00,sitting_up
65249,-0.98,-0.00,-0.00,-1.22,-0.37,-0.37,-49.00,51.00,33.00,sitting_up
65342,-0.98,0.00,-0.00,-1.22,-0.49,-0.06,-48.00,51.00,35.00,sitting_up
65448,-0.98,0.00,-0.00,-0.85,-0.61,-0.85,-48.00,51.00,35.00,sitting_up
65542,-0.98,0.00,-0.00,-0.73,0.43,-0.12,-48.00,52.00,35.00,sitting_up
65648,-0.98,0.00,-0.01,0.79,-0.43,0.12,-47.00,52.00,38.00,sitting_up
65741,-0.98,0.00,-0.01,-1.04,-1.16,-0.24,-49.00,53.00,28.00,sitting_up
65847,-0.98,0.00,-0.01,-0.43,0.73,-0.18,-48.00,52.00,31.00,sitting_up
65940,-0.98,0.00,-0.00,0.12,0.18,-0.12,-47.00,50.00,42.00,sitting_up
66046,-0.98,0.00,-0.00,0.18,0.31,-0.12,-46.00,48.00,35.00,sitting_up
66139,-0.98,0.00,-0.00,-0.18,1.16,0.06,-48.00,51.00,34.00,sitting_up
66245,-0.98,0.00,-0.00,0.24,0.37,-0.31,-48.00,50.00,36.00,sitting_up
66338,-0.98,0.00,-0.00,-0.49,-0.43,0.00,-48.00,52.00,32.00,sitting_up
66431,-0.98,0.00,-0.01,-1.28,0.06,-0.37,-48.00,53.00,29.00,sitting_up
66537,-0.98,0.00,-0.00,0.00,-0.85,-0.61,-48.00,52.00,33.00,sitting_up
66630,-0.98,-0.00,-0.00,-1.16,0.06,-0.31,-48.00,51.00,35.00,sitting_up
66736,-0.98,0.00,-0.00,-1.34,-0.18,-0.24,-46.00,51.00,36.00,sitting_up
66830,-0.98,-0.00,-0.00,-0.12,0.37,-0.12,-49.00,52.00,37.00,sitting_up
66936,-0.98,0.00,-0.00,0.24,0.00,0.24,-47.00,54.00,35.00,sitting_up
67029,-0.98,-0.00,-0.00,-1.46,0.12,-0.37,-48.00,51.00,30.00,sitting_up
67135,-0.98,0.00,-0.00,0.00,-0.12,-0.06,-48.00,51.00,33.00,sitting_up
67228,-0.98,-0.00,-0.00,-0.61,0.73,0.31,-47.00,50.00,32.00,sitting_up
67334,-0.98,0.00,-0.00,0.61,0.55,-0.06,-47.00,50.00,34.00,sitting_up
67427,-0.98,0.00,-0.00,-0.18,0.92,0.06,-48.00,52.00,34.00,sitting_up
67520,-0.98,0.00,-0.00,-0.24,-0.18,-0.24,-48.00,51.00,37.00,sitting_up
67627,-0.98,-0.00,-0.00,0.43,-0.31,0.37,-50.00,51.00,35.00,sitting_up
67720,-0.98,-0.00,0.00,0.85,0.85,-0.06,-48.00,51.00,35.00,sitting_up
67826,-0.98,-0.00,-0.00,0.00,0.43,0.00,-48.00,53.00,34.00,sitting_up
67919,-0.98,0.00,-0.00,0.67,0.18,0.06,-48.00,50.00,41.00,sitting_up
68025,-0.98,0.00,-0.00,-1.46,0.92,0.06,-49.00,53.00,33.00,sitting_up
68118,-0.98,0.00,-0.00,-1.16,-0.06,0.06,-48.00,51.00,37.00,sitting_up
68224,-0.98,-0.00,-0.01,-1.46,-0.92,0.49,-46.00,50.00,32.00,sitting_up
68317,-0.98,-0.00,-0.01,-4.39,-0.43,0.00,-48.00,52.00,30.00,sitting_up
68410,-0.98,0.00,-0.01,-3.85,-0.49,-0.18,-45.00,50.00,34.00,sitting_up
68516,-0.98,0.00,-0.01,-2.62,-0.43,-0.18,-47.00,53.00,35.00,sitting_up
68609,-0.98,-0.00,-0.01,-1.46,0.55,-0.06,-49.00,52.00,38.00,sitting_up
68715,-0.98,-0.00,-0.01,-0.67,0.31,0.31,-47.00,53.00,36.00,sitting_up
68808,-0.98,-0.00,-0.01,-0.31,-0.06,-0.37,-47.00,52.00,33.00,sitting_up
68914,-0.98,-0.00,-0.01,-1.59,-0.31,-0.24,-49.00,53.00,37.00,sitting_up
69007,-0.98,-0.00,-0.01,0.67,-0.24,-0.92,-45.00,51.00,43.00,sitting_up
69113,-0.98,0.00,-0.01,-0.92,-0.24,0.06,-47.00,52.00,38.00,sitting_up
69206,-0.98,0.00,-0.01,-2.62,-0.37,-0.73,-47.00,50.00,37.00,sitting_up
69313,-0.98,-0.00,-0.01,-0.49,0.06,-0.18,-48.00,50.00,31.00,sitting_up
69406,-0.98,-0.00,-0.01,0.49,-0.18,-0.12,-48.00,51.00,35.00,sitting_up
69499,-0.98,-0.00,-0.01,0.43,-0.55,-0.06,-46.00,51.00,33.00,sitting_up
69605,-0.98,-0.00,-0.01,0.67,0.61,-0.49,-47.00,51.00,34.00,sitting_up
69698,-0.98,0.00,-0.00,2.81,0.06,-0.61,-50.00,52.00,35.00,sitting_up
69804,-0.98,-0.00,-0.00,3.23,-0.12,-0.31,-47.00,50.00,32.00,sitting_up
69897,-0.98,0.00,-0.01,7.02,-0.06,-0.31,-48.00,53.00,35.00,sitting_up
70003,-0.98,-0.00,-0.00,4.64,0.79,-0.37,-48.00,52.00,33.00,sitting_up
70096,-0.98,0.00,-0.00,6.41,-0.31,-0.18,-47.00,53.00,37.00,sitting_up
70202,-0.98,-0.00,-0.00,5.74,-0.18,0.43,-48.00,53.00,36.00,sitting_up
70295,-0.98,-0.00,-0.01,4.82,0.18,-0.12,-48.00,50.00,34.00,sitting_up
70401,-0.98,0.00,-0.00,5.74,-0.55,-0.55,-47.00,51.00,31.00,sitting_up
70494,-0.98,0.00,-0.01,4.82,-1.28,0.18,-48.00,51.00,37.00,sitting_up
70600,-0.98,0.00,-0.01,5.92,-0.73,0.00,-48.00,50.00,30.00,sitting_up
70693,-0.98,0.00,-0.01,9.58,-0.24,0.24,-47.00,52.00,38.00,sitting_up
70786,-0.98,-0.00,-0.01,9.28,-2.01,0.06,-47.00,48.00,37.00,sitting_up
70892,-0.98,-0.00,-0.02,4.76,-0.06,-0.24,-48.00,49.00,29.00,sitting_up
70986,-0.98,0.00,-0.01,9.52,-1.22,-0.24,-47.00,50.00,36.00,sitting_up
71092,-0.98,-0.00,-0.02,6.77,-2.01,-0.43,-48.00,51.00,31.00,sitting_up
71185,-0.98,0.00,-0.02,3.17,-1.40,-0.92,-50.00,52.00,24.00,sitting_up
71291,-0.98,0.00,-0.02,3.60,-0.98,-0.67,-51.00,51.00,29.00,sitting_up
71384,-0.98,0.00,-0.02,5.13,-0.31,-0.37,-49.00,50.00,32.00,sitting_up
71490,-0.98,0.00,-0.03,8.79,0.24,0.73,-47.00,53.00,33.00,sitting_up
71583,-0.98,0.00,-0.03,4.76,0.31,0.00,-48.00,51.00,29.00,sitting_up
71689,-0.98,0.00,-0.03,-3.30,0.92,-0.79,-49.00,52.00,28.00,sitting_up
71782,-0.98,-0.00,-0.02,-1.34,12.70,-1.89,-47.00,52.00,28.00,sitting_up
71875,-0.98,0.01,0.01,4.27,12.21,-1.89,-47.00,52.00,32.00,sitting_up
71981,-0.98,0.01,0.02,-2.81,2.62,1.04,-47.00,50.00,33.00,sitting_up
72074,-0.98,0.01,0.02,-3.78,0.06,0.18,-46.00,51.00,31.00,sitting_up
72181,-0.98,0.01,0.02,-2.38,-0.79,-1.04,-50.00,51.00,33.00,sitting_up
72275,-0.98,0.00,0.02,-0.98,-0.24,-0.43,-50.00,52.00,27.00,sitting_up
72381,-0.98,0.00,0.02,-2.62,0.61,0.43,-49.00,52.00,31.00,sitting_up
72475,-0.98,0.00,0.03,-1.53,0.18,1.10,-50.00,51.00,33.00,sitting_up
72568,-0.98,0.00,0.02,-0.55,-4.76,0.06,-48.00,50.00,32.00,sitting_up
72674,-0.98,0.00,0.01,-1.46,-8.18,0.12,-47.00,52.00,32.00,sitting_up
72767,-0.98,0.00,-0.01,-3.97,-7.93,-0.73,-48.00,52.00,32.00,sitting_up
72873,-0.98,0.01,-0.02,-6.90,-1.65,-0.49,-47.00,51.00,33.00,sitting_up
72967,-0.98,0.00,-0.02,-3.54,-2.01,0.85,-48.00,52.00,32.00,sitting_up
73073,-0.98,0.00,-0.03,0.43,-0.73,0.98,-48.00,51.00,29.00,sitting_up
73166,-1.03,0.00,-0.05,-7.02,-23.44,-5.55,-47.00,50.00,32.00,sitting_up
73272,-0.95,-0.00,-0.06,-1.22,-1.10,-3.11,-48.00,53.00,28.00,sitting_up
73365,-0.96,-0.00,-0.05,0.31,-0.92,-2.81,-51.00,53.00,30.00,sitting_up
73471,-0.97,0.01,-0.05,0.06,0.18,-0.12,-50.00,53.00,29.00,sitting_up
73564,-0.96,0.00,-0.05,-0.24,0.92,0.31,-47.00,51.00,28.00,sitting_up
73657,-0.97,0.01,-0.05,-0.06,0.61,0.43,-48.00,53.00,25.00,sitting_up
73763,-0.97,0.01,-0.05,0.06,3.23,0.79,-50.00,51.00,30.00,sitting_up
73856,-0.98,0.01,-0.05,-2.01,1.10,-0.43,-46.00,51.00,29.00,sitting_up
73962,-0.98,0.01,-0.04,-1.77,4.58,-0.12,-49.00,49.00,33.00,sitting_up
74055,-0.98,0.01,-0.04,2.44,5.74,-0.37,-47.00,51.00,34.00,sitting_up
74161,-0.98,0.00,-0.03,-3.42,0.73,-1.16,-48.00,50.00,33.00,sitting_up
74254,-0.98,0.00,-0.01,-1.59,3.60,0.61,-50.00,51.00,35.00,sitting_up
74361,-0.98,0.00,-0.02,-3.60,2.93,0.06,-48.00,53.00,28.00,sitting_up
74454,-0.98,0.01,-0.01,-2.75,1.83,-0.49,-48.00,51.00,31.00,sitting_up
74560,-0.98,0.00,-0.01,-7.81,4.21,-0.37,-47.00,49.00,31.00,sitting_up
74653,-0.98,0.00,0.01,0.06,5.55,-0.12,-49.00,51.00,37.00,sitting_up
74746,-0.98,0.00,0.02,0.79,7.26,0.92,-49.00,50.00,40.00,sitting_up
74851,-0.98,0.01,0.03,-6.23,1.28,-0.49,-48.00,54.00,31.00,sitting_up
74944,-0.98,0.01,0.03,-1.77,0.43,-0.73,-48.00,51.00,35.00,sitting_up
75050,-0.97,0.00,0.03,-1.22,0.12,-0.24,-47.00,51.00,32.00,sitting_up
75143,-0.98,0.00,0.03,-2.20,0.49,-0.79,-48.00,51.00,37.00,sitting_up
75249,-0.98,0.01,0.03,0.43,-0.79,-0.61,-48.00,53.00,37.00,sitting_up
75342,-0.98,0.01,0.03,-0.61,0.18,-0.18,-49.00,54.00,35.00,sitting_up
75448,-0.98,0.01,0.02,-4.58,-9.58,0.37,-47.00,51.00,30.00,sitting_up
75541,-0.98,0.00,0.01,0.24,-8.48,0.31,-48.00,51.00,30.00,sitting_up
75647,-0.98,0.01,-0.00,0.92,-1.77,0.61,-46.00,50.00,31.00,sitting_up
75740,-0.98,0.01,-0.01,-2.01,-3.54,-0.49,-47.00,52.00,32.00,sitting_up
75846,-0.98,0.01,-0.02,-2.69,-8.67,-0.49,-50.00,53.00,29.00,sitting_up
75939,-0.98,0.01,-0.03,6.77,-5.92,-0.73,-48.00,51.00,29.00,sitting_up
76032,-0.98,0.01,-0.05,2.38,-9.34,-0.85,-48.00,51.00,33.00,sitting_up
76138,-0.98,0.01,-0.05,-5.49,-4.88,0.06,-49.00,52.00,29.00,sitting_up
76231,-0.98,0.01,-0.07,-7.51,-3.97,-1.34,-47.00,49.00,29.00,sitting_up
76337,-0.98,0.01,-0.07,-4.88,-3.54,0.00,-47.00,50.00,37.00,sitting_up
76430,-0.98,0.01,-0.07,-0.55,-2.26,0.06,-46.00,53.00,36.00,sitting_up
76536,-0.97,0.01,-0.08,-0.24,0.67,-0.06,-48.00,51.00,29.00,sitting_up
76629,-0.97,0.01,-0.07,-1.83,0.61,-0.43,-47.00,52.00,32.00,sitting_up
76735,-0.98,0.01,-0.07,-4.64,4.03,-0.61,-47.00,51.00,33.00,sitting_up
76828,-0.98,0.01,-0.05,3.11,9.40,1.22,-48.00,52.00,27.00,sitting_up
76934,-0.98,0.01,-0.04,2.08,6.41,-0.06,-49.00,52.00,31.00,sitting_up
77027,-0.98,0.01,-0.03,-1.40,5.37,0.31,-48.00,52.00,34.00,sitting_up
77133,-0.98,0.01,-0.02,0.31,9.46,0.79,-47.00,53.00,29.00,sitting_up
77226,-0.98,0.00,0.00,1.04,7.26,-0.12,-46.00,52.00,33.00,sitting_up
77319,-0.98,0.01,0.01,0.79,5.86,0.98,-46.00,50.00,31.00,sitting_up
77425,-0.98,0.00,0.02,2.99,4.82,0.31,-49.00,52.00,36.00,sitting_up
77517,-0.98,0.01,0.02,1.53,6.41,0.79,-46.00,51.00,32.00,sitting_up
77623,-0.98,0.01,0.03,-0.18,2.87,-0.06,-47.00,49.00,37.00,sitting_up
77716,-0.98,0.01,0.03,-0.31,0.85,-0.31,-46.00,50.00,34.00,sitting_up
77822,-0.97,0.01,0.03,-2.44,-0.24,-0.85,-47.00,51.00,26.00,sitting_up
77915,-0.98,0.00,0.03,0.92,2.20,-0.12,-47.00,52.00,31.00,sitting_up
78021,-0.98,0.01,0.04,3.36,7.08,-1.34,-50.00,52.00,40.00,sitting_up
78114,-0.97,0.01,0.05,-3.85,1.89,0.49,-47.00,50.00,34.00,sitting_up
78220,-0.97,0.01,0.06,3.66,1.28,0.43,-45.00,51.00,39.00,sitting_up
78313,-0.97,0.01,0.05,2.99,0.24,0.31,-45.00,53.00,35.00,sitting_up
78419,-0.97,0.01,0.06,2.99,2.99,-0.24,-46.00,50.00,36.00,sitting_up
78512,-0.97,0.01,0.06,1.46,3.78,1.34,-46.00,51.00,33.00,sitting_up
78618,-0.97,0.01,0.06,-1.65,3.36,0.43,-49.00,48.00,33.00,sitting_up
78711,-0.97,0.00,0.07,-2.93,6.53,0.61,-47.00,50.00,40.00,sitting_up
78804,-0.97,0.00,0.09,-1.65,3.91,-0.24,-49.00,49.00,41.00,sitting_up
78910,-0.97,0.00,0.09,1.28,-0.43,-0.18,-47.00,52.00,33.00,sitting_up
79003,-0.97,0.00,0.09,0.49,-2.01,0.06,-48.00,51.00,32.00,sitting_up
79109,-0.97,0.00,0.08,-0.37,-5.13,0.85,-49.00,51.00,41.00,sitting_up
79202,-0.97,0.00,0.07,-2.50,-3.11,0.12,-47.00,50.00,38.00,sitting_up
79308,-0.97,0.00,0.07,-5.68,-0.49,0.67,-47.00,53.00,37.00,sitting_up
79401,-0.97,0.00,0.06,-13.43,-3.30,-0.24,-48.00,51.00,39.00,sitting_up
79507,-0.97,0.01,0.06,-19.96,-1.83,0.31,-46.00,50.00,35.00,sitting_up
79600,-0.97,0.01,0.06,-30.27,0.49,0.12,-47.00,52.00,34.00,sitting_up
79706,-0.97,0.01,0.06,-13.61,-0.43,0.18,-46.00,51.00,38.00,sitting_up
79799,-0.97,0.01,0.05,-22.89,-0.37,0.61,-47.00,51.00,36.00,sitting_up
79905,-0.97,0.01,0.06,-16.11,0.92,0.98,-47.00,50.00,42.00,sitting_up
79998,-0.97,0.01,0.05,-4.64,-0.55,1.10,-44.00,51.00,41.00,sitting_up
80091,-0.97,0.01,0.06,0.12,-1.59,0.37,-48.00,51.00,41.00,sitting_up
80197,-0.97,0.01,0.06,29.48,2.87,-0.49,-46.00,51.00,43.00,sitting_up
80290,-0.97,0.00,0.06,47.18,-0.61,1.46,-46.00,52.00,44.00,sitting_up
80396,-0.97,-0.01,0.07,28.38,-1.04,0.85,-47.00,51.00,37.00,sitting_up
80489,-0.97,-0.01,0.06,29.48,-0.98,0.85,-48.00,50.00,35.00,sitting_up
80595,-0.97,-0.01,0.06,14.95,0.00,0.12,-47.00,50.00,37.00,sitting_up
80688,-0.97,-0.01,0.06,4.64,0.49,0.31,-51.00,49.00,37.00,sitting_up
80794,-0.97,-0.02,0.06,-3.11,0.37,-0.49,-49.00,48.00,32.00,sitting_up
80887,-0.97,-0.02,0.06,-4.94,-0.67,-1.46,-47.00,51.00,37.00,sitting_up
80981,-0.97,-0.01,0.06,-0.06,-0.61,-0.18,-47.00,53.00,36.00,sitting_up
81087,-0.97,-0.01,0.05,2.50,0.06,0.18,-50.00,50.00,38.00,sitting_up
81180,-0.97,-0.01,0.05,-1.59,0.49,0.00,-48.00,50.00,32.00,sitting_up
81286,-0.98,-0.01,0.05,-1.22,-0.79,0.31,-48.00,51.00,37.00,sitting_up
81379,-0.98,-0.01,0.05,-0.49,-3.60,0.43,-50.00,50.00,38.00,sitting_up
81485,-0.97,-0.02,0.04,25.33,-30.82,-5.07,-51.00,51.00,33.00,sitting_up
81578,-0.98,0.00,-0.05,-11.05,-25.21,-6.41,-50.00,51.00,32.00,sitting_up
81684,-0.98,-0.00,-0.06,0.92,0.00,2.08,-48.00,52.00,31.00,sitting_up
81777,-0.98,0.00,-0.06,-2.44,10.19,1.34,-49.00,48.00,32.00,sitting_up
81883,-0.98,-0.00,-0.01,-1.59,23.80,1.65,-49.00,51.00,37.00,sitting_up
81976,-0.98,-0.00,0.02,-5.07,9.58,-1.77,-47.00,50.00,34.00,sitting_up
82082,-0.98,-0.00,0.02,-2.38,1.28,-1.46,-47.00,51.00,34.00,sitting_up
82175,-0.98,-0.00,0.03,0.12,-1.10,-0.79,-49.00,50.00,35.00,sitting_up
82268,-0.98,0.00,0.02,3.85,-16.78,-0.43,-47.00,51.00,36.00,sitting_up
82374,-0.98,-0.01,-0.06,-7.57,-15.50,1.77,-48.00,51.00,28.00,sitting_up
82467,-0.98,-0.01,-0.03,-3.91,16.97,-0.37,-50.00,52.00,29.00,sitting_up
82573,-0.98,-0.01,0.03,-8.73,15.69,0.55,-48.00,50.00,37.00,sitting_up
82666,-0.98,-0.01,0.03,-3.17,3.72,-0.67,-50.00,54.00,32.00,sitting_up
82772,-0.98,-0.01,0.02,8.24,-7.26,-1.40,-48.00,52.00,34.00,sitting_up
82865,-0.98,-0.01,0.02,2.08,0.79,0.06,-46.00,52.00,36.00,sitting_up
82971,-0.98,-0.00,0.02,-3.91,2.50,-0.55,-50.00,53.00,35.00,sitting_up
83064,-0.98,-0.00,0.03,-18.49,2.87,-1.83,-47.00,52.00,35.00,sitting_up
83170,-0.98,0.01,0.03,-10.31,0.49,-4.15,-48.00,52.00,36.00,sitting_up
83263,-0.98,0.01,0.02,-1.95,-0.37,-2.44,-45.00,53.00,34.00,sitting_up
83369,-0.98,0.01,0.03,1.65,0.37,-0.73,-44.00,50.00,32.00,sitting_up
83462,-0.98,0.01,0.03,2.44,1.16,1.59,-46.00,52.00,34.00,sitting_up
83555,-0.98,0.00,0.04,9.83,-0.31,5.00,-45.00,50.00,33.00,sitting_up
83661,-0.98,-0.00,0.03,6.41,-2.01,4.46,-47.00,48.00,31.00,sitting_up
83754,-0.98,-0.01,0.02,4.76,-1.16,1.65,-48.00,50.00,39.00,sitting_up
83860,-0.98,-0.01,0.02,-1.16,-0.79,2.08,-47.00,51.00,30.00,sitting_up
83953,-0.98,-0.01,0.03,-0.12,0.06,1.16,-49.00,52.00,34.00,sitting_up
84059,-0.98,-0.02,0.02,-0.37,1.28,-0.18,-48.00,50.00,36.00,sitting_up
84153,-0.98,-0.02,0.02,-9.28,1.89,-7.57,-49.00,50.00,39.00,sitting_up
84260,-0.98,-0.00,0.03,-2.26,-1.16,-5.00,-47.00,51.00,30.00,sitting_up
84354,-0.98,0.00,0.03,-0.92,0.24,-3.05,-47.00,54.00,40.00,sitting_up
84447,-0.98,0.01,0.03,4.33,0.98,0.79,-48.00,51.00,36.00,sitting_up
84552,-0.98,-0.00,0.04,7.51,0.43,6.16,-48.00,50.00,33.00,sitting_up
84645,-0.97,-0.02,0.03,5.13,-6.16,4.76,-48.00,50.00,36.00,sitting_up
84751,-0.98,-0.03,0.02,5.07,-1.10,3.36,-48.00,51.00,37.00,sitting_up
84844,-0.98,-0.02,0.02,-1.04,1.71,-0.67,-48.00,51.00,37.00,sitting_up
84950,-0.98,-0.02,0.02,-1.34,0.31,-1.71,-49.00,51.00,35.00,sitting_up
85043,-0.98,-0.01,0.03,-9.09,0.31,-4.15,-49.00,52.00,38.00,sitting_up
85149,-0.98,-0.01,0.03,1.65,1.40,-0.24,-48.00,50.00,35.00,sitting_up
85242,-0.98,-0.01,0.03,-1.04,0.24,-0.18,-48.00,49.00,37.00,sitting_up
85348,-0.98,-0.01,0.03,-3.23,-0.67,-0.24,-48.00,49.00,37.00,sitting_up
85441,-0.98,-0.01,0.03,-4.52,0.92,0.49,-47.00,51.00,39.00,sitting_up
85547,-0.98,-0.01,0.03,-6.35,-0.24,0.31,-45.00,50.00,28.00,sitting_up
85640,-0.98,-0.01,0.03,-8.48,-1.89,0.37,-47.00,50.00,33.00,sitting_up
85733,-0.98,-0.01,0.02,-20.57,-1.89,-0.06,-47.00,51.00,30.00,sitting_up
85839,-0.98,-0.01,0.02,-18.25,-0.43,1.59,-48.00,51.00,36.00,sitting_up
85932,-0.98,-0.01,0.03,-24.17,5.25,0.73,-48.00,51.00,41.00,sitting_up
86038,-0.98,-0.01,0.02,-7.75,-0.98,0.55,-46.00,50.00,36.00,sitting_up
86131,-0.98,-0.01,0.02,-7.51,-1.89,0.49,-46.00,51.00,32.00,sitting_up
86238,-0.98,-0.01,0.01,-20.81,-5.49,1.10,-47.00,51.00,41.00,sitting_up
86331,-0.98,-0.01,-0.00,-25.27,-5.49,-0.73,-47.00,52.00,42.00,sitting_up
86437,-0.98,-0.01,-0.01,-9.03,-4.52,0.31,-46.00,50.00,41.00,sitting_up
86530,-0.98,-0.01,-0.01,2.01,-0.49,-0.12,-47.00,50.00,39.00,sitting_up
86623,-0.98,-0.02,-0.01,28.02,4.21,0.61,-46.00,47.00,36.00,sitting_up
86730,-0.98,-0.01,0.00,42.97,1.53,-2.01,-49.00,49.00,41.00,sitting_up
86823,-0.98,-0.01,0.00,47.36,2.08,-2.14,-48.00,50.00,34.00,sitting_up
86929,-0.98,-0.01,0.01,34.12,3.72,-3.11,-45.00,51.00,26.00,sitting_up
87022,-0.98,-0.01,0.02,21.36,0.67,-0.67,-49.00,49.00,38.00,sitting_up
87128,-0.98,-0.01,0.02,14.34,-1.46,0.61,-50.00,50.00,35.00,sitting_up
87221,-0.98,-0.01,0.02,6.59,1.34,1.22,-50.00,51.00,33.00,sitting_up
87327,-0.98,-0.02,0.02,-5.43,0.31,-0.43,-48.00,51.00,32.00,sitting_up
87420,-0.98,-0.01,0.02,-4.58,-0.67,-0.61,-48.00,52.00,30.00,sitting_up
87526,-0.98,-0.01,0.02,-12.88,1.10,-1.46,-50.00,50.00,35.00,sitting_up
87619,-0.98,-0.01,0.02,-9.64,4.03,-0.06,-47.00,50.00,33.00,sitting_up
87712,-0.98,-0.01,0.02,-8.36,-2.44,0.67,-48.00,50.00,32.00,sitting_up
87818,-0.97,-0.02,0.02,-8.18,1.22,9.58,-49.00,50.00,40.00,sitting_up
87911,-0.97,-0.02,0.02,-1.28,2.01,1.04,-48.00,51.00,30.00,sitting_up
88017,-0.98,-0.02,0.02,0.55,-1.10,-1.10,-50.00,51.00,41.00,sitting_up
88110,-0.97,-0.02,0.01,-1.46,-1.53,-0.67,-50.00,51.00,35.00,sitting_up
88216,-0.97,-0.02,0.02,-0.61,-0.43,-0.18,-49.00,51.00,36.00,sitting_up
88310,-0.98,-0.01,0.02,-0.06,-0.55,0.12,-48.00,51.00,29.00,sitting_up
88416,-0.97,-0.01,0.02,0.61,0.92,0.98,-47.00,53.00,29.00,sitting_up
88508,-0.99,-0.01,0.02,-0.49,0.31,0.18,-51.00,51.00,34.00,sitting_up
88614,-0.98,-0.02,0.01,4.09,-0.06,0.67,-47.00,53.00,37.00,sitting_up
88707,-0.99,-0.01,0.01,2.01,-0.55,-0.12,-49.00,51.00,41.00,sitting_up
88813,-0.97,-0.02,0.01,-2.81,0.00,-0.18,-49.00,49.00,35.00,sitting_up
88906,-0.97,-0.02,0.02,-2.87,3.17,-0.43,-50.00,50.00,34.00,sitting_up
88999,-0.97,-0.02,0.02,-14.71,11.29,-0.31,-49.00,51.00,31.00,sitting_up
89106,-0.97,-0.02,0.05,-0.12,13.98,0.73,-48.00,50.00,36.00,sitting_up
89199,-0.97,-0.02,0.06,-2.01,5.98,0.55,-50.00,49.00,38.00,sitting_up
89305,-0.97,-0.02,0.07,3.42,0.18,-0.85,-48.00,51.00,38.00,sitting_up
89398,-0.97,-0.01,0.07,0.31,2.14,0.24,-48.00,53.00,38.00,sitting_up
89504,-0.97,-0.02,0.07,2.20,2.08,-0.49,-50.00,51.00,38.00,sitting_up
89597,-0.97,-0.01,0.07,-0.31,-0.61,0.43,-49.00,50.00,34.00,sitting_up
89703,-0.98,-0.01,0.07,3.85,-3.36,0.55,-47.00,52.00,39.00,sitting_up
89796,-0.97,-0.02,0.06,-0.06,-12.33,0.31,-49.00,51.00,38.00,sitting_up
89889,-0.98,-0.02,0.03,-8.00,-12.63,1.89,-47.00,47.00,35.00,sitting_up
89995,-0.98,-0.02,0.01,-3.11,-11.17,-0.79,-50.00,51.00,34.00,sitting_up
90088,-0.99,-0.02,-0.01,-5.43,-5.49,-0.92,-47.00,51.00,35.00,sitting_up
90194,-0.98,-0.02,-0.01,-2.08,-1.10,-0.06,-49.00,50.00,36.00,sitting_up
90287,-0.98,-0.02,-0.01,0.12,-0.61,-0.18,-49.00,48.00,38.00,sitting_up
90393,-0.98,-0.02,-0.01,-3.36,-1.10,-0.98,-47.00,50.00,33.00,sitting_up
90486,-0.98,-0.02,-0.01,2.81,0.55,-0.37,-47.00,50.00,34.00,sitting_up
90592,-0.98,-0.02,-0.01,-3.05,-1.46,-0.61,-48.00,51.00,36.00,sitting_up
90685,-0.98,-0.02,-0.01,-3.36,-3.97,-0.55,-49.00,51.00,34.00,sitting_up
90791,-0.98,-0.02,-0.03,-0.31,-5.31,0.06,-49.00,49.00,36.00,sitting_up
90884,-0.98,-0.02,-0.03,0.31,6.53,-1.46,-50.00,52.00,30.00,sitting_up
90990,-0.98,-0.01,-0.01,3.36,7.02,-2.26,-50.00,52.00,35.00,sitting_up
91083,-0.98,-0.01,-0.01,-0.61,0.49,-0.61,-47.00,51.00,34.00,sitting_up
91176,-0.98,-0.01,-0.01,-2.87,1.10,-2.01,-47.00,53.00,35.00,sitting_up
91282,-0.98,-0.01,-0.01,-2.87,-2.87,-1.59,-47.00,52.00,30.00,sitting_up
91375,-0.98,-0.00,-0.01,0.85,3.36,-4.09,-48.00,50.00,40.00,sitting_up
91481,-0.98,0.01,0.02,2.01,10.31,-2.81,-48.00,53.00,38.00,sitting_up
91574,-0.98,0.01,0.03,-1.04,6.47,-1.34,-49.00,51.00,35.00,sitting_up
91680,-0.97,0.00,0.03,-1.34,0.00,0.55,-46.00,51.00,34.00,sitting_up
91773,-0.98,0.01,0.03,-0.67,-2.08,0.61,-49.00,52.00,32.00,sitting_up
91879,-0.98,0.00,0.03,-1.28,3.60,1.59,-47.00,50.00,38.00,sitting_up
91972,-0.98,-0.00,0.03,-2.93,0.31,0.79,-49.00,50.00,35.00,sitting_up
92078,-0.98,-0.00,0.04,-0.18,-1.77,-0.37,-53.00,53.00,35.00,sitting_up
92171,-0.98,0.00,0.04,1.04,6.35,1.83,-49.00,50.00,41.00,sitting_up
92276,-0.97,-0.00,0.04,-11.47,-0.18,0.00,-47.00,50.00,36.00,sitting_up
92369,-0.97,-0.00,0.05,-1.65,2.20,0.85,-48.00,51.00,40.00,sitting_up
92475,-0.98,-0.01,0.04,2.26,-3.36,-1.16,-50.00,50.00,31.00,sitting_up
92568,-0.98,-0.00,0.04,2.56,-0.43,-0.67,-48.00,49.00,40.00,sitting_up
92661,-0.97,-0.00,0.04,1.59,-0.43,-0.37,-48.00,50.00,38.00,sitting_up
92767,-0.97,-0.00,0.04,-0.12,-0.31,0.49,-49.00,49.00,34.00,sitting_up
92860,-0.98,-0.00,0.04,-1.59,-0.73,0.73,-48.00,51.00,32.00,sitting_up
92966,-0.98,-0.00,0.03,1.40,0.73,-0.92,-49.00,51.00,39.00,sitting_up
93059,-0.98,-0.00,0.04,-0.98,-1.34,-0.55,-51.00,51.00,36.00,sitting_up
93165,-0.98,-0.00,0.03,0.06,-0.55,-0.31,-47.00,50.00,36.00,sitting_up
93258,-0.98,-0.00,0.03,0.18,-1.65,0.55,-50.00,50.00,37.00,sitting_up
93364,-0.98,-0.01,0.03,-0.37,-0.18,0.18,-47.00,50.00,34.00,sitting_up
93457,-0.98,-0.00,0.03,-0.12,0.49,-0.37,-46.00,51.00,30.00,sitting_up
93563,-0.98,-0.01,0.03,1.65,-0.31,1.40,-49.00,51.00,37.00,sitting_up
93656,-0.98,-0.00,0.03,-0.06,0.49,-0.18,-47.00,50.00,41.00,sitting_up
93749,-0.98,-0.00,0.02,-0.73,-0.73,0.00,-48.00,51.00,36.00,sitting_up
93855,-0.98,-0.00,0.03,0.67,0.12,-0.06,-48.00,52.00,33.00,sitting_up
93948,-0.98,-0.00,0.03,-0.43,0.49,0.43,-47.00,50.00,30.00,sitting_up
94054,-0.98,-0.00,0.03,0.06,0.06,0.06,-49.00,51.00,42.00,sitting_up
94147,-0.98,-0.00,0.02,0.85,-0.79,-0.67,-50.00,52.00,35.00,sitting_up
94253,-0.98,-0.01,0.02,-4.09,-0.43,-0.55,-47.00,51.00,32.00,sitting_up
94346,-0.98,-0.00,0.03,-3.05,-1.16,-1.04,-48.00,50.00,38.00,sitting_up
94452,-0.98,-0.00,0.02,-1.22,0.55,-0.06,-48.00,50.00,42.00,sitting_up
94545,-0.98,-0.00,0.02,0.18,-0.37,-0.06,-49.00,50.00,38.00,sitting_up
94651,-0.98,-0.00,0.03,0.92,0.37,-0.06,-50.00,49.00,39.00,sitting_up
94744,-0.98,-0.00,0.03,0.06,0.43,-0.12,-49.00,50.00,37.00,sitting_up
94850,-0.98,-0.00,0.02,1.04,0.00,0.06,-46.00,52.00,35.00,sitting_up
94943,-0.98,-0.00,0.02,0.61,0.61,0.00,-47.00,50.00,40.00,sitting_up
95036,-0.98,-0.00,0.02,0.43,0.37,-0.98,-47.00,51.00,34.00,sitting_up
95142,-0.98,-0.00,0.02,0.18,0.55,0.06,-50.00,50.00,36.00,sitting_up
95235,-0.98,-0.00,0.02,-0.61,0.49,0.12,-48.00,51.00,41.00,sitting_up
95342,-0.98,-0.00,0.02,-1.04,0.49,-0.18,-49.00,49.00,35.00,sitting_up
95435,-0.98,-0.00,0.02,-1.10,-0.06,0.00,-49.00,51.00,35.00,sitting_up
95541,-0.98,-0.00,0.02,-3.17,-0.85,-0.37,-47.00,50.00,36.00,sitting_up
95634,-0.98,-0.00,0.02,-4.88,-0.43,-0.55,-47.00,51.00,44.00,sitting_up
95740,-0.98,0.00,0.02,-5.98,-1.77,-0.12,-46.00,50.00,40.00,sitting_up
95833,-0.98,-0.00,0.02,-5.92,-1.34,0.43,-48.00,52.00,34.00,sitting_up
95939,-0.98,-0.00,0.01,-3.36,0.06,-0.24,-48.00,52.00,34.00,sitting_up
96032,-0.98,0.00,0.01,-1.59,-0.67,-0.37,-48.00,52.00,34.00,sitting_up
96125,-0.98,-0.00,0.02,-0.24,-0.37,-0.12,-49.00,52.00,39.00,sitting_up
96231,-0.98,-0.00,0.02,2.14,0.67,0.00,-46.00,52.00,36.00,sitting_up
96324,-0.98,0.00,0.02,0.00,1.34,-0.12,-47.00,52.00,36.00,sitting_up
96430,-0.98,0.00,0.01,0.43,0.12,0.31,-47.00,49.00,44.00,sitting_up
96523,-0.98,-0.00,0.01,0.79,-0.43,0.31,-48.00,49.00,32.00,sitting_up
96629,-0.98,-0.00,0.01,-0.37,0.18,-0.12,-49.00,50.00,31.00,sitting_up
96722,-0.98,-0.00,0.01,-0.24,-0.18,-0.12,-48.00,51.00,39.00,sitting_up
96828,-0.98,0.00,0.01,-0.49,-0.55,-0.43,-48.00,50.00,36.00,sitting_up
96921,-0.98,-0.00,0.01,0.79,-0.67,0.18,-47.00,49.00,36.00,sitting_up
97027,-0.98,-0.00,0.01,-0.24,-0.43,-0.49,-48.00,52.00,37.00,sitting_up
97120,-0.98,-0.00,0.00,-0.79,-0.49,-0.12,-46.00,51.00,31.00,sitting_up
97213,-0.98,0.00,0.00,-1.34,0.61,0.18,-47.00,51.00,37.00,sitting_up
97319,-0.98,0.00,0.00,-2.38,0.73,0.00,-50.00,49.00,36.00,sitting_up
97412,-0.98,-0.00,0.01,2.01,0.43,-0.06,-47.00,51.00,40.00,sitting_up
97518,-0.98,0.00,0.01,0.31,-0.18,-0.06,-47.00,52.00,37.00,sitting_up
97611,-0.98,-0.00,0.01,0.18,0.43,0.00,-46.00,50.00,40.00,sitting_up
97717,-0.98,-0.00,0.01,1.40,0.18,-0.37,-47.00,50.00,40.00,sitting_up
97810,-0.98,-0.00,0.01,-0.98,-0.12,-0.43,-47.00,50.00,37.00,sitting_up
97917,-0.98,0.00,0.01,1.53,0.55,-0.18,-49.00,51.00,35.00,sitting_up
98010,-0.98,0.00,0.01,0.18,1.10,0.12,-47.00,50.00,34.00,sitting_up
98116,-0.98,0.00,0.01,1.16,0.55,0.24,-49.00,52.00,34.00,sitting_up
98209,-0.98,-0.00,0.01,1.16,0.18,-0.67,-48.00,51.00,38.00,sitting_up
98302,-0.98,0.00,0.01,0.00,0.61,-1.16,-49.00,50.00,36.00,sitting_up
98408,-0.98,0.01,0.01,0.79,0.37,-1.34,-48.00,49.00,37.00,sitting_up
98501,-0.98,0.01,0.01,-2.01,0.06,-1.22,-48.00,50.00,34.00,sitting_up
98607,-0.98,0.01,0.01,0.55,0.06,-1.16,-47.00,50.00,41.00,sitting_up
98701,-0.98,0.01,0.01,-0.06,0.98,-1.53,-48.00,51.00,42.00,sitting_up
98807,-0.98,0.01,0.01,-1.22,0.12,-1.40,-47.00,51.00,33.00,sitting_up
98900,-0.98,0.01,0.01,0.24,-0.92,-1.46,-49.00,50.00,40.00,sitting_up
99006,-0.98,0.02,0.01,-1.28,0.43,-2.01,-46.00,51.00,33.00,sitting_up
99099,-0.98,0.02,0.01,-1.65,-0.67,-1.77,-47.00,51.00,38.00,sitting_up
99192,-0.98,0.02,0.01,-0.55,0.31,-0.37,-49.00,54.00,37.00,sitting_up
99298,-0.98,0.02,0.01,-0.06,0.79,-0.55,-47.00,53.00,35.00,sitting_up
99391,-0.98,0.02,0.01,0.73,0.55,-0.24,-47.00,52.00,40.00,sitting_up
99497,-0.98,0.02,0.01,2.56,0.92,-0.37,-47.00,50.00,31.00,sitting_up
99590,-0.97,0.02,0.01,3.48,1.04,0.24,-47.00,51.00,38.00,sitting_up
99696,-0.98,0.02,0.01,2.20,0.67,0.24,-46.00,51.00,38.00,sitting_up
99788,-0.98,0.02,0.01,0.31,-1.10,1.28,-47.00,51.00,35.00,sitting_up
99894,-0.98,0.02,0.01,3.97,-0.12,3.91,-47.00,51.00,35.00,sitting_up
99987,-0.98,0.01,0.01,0.79,1.53,2.50,-48.00,51.00,32.00,sitting_up
100093,-0.98,0.01,0.01,3.05,-2.08,1.22,-49.00,50.00,38.00,sitting_up
100185,-0.98,0.00,0.01,4.09,-0.55,2.75,-47.00,49.00,35.00,sitting_up
100291,-0.98,-0.00,0.01,0.12,0.79,1.16,-49.00,53.00,40.00,sitting_up
100384,-0.98,-0.00,0.01,-1.46,-0.31,0.73,-50.00,49.00,36.00,sitting_up
100490,-0.98,-0.00,0.01,-0.43,-0.31,0.24,-49.00,50.00,33.00,sitting_up
100583,-0.98,-0.01,0.01,1.22,-0.61,0.92,-46.00,52.00,36.00,sitting_up
100689,-0.98,-0.01,0.01,0.73,0.24,0.31,-50.00,49.00,32.00,sitting_up
100782,-0.98,-0.01,0.01,0.73,0.24,-0.06,-47.00,51.00,36.00,sitting_up
100875,-0.98,-0.01,0.01,-0.12,-0.06,0.18,-50.00,50.00,35.00,sitting_up
100981,-0.98,-0.01,0.01,0.18,0.79,-0.37,-49.00,51.00,38.00,sitting_up
101074,-0.98,-0.01,0.01,-0.31,0.79,0.49,-47.00,49.00,32.00,sitting_up
101180,-0.98,-0.01,0.01,-0.92,-0.24,0.61,-46.00,50.00,30.00,sitting_up
101273,-0.98,-0.00,0.00,-1.53,0.55,-0.73,-48.00,52.00,37.00,sitting_up
101379,-0.98,-0.00,0.00,0.67,0.73,-0.12,-47.00,52.00,35.00,sitting_up
101472,-0.98,-0.01,0.01,0.55,0.24,0.24,-46.00,51.00,34.00,sitting_up
101578,-0.98,-0.01,0.01,-0.24,2.01,-0.12,-49.00,51.00,37.00,sitting_up
101671,-0.98,-0.00,0.00,-0.73,0.24,-0.79,-50.00,50.00,35.00,sitting_up
101777,-0.98,-0.00,0.01,0.55,0.43,-0.24,-48.00,50.00,34.00,sitting_up
101870,-0.98,-0.00,0.01,-1.10,-0.18,-0.24,-47.00,50.00,32.00,sitting_up
101963,-0.98,-0.00,0.01,-0.06,0.12,-0.37,-45.00,52.00,32.00,sitting_up
102069,-0.98,-0.00,0.01,1.89,0.79,0.00,-48.00,50.00,32.00,sitting_up
102162,-0.98,-0.00,0.00,1.83,0.79,-0.06,-49.00,51.00,41.00,sitting_up
102268,-0.98,-0.00,0.00,1.83,0.12,-0.12,-47.00,53.00,38.00,sitting_up
102361,-0.98,-0.00,0.01,0.18,-0.55,-0.31,-47.00,50.00,36.00,sitting_up
102467,-0.98,-0.00,0.01,-1.40,-0.31,-0.79,-49.00,50.00,34.00,sitting_up
102560,-0.98,-0.00,0.01,-0.12,0.73,0.00,-47.00,51.00,36.00,sitting_up
102666,-0.98,-0.00,0.01,1.34,0.37,-0.55,-48.00,51.00,34.00,sitting_up
102759,-0.98,-0.00,0.01,1.95,-0.12,-0.24,-49.00,51.00,36.00,sitting_up
102865,-0.98,-0.00,0.02,2.99,4.27,0.24,-49.00,50.00,36.00,sitting_up
102958,-0.98,-0.00,0.01,-0.24,0.85,0.49,-49.00,51.00,33.00,sitting_up
103064,-0.98,-0.00,0.02,0.67,0.00,1.34,-49.00,50.00,34.00,sitting_up
103157,-0.98,-0.01,0.02,1.10,1.10,1.04,-49.00,51.00,29.00,sitting_up
103250,-0.98,-0.01,0.02,0.00,0.18,0.31,-49.00,50.00,33.00,sitting_up
103356,-0.98,-0.01,0.02,1.53,-2.20,3.42,-49.00,51.00,34.00,sitting_up
103449,-0.98,-0.02,0.02,3.78,-0.61,6.10,-49.00,51.00,37.00,sitting_up
103555,-0.98,-0.02,0.02,-0.55,0.49,-2.32,-50.00,51.00,34.00,sitting_up
103648,-0.98,-0.02,0.02,0.12,-1.46,-0.49,-49.00,51.00,33.00,sitting_up
103754,-0.98,-0.02,0.01,-3.05,-0.92,-2.14,-49.00,49.00,32.00,sitting_up
103848,-0.98,-0.02,0.01,2.08,-1.28,-0.31,-48.00,49.00,32.00,sitting_up
103954,-0.98,-0.02,0.02,-0.55,3.36,-1.46,-48.00,51.00,34.00,sitting_up
104047,-0.97,-0.02,0.03,-5.00,3.42,-1.10,-49.00,51.00,31.00,sitting_up
104153,-0.98,-0.01,0.03,-0.73,3.11,-0.61,-50.00,49.00,42.00,sitting_up
104246,-0.98,-0.02,0.04,0.73,4.03,-0.43,-47.00,49.00,41.00,sitting_up
104339,-0.97,-0.02,0.05,5.68,3.72,-0.24,-49.00,50.00,45.00,sitting_up
104445,-0.97,-0.02,0.05,3.48,-2.14,-0.18,-49.00,51.00,34.00,sitting_up
104538,-0.98,-0.02,0.04,1.95,-0.24,0.43,-46.00,52.00,40.00,sitting_up
104644,-0.97,-0.02,0.04,-4.39,1.28,0.49,-50.00,52.00,39.00,sitting_up
104737,-0.97,-0.02,0.05,-5.00,2.93,1.28,-47.00,50.00,34.00,sitting_up
104843,-0.98,-0.02,0.05,-1.65,-4.46,1.89,-49.00,51.00,39.00,sitting_up
104936,-0.97,-0.02,0.04,6.04,1.46,0.43,-48.00,51.00,39.00,sitting_up
105042,-0.97,-0.02,0.06,0.92,2.87,-1.95,-48.00,51.00,40.00,sitting_up
105135,-0.97,-0.02,0.03,-1.65,-9.64,-2.01,-48.00,51.00,36.00,sitting_up
105241,-0.97,-0.02,0.04,-0.24,-1.10,-1.34,-49.00,51.00,36.00,sitting_up
105335,-0.98,-0.01,0.02,8.06,2.01,-6.23,-48.00,52.00,36.00,sitting_up
105428,-0.97,-0.01,0.04,9.64,-2.69,0.24,-46.00,52.00,37.00,sitting_up
105534,-0.98,-0.01,0.00,-14.40,-5.74,4.09,-50.00,51.00,35.00,sitting_up
105627,-0.98,-0.02,0.02,-2.26,5.07,0.24,-49.00,50.00,32.00,sitting_up
105733,-0.97,-0.02,0.03,1.77,7.75,1.65,-51.00,51.00,33.00,sitting_up
105826,-0.98,-0.03,0.03,0.67,-1.83,-0.18,-50.00,49.00,34.00,sitting_up
105932,-0.98,-0.01,0.04,-2.32,1.40,-3.36,-47.00,51.00,37.00,sitting_up
106025,-0.98,-0.01,0.00,26.55,-3.23,1.16,-48.00,52.00,36.00,sitting_up
106131,-0.98,-0.01,0.02,-2.08,0.31,-0.73,-49.00,51.00,34.00,sitting_up
106224,-0.98,-0.01,0.03,-6.04,0.00,0.92,-47.00,51.00,38.00,sitting_up
106330,-0.98,-0.01,0.02,0.49,-2.75,-2.50,-48.00,52.00,37.00,sitting_up
106423,-0.98,-0.01,0.03,-1.16,-1.46,0.79,-47.00,52.00,36.00,sitting_up
106516,-0.98,-0.01,0.02,-0.73,-0.06,-0.43,-50.00,50.00,34.00,sitting_up
106622,-0.98,-0.01,0.02,-3.54,-0.61,-1.40,-47.00,52.00,37.00,sitting_up
106715,-0.98,-0.01,0.02,-1.53,-0.85,-1.28,-47.00,50.00,26.00,sitting_up
106821,-0.98,-0.01,0.03,-7.87,2.38,-1.10,-49.00,51.00,37.00,sitting_up
106915,-0.98,-0.01,0.03,-4.27,1.22,0.49,-47.00,51.00,29.00,sitting_up
107021,-0.98,-0.01,0.03,-4.21,-0.43,0.92,-49.00,51.00,36.00,sitting_up
107114,-0.98,-0.01,0.03,-7.14,1.04,0.49,-49.00,52.00,31.00,sitting_up
107220,-0.98,-0.01,0.03,-9.77,0.55,0.00,-48.00,51.00,39.00,sitting_up
107313,-0.97,-0.01,0.03,-2.50,1.59,0.00,-49.00,51.00,36.00,sitting_up
107406,-0.98,-0.01,0.03,-2.62,2.56,0.79,-46.00,49.00,36.00,sitting_up
107512,-0.98,-0.01,0.03,-3.54,0.06,0.55,-51.00,50.00,39.00,sitting_up
107605,-0.98,-0.01,0.03,-2.81,-0.85,0.37,-48.00,50.00,40.00,sitting_up
107711,-0.98,-0.01,0.03,-1.89,0.61,0.79,-48.00,52.00,44.00,sitting_up
107804,-0.98,-0.01,0.03,-6.16,-1.40,0.79,-49.00,51.00,36.00,sitting_up
107910,-0.98,-0.01,0.02,-1.83,0.67,-0.18,-49.00,51.00,41.00,sitting_up
108003,-0.98,-0.01,0.03,-2.50,-0.92,-0.67,-49.00,50.00,37.00,sitting_up
108109,-0.98,-0.01,0.03,-4.09,-1.28,0.06,-49.00,51.00,38.00,sitting_up
108202,-0.98,-0.01,0.03,4.58,1.34,0.31,-47.00,49.00,40.00,sitting_up
108308,-0.98,-0.01,0.03,8.18,1.95,0.79,-48.00,50.00,36.00,sitting_up
108401,-0.98,-0.02,0.03,0.92,1.28,1.04,-49.00,50.00,39.00,sitting_up
108507,-0.97,-0.02,0.04,-1.59,1.22,4.39,-46.00,49.00,41.00,sitting_up
108600,-0.98,-0.03,0.03,-0.31,1.04,4.33,-48.00,49.00,41.00,sitting_up
108693,-0.97,-0.03,0.03,1.59,0.12,-0.43,-48.00,50.00,36.00,sitting_up
108799,-0.98,-0.03,0.04,0.85,0.79,-0.12,-48.00,51.00,38.00,sitting_up
108892,-0.98,-0.03,0.03,-0.43,-0.55,0.12,-52.00,51.00,35.00,sitting_up
108998,-0.98,-0.03,0.03,1.04,1.16,-1.89,-49.00,50.00,43.00,sitting_up
109091,-0.98,-0.02,0.03,3.48,0.12,-2.69,-50.00,49.00,33.00,sitting_up
109197,-0.98,-0.02,0.04,4.76,-0.92,-4.70,-48.00,51.00,33.00,sitting_up
109290,-0.98,-0.01,0.03,8.97,-3.60,-3.11,-45.00,50.00,37.00,sitting_up
109396,-0.98,-0.01,0.03,4.21,0.55,-0.49,-49.00,52.00,38.00,sitting_up
109489,-0.98,-0.01,0.03,2.44,-0.12,-2.08,-49.00,50.00,36.00,sitting_up
109595,-0.98,-0.01,0.02,-1.95,-1.83,-2.50,-49.00,51.00,34.00,sitting_up
109688,-0.98,-0.00,0.02,-1.46,-1.28,-0.98,-48.00,51.00,39.00,sitting_up
109781,-0.98,-0.00,0.02,-0.85,0.06,-0.55,-46.00,50.00,39.00,sitting_up
109887,-0.98,0.00,0.02,-2.62,1.53,-1.46,-47.00,50.00,42.00,sitting_up
109981,-0.98,0.00,0.02,-0.12,0.18,-0.98,-46.00,52.00,37.00,sitting_up
110087,-0.98,0.00,0.02,2.81,-0.06,0.37,-47.00,49.00,38.00,sitting_up
110180,-0.98,0.00,0.02,0.24,0.61,0.06,-48.00,50.00,33.00,sitting_up
110286,-0.98,-0.00,0.02,0.49,-0.12,0.73,-47.00,49.00,35.00,sitting_up
110379,-0.98,-0.00,0.02,1.77,0.06,0.43,-49.00,51.00,33.00,sitting_up
110485,-0.98,0.00,0.02,0.12,0.73,-0.18,-48.00,51.00,34.00,sitting_up
110578,-0.98,-0.00,0.02,1.22,-0.06,0.06,-45.00,51.00,30.00,sitting_up
110684,-0.98,-0.00,0.02,0.12,-0.67,-0.12,-47.00,50.00,40.00,sitting_up
110777,-0.98,-0.00,0.02,-0.31,0.37,-0.24,-48.00,52.00,39.00,sitting_up
110871,-0.98,-0.00,0.02,0.85,0.18,0.37,-48.00,51.00,32.00,sitting_up
110977,-0.98,-0.00,0.02,0.18,0.18,-0.24,-48.00,49.00,32.00,sitting_up
111070,-0.98,0.00,0.02,-1.71,0.61,-0.31,-50.00,52.00,36.00,sitting_up
111176,-0.98,0.00,0.02,-0.55,-0.31,-0.43,-47.00,50.00,37.00,sitting_up
111269,-0.98,0.00,0.02,-0.55,-1.40,-0.79,-47.00,51.00,38.00,sitting_up
111375,-0.98,-0.00,0.02,0.55,0.67,-0.24,-46.00,50.00,37.00,sitting_up
111468,-0.98,0.00,0.02,0.85,0.55,0.37,-49.00,51.00,32.00,sitting_up
111574,-0.98,-0.00,0.02,0.73,0.92,0.06,-47.00,50.00,39.00,sitting_up
111667,-0.98,-0.00,0.02,-0.24,0.98,0.12,-48.00,51.00,42.00,sitting_up
111760,-0.98,-0.00,0.02,0.24,0.61,0.18,-49.00,53.00,32.00,sitting_up
111866,-0.98,-0.00,0.02,-0.18,-0.67,0.55,-49.00,50.00,36.00,sitting_up
111959,-0.98,-0.00,0.02,-1.40,1.10,0.43,-46.00,51.00,33.00,sitting_up
112065,-0.98,0.00,0.02,2.44,0.37,0.00,-48.00,50.00,38.00,sitting_up
112158,-0.98,-0.00,0.02,-0.24,0.49,0.55,-50.00,51.00,38.00,sitting_up
112264,-0.98,-0.00,0.02,-0.98,-0.31,0.12,-48.00,53.00,35.00,sitting_up
112357,-0.98,-0.00,0.02,-1.46,-0.92,0.00,-47.00,50.00,41.00,sitting_up
112463,-0.98,-0.00,0.02,0.18,-2.01,0.55,-46.00,52.00,33.00,sitting_up
112556,-0.98,-0.00,0.01,2.20,-1.16,-0.06,-47.00,53.00,35.00,sitting_up
112662,-0.98,-0.00,0.01,-0.61,-0.67,-0.24,-45.00,53.00,32.00,sitting_up
112755,-0.98,-0.00,0.01,-1.40,-0.37,0.06,-48.00,51.00,33.00,sitting_up
112861,-0.98,-0.00,0.01,1.22,0.49,-0.18,-48.00,51.00,35.00,sitting_up
112955,-0.98,-0.00,0.01,0.79,0.49,-0.18,-47.00,50.00,35.00,sitting_up
113048,-0.98,-0.00,0.01,-0.31,-0.49,-0.24,-47.00,52.00,35.00,sitting_up
113154,-0.98,-0.00,0.01,0.67,-1.04,-0.12,-48.00,49.00,33.00,sitting_up
113247,-0.98,-0.00,0.01,-1.16,0.06,-0.18,-48.00,52.00,36.00,sitting_up
113353,-0.98,-0.00,0.01,1.34,-0.18,0.49,-47.00,51.00,36.00,sitting_up
113446,-0.98,-0.01,0.01,0.79,-0.55,0.06,-49.00,50.00,39.00,sitting_up
113552,-0.98,-0.00,0.01,0.73,0.92,0.24,-47.00,51.00,41.00,sitting_up
113645,-0.98,-0.00,0.01,-0.37,-0.43,0.24,-47.00,51.00,37.00,sitting_up
113751,-0.98,-0.01,0.01,-0.92,-0.73,-0.49,-47.00,53.00,34.00,sitting_up
113844,-0.98,-0.00,0.01,-1.40,0.31,-0.31,-50.00,51.00,36.00,sitting_up
113937,-0.98,-0.00,0.01,-0.85,-1.22,-0.43,-49.00,50.00,37.00,sitting_up
114043,-0.98,-0.01,0.01,-0.85,-1.40,0.06,-47.00,52.00,37.00,sitting_up
114136,-0.98,-0.00,0.00,-0.61,-0.49,-0.24,-50.00,51.00,38.00,sitting_up
114242,-0.98,-0.00,0.00,1.28,0.00,0.73,-52.00,50.00,32.00,sitting_up
114335,-0.98,-0.01,0.00,-0.12,-1.10,-0.06,-47.00,51.00,36.00,sitting_up
114441,-0.98,-0.01,0.00,0.43,0.73,-0.06,-51.00,49.00,33.00,sitting_up
114534,-0.98,-0.00,0.00,0.12,0.85,-0.18,-48.00,50.00,32.00,sitting_up
114640,-0.98,-0.00,0.00,0.49,0.79,0.12,-50.00,51.00,28.00,sitting_up
114733,-0.98,-0.00,0.01,0.92,1.46,-0.43,-49.00,51.00,32.00,sitting_up
114839,-0.98,-0.00,0.00,0.98,1.40,0.24,-46.00,50.00,37.00,sitting_up
114932,-0.98,-0.00,0.00,-0.18,-0.37,-0.18,-49.00,52.00,35.00,sitting_up
115038,-0.98,-0.00,0.00,0.06,-1.46,-0.55,-46.00,51.00,36.00,sitting_up
115131,-0.98,-0.00,0.00,-1.22,0.24,-0.67,-47.00,50.00,37.00,sitting_up
115224,-0.98,-0.00,0.00,-1.22,-0.55,-0.43,-49.00,50.00,32.00,sitting_up
115330,-0.98,-0.00,0.00,0.18,-0.06,-0.24,-48.00,50.00,40.00,sitting_up
115423,-0.98,-0.00,0.00,-0.18,0.18,-0.06,-49.00,50.00,36.00,sitting_up
115529,-0.98,-0.00,0.00,0.73,0.79,-0.06,-47.00,51.00,34.00,sitting_up
115622,-0.98,-0.00,0.00,0.92,0.24,0.24,-46.00,52.00,33.00,sitting_up
115728,-0.98,-0.00,0.00,-0.61,0.85,-0.24,-47.00,50.00,32.00,sitting_up
115821,-0.98,-0.00,0.01,0.85,0.24,-0.18,-49.00,51.00,37.00,sitting_up
115928,-0.98,-0.00,0.00,0.12,-0.12,0.00,-51.00,51.00,32.00,sitting_up
116021,-0.98,-0.00,0.00,0.00,0.12,-0.18,-47.00,51.00,32.00,sitting_up
116114,-0.98,-0.00,0.00,-1.22,0.24,-0.55,-47.00,49.00,37.00,sitting_up
116220,-0.98,-0.00,0.00,-1.83,-0.18,0.12,-48.00,50.00,36.00,sitting_up
116313,-0.98,-0.00,0.00,0.67,0.49,-0.12,-48.00,50.00,34.00,sitting_up
116419,-0.98,-0.00,0.00,0.37,-0.24,0.12,-48.00,49.00,37.00,sitting_up
116512,-0.98,-0.00,0.00,0.12,0.49,0.18,-47.00,52.00,32.00,sitting_up
116618,-0.98,-0.00,0.00,0.92,0.92,0.37,-48.00,50.00,37.00,sitting_up
116711,-0.98,-0.00,0.00,0.37,0.49,0.06,-48.00,51.00,36.00,sitting_up
116816,-0.98,-0.00,0.00,-0.55,-0.61,0.12,-47.00,54.00,41.00,sitting_up
116909,-0.98,-0.00,0.00,-0.12,0.67,-0.24,-49.00,51.00,34.00,sitting_up
117015,-0.98,-0.00,0.00,0.55,-0.49,0.06,-47.00,51.00,36.00,sitting_up
117108,-0.98,-0.00,0.01,0.43,0.31,0.18,-46.00,50.00,36.00,sitting_up
117214,-0.98,-0.00,0.00,0.79,0.24,-0.06,-46.00,50.00,31.00,sitting_up
117307,-0.98,-0.00,0.00,0.55,0.37,-0.12,-47.00,49.00,33.00,sitting_up
117413,-0.98,-0.00,0.00,-0.37,-0.12,0.00,-46.00,51.00,34.00,sitting_up
117506,-0.98,-0.00,0.00,-1.59,0.73,-0.37,-49.00,51.00,36.00,sitting_up
117599,-0.98,-0.00,0.00,-0.43,0.06,-0.49,-45.00,51.00,42.00,sitting_up
117705,-0.98,-0.00,0.00,-1.28,-0.61,0.00,-47.00,51.00,38.00,sitting_up
117798,-0.98,-0.00,0.01,-0.24,-0.67,-0.12,-47.00,51.00,39.00,sitting_up
117904,-0.98,-0.00,0.01,-1.10,0.55,-0.12,-46.00,51.00,38.00,sitting_up
117997,-0.98,-0.01,0.01,-0.61,0.24,-0.06,-47.00,52.00,35.00,sitting_up
118103,-0.98,-0.00,0.01,0.18,0.73,0.18,-50.00,51.00,36.00,sitting_up
118196,-0.98,-0.01,0.01,-0.18,0.37,-0.31,-47.00,50.00,40.00,sitting_up
118302,-0.98,-0.01,0.00,0.12,-0.43,-0.24,-49.00,53.00,40.00,sitting_up
118395,-0.98,-0.00,0.01,0.00,0.00,-0.73,-50.00,52.00,33.00,sitting_up
118501,-0.98,-0.00,0.00,-0.49,0.37,-0.18,-48.00,50.00,37.00,sitting_up
118595,-0.98,-0.00,0.00,-0.06,0.18,-0.18,-46.00,53.00,31.00,sitting_up
118688,-0.98,-0.00,0.00,-0.06,-0.43,-0.24,-49.00,51.00,38.00,sitting_up
118794,-0.98,-0.00,0.00,1.22,0.98,-0.06,-47.00,51.00,40.00,sitting_up
118887,-0.98,-0.00,0.01,1.04,-0.12,0.00,-48.00,51.00,32.00,sitting_up
118993,-0.98,-0.00,0.00,2.44,0.85,0.31,-47.00,50.00,31.00,sitting_up
119086,-0.98,-0.00,0.00,1.04,1.65,0.24,-48.00,51.00,37.00,sitting_up
119192,-0.98,-0.00,0.00,0.06,0.98,-0.31,-49.00,52.00,40.00,sitting_up
119285,-0.98,-0.00,0.00,0.98,-0.61,-0.12,-48.00,51.00,41.00,sitting_up
119391,-0.98,-0.00,0.00,1.46,1.34,-0.24,-49.00,49.00,32.00,sitting_up
119484,-0.98,-0.00,0.00,0.92,0.43,0.18,-47.00,50.00,34.00,sitting_up
119590,-0.98,-0.00,0.00,0.79,0.00,0.37,-49.00,51.00,38.00,sitting_up
119682,-0.98,-0.00,0.00,-0.49,0.85,-0.06,-47.00,50.00,30.00,sitting_up
119775,-0.98,-0.00,0.00,-1.22,-0.49,-0.24,-50.00,49.00,31.00,sitting_up
119881,-0.98,-0.00,0.00,-0.31,-0.98,-0.24,-47.00,50.00,36.00,sitting_up
119974,-0.98,-0.00,0.00,-0.18,1.71,-0.18,-47.00,50.00,38.00,sitting_up
120080,-0.98,-0.00,0.00,0.73,0.31,0.37,-47.00,51.00,37.00,sitting_up
120173,-0.98,-0.00,0.00,0.00,-0.06,0.06,-48.00,52.00,35.00,sitting_up
120279,-0.98,-0.00,0.00,-2.26,0.61,0.12,-50.00,50.00,30.00,sitting_up
120372,-0.98,-0.01,0.00,-1.59,-0.24,-0.06,-51.00,52.00,38.00,sitting_up
120478,-0.98,-0.00,0.00,-3.48,-1.89,0.06,-46.00,50.00,39.00,sitting_up
120571,-0.98,-0.00,-0.00,-4.27,-0.43,-0.24,-49.00,51.00,36.00,sitting_up
120677,-0.98,-0.00,-0.00,-1.83,-1.04,0.12,-48.00,51.00,33.00,sitting_up
120770,-0.98,-0.01,-0.01,-2.08,-0.43,-0.06,-48.00,51.00,42.00,sitting_up
120876,-0.98,-0.00,-0.01,-3.30,0.12,-0.37,-46.00,50.00,34.00,sitting_up
120969,-0.98,-0.00,-0.01,-2.20,-0.31,-0.06,-49.00,47.00,36.00,sitting_up
121062,-0.98,-0.01,-0.00,-1.16,0.18,0.06,-49.00,53.00,36.00,sitting_up
121168,-0.98,-0.01,-0.01,-2.08,0.67,-0.12,-46.00,50.00,36.00,sitting_up
121261,-0.98,-0.01,-0.01,0.12,-0.18,-0.24,-50.00,52.00,34.00,sitting_up
121368,-0.98,-0.01,-0.01,-0.55,-0.06,0.00,-49.00,51.00,39.00,sitting_up
121461,-0.98,-0.01,-0.01,0.24,-0.43,-0.49,-49.00,51.00,33.00,sitting_up
121567,-0.98,-0.01,-0.01,0.31,0.37,-0.12,-44.00,51.00,38.00,sitting_up
121661,-0.98,-0.01,-0.01,-0.79,-0.37,-0.24,-47.00,52.00,37.00,sitting_up
121767,-0.98,-0.01,-0.01,-0.37,0.79,0.37,-48.00,51.00,36.00,sitting_up
121860,-0.98,-0.01,-0.01,2.38,2.93,-0.06,-47.00,51.00,34.00,sitting_up
121953,-0.98,-0.01,0.00,3.85,2.20,0.37,-46.00,50.00,38.00,sitting_up
122059,-0.98,-0.01,-0.00,1.10,1.59,0.06,-49.00,50.00,41.00,sitting_up
122152,-0.98,-0.01,0.00,2.99,3.42,0.24,-47.00,50.00,36.00,sitting_up
122258,-0.98,-0.01,0.01,1.53,0.73,0.00,-48.00,51.00,40.00,sitting_up
122351,-0.98,-0.01,0.01,1.71,1.34,0.43,-47.00,51.00,36.00,sitting_up
122457,-0.98,-0.01,0.01,-1.34,1.04,-0.12,-47.00,51.00,39.00,sitting_up
122550,-0.98,-0.01,0.01,-5.37,0.31,-0.55,-49.00,51.00,36.00,sitting_up
122656,-0.98,-0.01,0.01,-4.82,-0.43,-0.37,-49.00,48.00,34.00,sitting_up
122749,-0.98,-0.01,0.01,-3.60,-0.49,-0.18,-46.00,53.00,42.00,sitting_up
122855,-0.98,-0.00,0.01,-3.11,-0.12,-0.24,-46.00,49.00,32.00,sitting_up
122948,-0.98,-0.01,0.01,-2.20,-0.24,-0.06,-48.00,48.00,32.00,sitting_up
123041,-0.98,-0.01,0.01,-0.31,0.43,-0.06,-47.00,49.00,36.00,sitting_up
123147,-0.98,-0.01,0.01,-0.49,1.34,-0.31,-44.00,52.00,32.00,sitting_up
123240,-0.98,-0.01,0.01,-1.10,0.06,0.31,-45.00,52.00,36.00,sitting_up
123346,-0.98,-0.01,0.01,-2.32,-0.55,0.00,-46.00,49.00,35.00,sitting_up
123439,-0.98,-0.01,0.01,-2.20,0.67,-0.12,-50.00,52.00,38.00,sitting_up
123545,-0.98,-0.01,0.01,-0.24,0.61,-0.18,-49.00,51.00,34.00,sitting_up
123638,-0.98,-0.01,0.01,-0.06,-0.73,-0.24,-48.00,52.00,36.00,sitting_up
123744,-0.98,-0.01,0.01,-1.77,1.34,-0.43,-47.00,50.00,35.00,sitting_up
123837,-0.98,-0.01,0.02,-1.83,1.77,-0.31,-47.00,50.00,39.00,sitting_up
123943,-0.98,-0.01,0.02,-1.59,-0.98,-0.12,-48.00,50.00,33.00,sitting_up
124037,-0.98,-0.01,0.02,2.08,1.95,0.12,-50.00,51.00,34.00,sitting_up
124130,-0.98,-0.01,0.02,1.59,1.77,0.37,-48.00,51.00,39.00,sitting_up
124235,-0.97,-0.01,0.02,3.91,2.14,0.55,-48.00,52.00,30.00,sitting_up
124327,-0.98,-0.01,0.02,-0.73,0.43,-0.12,-48.00,53.00,32.00,sitting_up
124433,-0.98,-0.01,0.03,0.12,0.67,-0.31,-45.00,50.00,35.00,sitting_up
124526,-0.98,-0.01,0.03,-0.12,0.55,0.24,-47.00,48.00,33.00,sitting_up
124632,-0.98,-0.01,0.03,-1.28,-0.18,-0.06,-45.00,51.00,36.00,sitting_up
124725,-0.98,-0.01,0.03,-2.32,0.49,0.18,-48.00,49.00,42.00,sitting_up
124831,-0.98,-0.01,0.03,-0.92,-0.24,-0.24,-47.00,50.00,33.00,sitting_up
124924,-0.98,-0.01,0.03,1.22,-0.55,-0.61,-48.00,50.00,36.00,sitting_up
125030,-0.98,-0.01,0.03,-0.67,0.18,-0.73,-49.00,50.00,37.00,sitting_up
125123,-0.97,-0.01,0.03,-0.73,0.24,-0.43,-47.00,50.00,34.00,sitting_up
125229,-0.97,-0.01,0.03,1.89,0.49,0.18,-47.00,52.00,38.00,sitting_up
125322,-0.98,-0.01,0.03,2.99,2.87,0.43,-50.00,49.00,37.00,sitting_up
125428,-0.98,-0.01,0.04,0.31,-0.31,-0.06,-50.00,52.00,34.00,sitting_up
125521,-0.98,-0.01,0.04,-0.06,-0.98,0.12,-48.00,49.00,38.00,sitting_up
125614,-0.98,-0.01,0.04,-1.77,1.34,-0.55,-46.00,50.00,38.00,sitting_up
125720,-0.98,-0.01,0.04,0.06,1.40,-0.55,-48.00,50.00,35.00,sitting_up
125813,-0.98,-0.01,0.04,-0.98,1.34,0.12,-47.00,53.00,37.00,sitting_up
125919,-0.98,-0.01,0.04,-0.24,1.95,0.06,-45.00,49.00,37.00,sitting_up
126012,-0.97,-0.02,0.06,-1.34,1.28,0.18,-48.00,51.00,33.00,sitting_up
126118,-0.98,-0.01,0.05,-1.77,0.18,-0.24,-45.00,52.00,40.00,sitting_up
126211,-0.98,-0.01,0.05,-0.06,1.40,-0.31,-46.00,52.00,43.00,sitting_up
126317,-0.97,-0.01,0.05,1.65,1.71,0.00,-46.00,53.00,37.00,sitting_up
126410,-0.97,-0.01,0.05,-0.43,0.85,0.49,-48.00,50.00,41.00,sitting_up
126516,-0.97,-0.01,0.05,0.24,1.22,-0.06,-48.00,53.00,37.00,sitting_up
126609,-0.98,-0.01,0.05,1.22,0.92,0.12,-47.00,50.00,41.00,sitting_up
126702,-0.98,-0.01,0.05,0.49,0.18,0.12,-49.00,48.00,34.00,sitting_up
126808,-0.97,-0.01,0.05,0.24,0.43,-0.06,-47.00,49.00,37.00,sitting_up
126901,-0.97,-0.01,0.06,0.85,1.10,-0.06,-46.00,47.00,37.00,sitting_up
127007,-0.97,-0.01,0.06,1.04,1.59,0.37,-49.00,51.00,41.00,sitting_up
127099,-0.97,-0.01,0.06,0.49,0.98,-0.18,-48.00,50.00,36.00,sitting_up
127205,-0.97,-0.01,0.06,-0.79,0.31,-0.18,-49.00,47.00,36.00,sitting_up
127298,-0.97,-0.01,0.06,-0.49,-0.61,-0.24,-46.00,50.00,38.00,sitting_up
127404,-0.97,-0.01,0.06,0.31,-0.37,0.00,-48.00,51.00,40.00,sitting_up
127497,-0.97,-0.01,0.06,-0.73,1.16,-0.12,-47.00,50.00,36.00,sitting_up
127603,-0.97,-0.01,0.06,-5.07,0.61,-0.18,-50.00,51.00,37.00,sitting_up
127696,-0.97,-0.01,0.07,-2.14,0.18,-0.06,-47.00,50.00,40.00,sitting_up
127802,-0.97,-0.01,0.06,-0.43,1.10,-0.24,-46.00,53.00,34.00,sitting_up
127895,-0.97,-0.01,0.07,0.67,2.08,0.00,-48.00,49.00,43.00,sitting_up
127988,-0.97,-0.01,0.07,0.55,1.71,0.37,-48.00,50.00,39.00,sitting_up
128094,-0.97,-0.01,0.07,-2.20,1.22,-0.24,-47.00,51.00,39.00,sitting_up
128187,-0.97,-0.01,0.07,-3.23,-0.92,0.12,-49.00,50.00,37.00,sitting_up
128293,-0.97,-0.01,0.06,-6.96,-4.15,0.06,-48.00,50.00,39.00,sitting_up
128386,-0.97,-0.01,0.05,-1.04,-1.95,-0.12,-48.00,52.00,48.00,sitting_up
128492,-0.97,-0.01,0.05,-0.98,-2.08,0.06,-48.00,52.00,40.00,sitting_up
128585,-0.97,-0.01,0.05,1.10,-0.92,-0.06,-45.00,49.00,37.00,sitting_up
128691,-0.98,-0.01,0.04,0.55,-1.59,-0.61,-47.00,52.00,45.00,sitting_up
128784,-0.98,-0.01,0.04,2.87,-1.95,-0.79,-47.00,51.00,43.00,sitting_up
128890,-0.97,-0.01,0.04,0.18,-1.71,0.24,-50.00,51.00,37.00,sitting_up
128983,-0.98,-0.01,0.04,0.49,-0.31,-0.12,-47.00,50.00,39.00,sitting_up
129089,-0.98,-0.01,0.04,1.53,0.61,-0.18,-47.00,50.00,35.00,sitting_up
129182,-0.97,-0.01,0.04,0.92,-0.37,0.37,-48.00,52.00,39.00,sitting_up
129275,-0.98,-0.01,0.03,-0.55,0.06,-0.37,-47.00,50.00,38.00,sitting_up
129381,-0.98,-0.01,0.03,-0.24,0.61,-0.73,-49.00,50.00,36.00,sitting_up
129474,-0.98,-0.01,0.03,-0.18,0.43,-0.06,-49.00,51.00,44.00,sitting_up
129580,-0.98,-0.01,0.03,1.83,1.16,0.06,-46.00,51.00,37.00,sitting_up
129673,-0.97,-0.01,0.04,-0.55,-0.49,-0.24,-49.00,47.00,40.00,sitting_up
129779,-0.98,-0.01,0.03,0.31,-1.28,-0.06,-48.00,49.00,32.00,sitting_up
129872,-0.98,-0.01,0.03,-0.73,0.00,-0.12,-49.00,51.00,38.00,sitting_up
129978,-0.98,-0.01,0.04,0.18,0.12,0.00,-48.00,52.00,37.00,sitting_up
130071,-0.98,-0.01,0.03,-0.55,0.43,-0.24,-47.00,53.00,39.00,sitting_up
