time_ms,mx,my,mz
459641,77.00,-16.00,-41.00
459661,0.00,0.00,0.00
459681,0.00,0.00,0.00
459701,0.00,0.00,0.00
459721,0.00,0.00,0.00
459741,73.00,-17.00,-41.00
459761,0.00,0.00,0.00
459781,0.00,0.00,0.00
459801,0.00,0.00,0.00
459821,0.00,0.00,0.00
459841,74.00,-17.00,-40.00
459861,0.00,0.00,0.00
459881,0.00,0.00,0.00
459901,0.00,0.00,0.00
459921,0.00,0.00,0.00
459941,72.00,-17.00,-44.00
459961,0.00,0.00,0.00
459981,0.00,0.00,0.00
460001,0.00,0.00,0.00
460021,0.00,0.00,0.00
460041,74.00,-16.00,-43.00
460061,0.00,0.00,0.00
460081,0.00,0.00,0.00
460101,0.00,0.00,0.00
460121,0.00,0.00,0.00
460141,75.00,-14.00,-43.00
460161,0.00,0.00,0.00
460181,0.00,0.00,0.00
460201,0.00,0.00,0.00
460221,0.00,0.00,0.00
460241,74.00,-15.00,-43.00
460261,0.00,0.00,0.00
460281,0.00,0.00,0.00
460301,0.00,0.00,0.00
460321,0.00,0.00,0.00
460341,75.00,-15.00,-44.00
460361,0.00,0.00,0.00
460381,0.00,0.00,0.00
460401,0.00,0.00,0.00
460421,0.00,0.00,0.00
460441,74.00,-17.00,-41.00
460461,0.00,0.00,0.00
460481,0.00,0.00,0.00
460501,0.00,0.00,0.00
460521,0.00,0.00,0.00
460541,76.00,-14.00,-42.00
460561,0.00,0.00,0.00
460581,0.00,0.00,0.00
460601,0.00,0.00,0.00
460621,0.00,0.00,0.00
460641,73.00,-14.00,-42.00
460661,0.00,0.00,0.00
460681,0.00,0.00,0.00
460701,0.00,0.00,0.00
460721,0.00,0.00,0.00
460741,74.00,-17.00,-45.00
460761,0.00,0.00,0.00
460781,0.00,0.00,0.00
460801,0.00,0.00,0.00
460821,0.00,0.00,0.00
460841,74.00,-18.00,-43.00
460861,0.00,0.00,0.00
460881,0.00,0.00,0.00
460901,0.00,0.00,0.00
460921,0.00,0.00,0.00
460941,76.00,-14.00,-44.00
460961,0.00,0.00,0.00
460981,0.00,0.00,0.00
461001,0.00,0.00,0.00
461021,0.00,0.00,0.00
461041,75.00,-16.00,-44.00
461061,0.00,0.00,0.00
461081,0.00,0.00,0.00
461101,0.00,0.00,0.00
461121,0.00,0.00,0.00
461141,74.00,-16.00,-46.00
461161,0.00,0.00,0.00
461181,0.00,0.00,0.00
461201,0.00,0.00,0.00
461221,0.00,0.00,0.00
461241,72.00,-18.00,-41.00
461261,0.00,0.00,0.00
461281,0.00,0.00,0.00
461301,0.00,0.00,0.00
461321,71.00,-15.00,-40.00
461341,0.00,0.00,0.00
461361,0.00,0.00,0.00
461381,0.00,0.00,0.00
461401,0.00,0.00,0.00
461421,75.00,-16.00,-43.00
461441,0.00,0.00,0.00
461461,0.00,0.00,0.00
461481,0.00,0.00,0.00
461501,0.00,0.00,0.00
461521,75.00,-17.00,-40.00
461541,0.00,0.00,0.00
461561,0.00,0.00,0.00
461581,0.00,0.00,0.00
461601,0.00,0.00,0.00
461621,74.00,-17.00,-40.00
461641,0.00,0.00,0.00
461661,0.00,0.00,0.00
461681,0.00,0.00,0.00
461701,0.00,0.00,0.00
461721,75.00,-16.00,-38.00
461741,0.00,0.00,0.00
461761,0.00,0.00,0.00
461781,0.00,0.00,0.00
461801,0.00,0.00,0.00
461821,75.00,-15.00,-42.00
461841,0.00,0.00,0.00
461861,0.00,0.00,0.00
461881,0.00,0.00,0.00
461901,0.00,0.00,0.00
461921,75.00,-17.00,-45.00
461941,0.00,0.00,0.00
461961,0.00,0.00,0.00
461981,0.00,0.00,0.00
462001,0.00,0.00,0.00
462021,73.00,-15.00,-43.00
462041,0.00,0.00,0.00
462061,0.00,0.00,0.00
462081,0.00,0.00,0.00
462101,0.00,0.00,0.00
462121,72.00,-15.00,-47.00
462141,0.00,0.00,0.00
462161,0.00,0.00,0.00
462181,0.00,0.00,0.00
462201,0.00,0.00,0.00
462221,74.00,-17.00,-41.00
462241,0.00,0.00,0.00
462261,0.00,0.00,0.00
462281,0.00,0.00,0.00
462301,0.00,0.00,0.00
462321,76.00,-17.00,-41.00
462341,0.00,0.00,0.00
462361,0.00,0.00,0.00
462381,0.00,0.00,0.00
462401,0.00,0.00,0.00
462421,75.00,-16.00,-46.00
462441,0.00,0.00,0.00
462461,0.00,0.00,0.00
462481,0.00,0.00,0.00
462501,0.00,0.00,0.00
462521,74.00,-16.00,-44.00
462541,0.00,0.00,0.00
462561,0.00,0.00,0.00
462581,0.00,0.00,0.00
462601,0.00,0.00,0.00
462621,74.00,-15.00,-43.00
462641,0.00,0.00,0.00
462661,0.00,0.00,0.00
462681,0.00,0.00,0.00
462701,0.00,0.00,0.00
462721,75.00,-16.00,-39.00
462741,0.00,0.00,0.00
462761,0.00,0.00,0.00
462781,0.00,0.00,0.00
462801,0.00,0.00,0.00
462821,74.00,-17.00,-37.00
462841,0.00,0.00,0.00
462861,0.00,0.00,0.00
462881,0.00,0.00,0.00
462901,0.00,0.00,0.00
462921,73.00,-15.00,-41.00
462941,0.00,0.00,0.00
462961,0.00,0.00,0.00
462981,0.00,0.00,0.00
463001,0.00,0.00,0.00
463021,74.00,-16.00,-41.00
463041,0.00,0.00,0.00
463061,0.00,0.00,0.00
463081,0.00,0.00,0.00
463101,0.00,0.00,0.00
463121,75.00,-17.00,-44.00
463141,0.00,0.00,0.00
463161,0.00,0.00,0.00
463181,0.00,0.00,0.00
463201,0.00,0.00,0.00
463221,71.00,-15.00,-45.00
463241,0.00,0.00,0.00
463261,0.00,0.00,0.00
463281,0.00,0.00,0.00
463301,0.00,0.00,0.00
463321,72.00,-15.00,-40.00
463341,0.00,0.00,0.00
463361,0.00,0.00,0.00
463381,0.00,0.00,0.00
463401,0.00,0.00,0.00
463421,74.00,-15.00,-45.00
463441,0.00,0.00,0.00
463461,0.00,0.00,0.00
463481,0.00,0.00,0.00
463501,74.00,-15.00,-41.00
463521,0.00,0.00,0.00
463541,0.00,0.00,0.00
463561,0.00,0.00,0.00
463581,0.00,0.00,0.00
463601,73.00,-17.00,-39.00
463621,0.00,0.00,0.00
463641,0.00,0.00,0.00
463661,0.00,0.00,0.00
463681,0.00,0.00,0.00
463701,75.00,-15.00,-43.00
463721,0.00,0.00,0.00
463741,0.00,0.00,0.00
463761,0.00,0.00,0.00
463781,0.00,0.00,0.00
463801,76.00,-18.00,-44.00
463821,0.00,0.00,0.00
463841,0.00,0.00,0.00
463861,0.00,0.00,0.00
463881,0.00,0.00,0.00
463901,73.00,-17.00,-44.00
463921,0.00,0.00,0.00
463941,0.00,0.00,0.00
463961,0.00,0.00,0.00
463981,0.00,0.00,0.00
464001,76.00,-14.00,-44.00
464021,0.00,0.00,0.00
464041,0.00,0.00,0.00
464061,0.00,0.00,0.00
464081,0.00,0.00,0.00
464101,76.00,-18.00,-39.00
464121,0.00,0.00,0.00
464141,0.00,0.00,0.00
464161,0.00,0.00,0.00
464181,0.00,0.00,0.00
464201,72.00,-14.00,-37.00
464221,0.00,0.00,0.00
464241,0.00,0.00,0.00
464261,0.00,0.00,0.00
464281,0.00,0.00,0.00
464301,73.00,-16.00,-41.00
464321,0.00,0.00,0.00
464341,0.00,0.00,0.00
464361,0.00,0.00,0.00
464381,0.00,0.00,0.00
464401,76.00,-16.00,-48.00
464421,0.00,0.00,0.00
464441,0.00,0.00,0.00
464461,0.00,0.00,0.00
464481,0.00,0.00,0.00
464501,76.00,-15.00,-41.00
464521,0.00,0.00,0.00
464541,0.00,0.00,0.00
464561,0.00,0.00,0.00
464581,0.00,0.00,0.00
464601,73.00,-15.00,-46.00
464621,0.00,0.00,0.00
464641,0.00,0.00,0.00
464661,0.00,0.00,0.00
464681,0.00,0.00,0.00
464701,75.00,-15.00,-44.00
464721,0.00,0.00,0.00
464741,0.00,0.00,0.00
464761,0.00,0.00,0.00
464781,0.00,0.00,0.00
464801,74.00,-14.00,-47.00
464821,0.00,0.00,0.00
464841,0.00,0.00,0.00
464861,0.00,0.00,0.00
464881,0.00,0.00,0.00
464901,78.00,-15.00,-42.00
464921,0.00,0.00,0.00
464941,0.00,0.00,0.00
464961,0.00,0.00,0.00
464981,0.00,0.00,0.00
465001,77.00,-15.00,-49.00
465021,0.00,0.00,0.00
465041,0.00,0.00,0.00
465061,0.00,0.00,0.00
465081,0.00,0.00,0.00
465101,73.00,-14.00,-44.00
465121,0.00,0.00,0.00
465141,0.00,0.00,0.00
465161,0.00,0.00,0.00
465181,0.00,0.00,0.00
465201,75.00,-14.00,-45.00
465221,0.00,0.00,0.00
465241,0.00,0.00,0.00
465261,0.00,0.00,0.00
465281,0.00,0.00,0.00
465301,76.00,-16.00,-38.00
465321,0.00,0.00,0.00
465341,0.00,0.00,0.00
465361,0.00,0.00,0.00
465381,0.00,0.00,0.00
465401,74.00,-17.00,-45.00
465421,0.00,0.00,0.00
465441,0.00,0.00,0.00
465461,0.00,0.00,0.00
465481,0.00,0.00,0.00
465501,77.00,-16.00,-47.00
465521,0.00,0.00,0.00
465541,0.00,0.00,0.00
465561,0.00,0.00,0.00
465581,0.00,0.00,0.00
465601,74.00,-16.00,-42.00
465621,0.00,0.00,0.00
465641,0.00,0.00,0.00
465661,0.00,0.00,0.00
465681,74.00,-16.00,-47.00
465701,0.00,0.00,0.00
465721,0.00,0.00,0.00
465741,0.00,0.00,0.00
465761,0.00,0.00,0.00
465781,72.00,-17.00,-44.00
465801,0.00,0.00,0.00
465821,0.00,0.00,0.00
465841,0.00,0.00,0.00
465861,0.00,0.00,0.00
465881,74.00,-18.00,-45.00
465901,0.00,0.00,0.00
465921,0.00,0.00,0.00
465941,0.00,0.00,0.00
465961,0.00,0.00,0.00
465981,72.00,-14.00,-43.00
466001,0.00,0.00,0.00
466021,0.00,0.00,0.00
466041,0.00,0.00,0.00
466061,0.00,0.00,0.00
466081,74.00,-15.00,-45.00
466101,0.00,0.00,0.00
466121,0.00,0.00,0.00
466141,0.00,0.00,0.00
466161,0.00,0.00,0.00
466181,74.00,-16.00,-39.00
466201,0.00,0.00,0.00
466221,0.00,0.00,0.00
466241,0.00,0.00,0.00
466261,0.00,0.00,0.00
466281,73.00,-15.00,-40.00
466301,0.00,0.00,0.00
466321,0.00,0.00,0.00
466341,0.00,0.00,0.00
466361,0.00,0.00,0.00
466381,75.00,-16.00,-41.00
466401,0.00,0.00,0.00
466421,0.00,0.00,0.00
466441,0.00,0.00,0.00
466461,0.00,0.00,0.00
466481,75.00,-16.00,-41.00
466501,0.00,0.00,0.00
466521,0.00,0.00,0.00
466541,0.00,0.00,0.00
466561,0.00,0.00,0.00
466581,71.00,-16.00,-44.00
466601,0.00,0.00,0.00
466621,0.00,0.00,0.00
466641,0.00,0.00,0.00
466661,0.00,0.00,0.00
466681,75.00,-12.00,-42.00
466701,0.00,0.00,0.00
466721,0.00,0.00,0.00
466741,0.00,0.00,0.00
466761,0.00,0.00,0.00
466781,73.00,-15.00,-45.00
466801,0.00,0.00,0.00
466821,0.00,0.00,0.00
466841,0.00,0.00,0.00
466861,0.00,0.00,0.00
466881,76.00,-16.00,-42.00
466901,0.00,0.00,0.00
466921,0.00,0.00,0.00
466941,0.00,0.00,0.00
466961,0.00,0.00,0.00
466981,73.00,-15.00,-47.00
467001,0.00,0.00,0.00
467021,0.00,0.00,0.00
467041,0.00,0.00,0.00
467061,0.00,0.00,0.00
467081,74.00,-16.00,-47.00
467101,0.00,0.00,0.00
467121,0.00,0.00,0.00
467141,0.00,0.00,0.00
467161,0.00,0.00,0.00
467181,74.00,-15.00,-43.00
467201,0.00,0.00,0.00
467221,0.00,0.00,0.00
467241,0.00,0.00,0.00
467261,0.00,0.00,0.00
467281,76.00,-15.00,-44.00
467301,0.00,0.00,0.00
467321,0.00,0.00,0.00
467341,0.00,0.00,0.00
467361,0.00,0.00,0.00
467381,75.00,-17.00,-47.00
467401,0.00,0.00,0.00
467421,0.00,0.00,0.00
467441,0.00,0.00,0.00
467461,0.00,0.00,0.00
467481,74.00,-15.00,-43.00
467501,0.00,0.00,0.00
467521,0.00,0.00,0.00
467541,0.00,0.00,0.00
467561,0.00,0.00,0.00
467581,72.00,-14.00,-37.00
467601,0.00,0.00,0.00
467621,0.00,0.00,0.00
467641,0.00,0.00,0.00
467661,0.00,0.00,0.00
467681,73.00,-16.00,-41.00
467701,0.00,0.00,0.00
467721,0.00,0.00,0.00
467741,0.00,0.00,0.00
467761,71.00,-15.00,-45.00
467781,0.00,0.00,0.00
467801,0.00,0.00,0.00
467821,0.00,0.00,0.00
467841,0.00,0.00,0.00
467861,74.00,-15.00,-39.00
467881,0.00,0.00,0.00
467901,0.00,0.00,0.00
467921,0.00,0.00,0.00
467941,0.00,0.00,0.00
467961,75.00,-14.00,-45.00
467981,0.00,0.00,0.00
468001,0.00,0.00,0.00
468021,0.00,0.00,0.00
468041,0.00,0.00,0.00
468061,74.00,-16.00,-38.00
468081,0.00,0.00,0.00
468101,0.00,0.00,0.00
468121,0.00,0.00,0.00
468141,0.00,0.00,0.00
468161,74.00,-12.00,-43.00
468181,0.00,0.00,0.00
468201,0.00,0.00,0.00
468221,0.00,0.00,0.00
468241,0.00,0.00,0.00
468261,73.00,-17.00,-43.00
468281,0.00,0.00,0.00
468301,0.00,0.00,0.00
468321,0.00,0.00,0.00
468341,0.00,0.00,0.00
468361,75.00,-18.00,-39.00
468381,0.00,0.00,0.00
468401,0.00,0.00,0.00
468421,0.00,0.00,0.00
468441,0.00,0.00,0.00
468461,75.00,-15.00,-43.00
468481,0.00,0.00,0.00
468501,0.00,0.00,0.00
468521,0.00,0.00,0.00
468541,0.00,0.00,0.00
468561,74.00,-14.00,-41.00
468581,0.00,0.00,0.00
468601,0.00,0.00,0.00
468621,0.00,0.00,0.00
468641,0.00,0.00,0.00
468661,74.00,-17.00,-43.00
468681,0.00,0.00,0.00
468701,0.00,0.00,0.00
468721,0.00,0.00,0.00
468741,0.00,0.00,0.00
468761,78.00,-16.00,-40.00
468781,0.00,0.00,0.00
468801,0.00,0.00,0.00
468821,0.00,0.00,0.00
468841,0.00,0.00,0.00
468861,76.00,-15.00,-42.00
468881,0.00,0.00,0.00
468901,0.00,0.00,0.00
468921,0.00,0.00,0.00
468941,0.00,0.00,0.00
468961,76.00,-17.00,-40.00
468981,0.00,0.00,0.00
469001,0.00,0.00,0.00
469021,0.00,0.00,0.00
469041,0.00,0.00,0.00
469061,72.00,-16.00,-43.00
469081,0.00,0.00,0.00
469101,0.00,0.00,0.00
469121,0.00,0.00,0.00
469141,0.00,0.00,0.00
469161,74.00,-15.00,-42.00
469181,0.00,0.00,0.00
469201,0.00,0.00,0.00
469221,0.00,0.00,0.00
469241,0.00,0.00,0.00
469261,74.00,-17.00,-40.00
469281,0.00,0.00,0.00
469301,0.00,0.00,0.00
469321,0.00,0.00,0.00
469341,0.00,0.00,0.00
469361,75.00,-15.00,-43.00
469381,0.00,0.00,0.00
469401,0.00,0.00,0.00
469421,0.00,0.00,0.00
469441,0.00,0.00,0.00
469461,75.00,-14.00,-39.00
469481,0.00,0.00,0.00
469501,0.00,0.00,0.00
469521,0.00,0.00,0.00
469541,0.00,0.00,0.00
469561,73.00,-14.00,-43.00
469581,0.00,0.00,0.00
469601,0.00,0.00,0.00
469621,0.00,0.00,0.00
469641,0.00,0.00,0.00
469661,74.00,-16.00,-40.00
469681,0.00,0.00,0.00
469701,0.00,0.00,0.00
469721,0.00,0.00,0.00
469741,0.00,0.00,0.00
469761,73.00,-17.00,-39.00
469781,0.00,0.00,0.00
469801,0.00,0.00,0.00
469821,0.00,0.00,0.00
469841,0.00,0.00,0.00
469861,75.00,-15.00,-44.00
469881,0.00,0.00,0.00
469901,0.00,0.00,0.00
469921,0.00,0.00,0.00
469941,74.00,-17.00,-41.00
469961,0.00,0.00,0.00
469981,0.00,0.00,0.00
470001,0.00,0.00,0.00
470021,0.00,0.00,0.00
470041,72.00,-13.00,-36.00
470061,0.00,0.00,0.00
470081,0.00,0.00,0.00
470101,0.00,0.00,0.00
470121,0.00,0.00,0.00
470141,74.00,-15.00,-41.00
470161,0.00,0.00,0.00
470181,0.00,0.00,0.00
470201,0.00,0.00,0.00
470221,0.00,0.00,0.00
470241,73.00,-14.00,-43.00
470261,0.00,0.00,0.00
470281,0.00,0.00,0.00
470301,0.00,0.00,0.00
470321,0.00,0.00,0.00
470341,75.00,-15.00,-39.00
470361,0.00,0.00,0.00
470381,0.00,0.00,0.00
470401,0.00,0.00,0.00
470421,0.00,0.00,0.00
470441,74.00,-17.00,-41.00
470461,0.00,0.00,0.00
470481,0.00,0.00,0.00
470501,0.00,0.00,0.00
470521,0.00,0.00,0.00
470541,71.00,-13.00,-48.00
470561,0.00,0.00,0.00
470581,0.00,0.00,0.00
470601,0.00,0.00,0.00
470621,0.00,0.00,0.00
470641,74.00,-14.00,-40.00
470661,0.00,0.00,0.00
470681,0.00,0.00,0.00
470701,0.00,0.00,0.00
470721,0.00,0.00,0.00
470741,76.00,-14.00,-38.00
470761,0.00,0.00,0.00
470781,0.00,0.00,0.00
470801,0.00,0.00,0.00
470821,0.00,0.00,0.00
470841,74.00,-15.00,-41.00
470861,0.00,0.00,0.00
470881,0.00,0.00,0.00
470901,0.00,0.00,0.00
470921,0.00,0.00,0.00
470941,74.00,-15.00,-40.00
470961,0.00,0.00,0.00
470981,0.00,0.00,0.00
471001,0.00,0.00,0.00
471021,0.00,0.00,0.00
471041,72.00,-15.00,-54.00
471061,0.00,0.00,0.00
471081,0.00,0.00,0.00
471101,0.00,0.00,0.00
471121,0.00,0.00,0.00
471141,72.00,-14.00,-52.00
471161,0.00,0.00,0.00
471181,0.00,0.00,0.00
471201,0.00,0.00,0.00
471221,0.00,0.00,0.00
471241,70.00,-14.00,-52.00
471261,0.00,0.00,0.00
471281,0.00,0.00,0.00
471301,0.00,0.00,0.00
471321,0.00,0.00,0.00
471341,65.00,-17.00,-51.00
471361,0.00,0.00,0.00
471381,0.00,0.00,0.00
471401,0.00,0.00,0.00
471421,0.00,0.00,0.00
471441,66.00,-14.00,-58.00
471461,0.00,0.00,0.00
471481,0.00,0.00,0.00
471501,0.00,0.00,0.00
471521,0.00,0.00,0.00
471541,65.00,-14.00,-59.00
471561,0.00,0.00,0.00
471581,0.00,0.00,0.00
471601,0.00,0.00,0.00
471621,0.00,0.00,0.00
471641,64.00,-15.00,-57.00
471661,0.00,0.00,0.00
471681,0.00,0.00,0.00
471701,0.00,0.00,0.00
471721,0.00,0.00,0.00
471741,65.00,-14.00,-57.00
471761,0.00,0.00,0.00
471781,0.00,0.00,0.00
471801,0.00,0.00,0.00
471821,0.00,0.00,0.00
471841,64.00,-12.00,-57.00
471861,0.00,0.00,0.00
471881,0.00,0.00,0.00
471901,0.00,0.00,0.00
471921,0.00,0.00,0.00
471941,64.00,-14.00,-52.00
471961,0.00,0.00,0.00
471981,0.00,0.00,0.00
472001,0.00,0.00,0.00
472021,72.00,-15.00,-41.00
472041,0.00,0.00,0.00
472061,0.00,0.00,0.00
472081,0.00,0.00,0.00
472101,0.00,0.00,0.00
472121,69.00,-14.00,-45.00
472141,0.00,0.00,0.00
472161,0.00,0.00,0.00
472181,0.00,0.00,0.00
472201,0.00,0.00,0.00
472221,72.00,-11.00,-47.00
472241,0.00,0.00,0.00
472261,0.00,0.00,0.00
472281,0.00,0.00,0.00
472301,0.00,0.00,0.00
472321,71.00,-12.00,-46.00
472341,0.00,0.00,0.00
472361,0.00,0.00,0.00
472381,0.00,0.00,0.00
472401,0.00,0.00,0.00
472421,71.00,-14.00,-49.00
472441,0.00,0.00,0.00
472461,0.00,0.00,0.00
472481,0.00,0.00,0.00
472501,0.00,0.00,0.00
472521,73.00,-14.00,-53.00
472541,0.00,0.00,0.00
472561,0.00,0.00,0.00
472581,0.00,0.00,0.00
472601,0.00,0.00,0.00
472621,66.00,-16.00,-54.00
472641,0.00,0.00,0.00
472661,0.00,0.00,0.00
472681,0.00,0.00,0.00
472701,0.00,0.00,0.00
472721,64.00,-17.00,-56.00
472741,0.00,0.00,0.00
472761,0.00,0.00,0.00
472781,0.00,0.00,0.00
472801,0.00,0.00,0.00
472821,59.00,-13.00,-59.00
472841,0.00,0.00,0.00
472861,0.00,0.00,0.00
472881,0.00,0.00,0.00
472901,0.00,0.00,0.00
472921,61.00,-14.00,-68.00
472941,0.00,0.00,0.00
472961,0.00,0.00,0.00
472981,0.00,0.00,0.00
473001,0.00,0.00,0.00
473021,60.00,-12.00,-59.00
473041,0.00,0.00,0.00
473061,0.00,0.00,0.00
473081,0.00,0.00,0.00
473101,0.00,0.00,0.00
473121,61.00,-13.00,-65.00
473141,0.00,0.00,0.00
473161,0.00,0.00,0.00
473181,0.00,0.00,0.00
473201,0.00,0.00,0.00
473221,63.00,-15.00,-67.00
473241,0.00,0.00,0.00
473261,0.00,0.00,0.00
473281,0.00,0.00,0.00
473301,0.00,0.00,0.00
473321,61.00,-14.00,-58.00
473341,0.00,0.00,0.00
473361,0.00,0.00,0.00
473381,0.00,0.00,0.00
473401,0.00,0.00,0.00
473421,61.00,-15.00,-62.00
473441,0.00,0.00,0.00
473461,0.00,0.00,0.00
473481,0.00,0.00,0.00
473501,0.00,0.00,0.00
473521,65.00,-14.00,-62.00
473541,0.00,0.00,0.00
473561,0.00,0.00,0.00
473581,0.00,0.00,0.00
473601,0.00,0.00,0.00
473621,61.00,-16.00,-60.00
473641,0.00,0.00,0.00
473661,0.00,0.00,0.00
473681,0.00,0.00,0.00
473701,0.00,0.00,0.00
473721,63.00,-15.00,-62.00
473741,0.00,0.00,0.00
473761,0.00,0.00,0.00
473781,0.00,0.00,0.00
473801,0.00,0.00,0.00
473821,61.00,-15.00,-59.00
473841,0.00,0.00,0.00
473861,0.00,0.00,0.00
473881,0.00,0.00,0.00
473901,0.00,0.00,0.00
473921,61.00,-14.00,-66.00
473941,0.00,0.00,0.00
473961,0.00,0.00,0.00
473981,0.00,0.00,0.00
474001,0.00,0.00,0.00
474021,59.00,-14.00,-63.00
474041,0.00,0.00,0.00
474061,0.00,0.00,0.00
474081,0.00,0.00,0.00
474101,0.00,0.00,0.00
474121,62.00,-15.00,-63.00
474141,0.00,0.00,0.00
474161,0.00,0.00,0.00
474181,0.00,0.00,0.00
474201,61.00,-16.00,-60.00
474221,0.00,0.00,0.00
474241,0.00,0.00,0.00
474261,0.00,0.00,0.00
474281,0.00,0.00,0.00
474301,62.00,-16.00,-61.00
474321,0.00,0.00,0.00
474341,0.00,0.00,0.00
474361,0.00,0.00,0.00
474381,0.00,0.00,0.00
474401,59.00,-14.00,-59.00
474421,0.00,0.00,0.00
474441,0.00,0.00,0.00
474461,0.00,0.00,0.00
474481,0.00,0.00,0.00
474501,62.00,-14.00,-57.00
474521,0.00,0.00,0.00
474541,0.00,0.00,0.00
474561,0.00,0.00,0.00
474581,0.00,0.00,0.00
474601,61.00,-13.00,-64.00
474621,0.00,0.00,0.00
474641,0.00,0.00,0.00
474661,0.00,0.00,0.00
474681,0.00,0.00,0.00
474701,65.00,-16.00,-54.00
474721,0.00,0.00,0.00
474741,0.00,0.00,0.00
474761,0.00,0.00,0.00
474781,0.00,0.00,0.00
474801,64.00,-13.00,-57.00
474821,0.00,0.00,0.00
474841,0.00,0.00,0.00
474861,0.00,0.00,0.00
474881,0.00,0.00,0.00
474901,63.00,-13.00,-54.00
474921,0.00,0.00,0.00
474941,0.00,0.00,0.00
474961,0.00,0.00,0.00
474981,0.00,0.00,0.00
475001,64.00,-15.00,-66.00
475021,0.00,0.00,0.00
475041,0.00,0.00,0.00
475061,0.00,0.00,0.00
475081,0.00,0.00,0.00
475101,65.00,-11.00,-59.00
475121,0.00,0.00,0.00
475141,0.00,0.00,0.00
475161,0.00,0.00,0.00
475181,0.00,0.00,0.00
475201,64.00,-13.00,-61.00
475221,0.00,0.00,0.00
475241,0.00,0.00,0.00
475261,0.00,0.00,0.00
475281,0.00,0.00,0.00
475301,63.00,-12.00,-57.00
475321,0.00,0.00,0.00
475341,0.00,0.00,0.00
475361,0.00,0.00,0.00
475381,0.00,0.00,0.00
475401,66.00,-11.00,-57.00
475421,0.00,0.00,0.00
475441,0.00,0.00,0.00
475461,0.00,0.00,0.00
475481,0.00,0.00,0.00
475501,63.00,-10.00,-57.00
475521,0.00,0.00,0.00
475541,0.00,0.00,0.00
475561,0.00,0.00,0.00
475581,0.00,0.00,0.00
475601,63.00,-13.00,-58.00
475621,0.00,0.00,0.00
475641,0.00,0.00,0.00
475661,0.00,0.00,0.00
475681,0.00,0.00,0.00
475701,62.00,-13.00,-55.00
475721,0.00,0.00,0.00
475741,0.00,0.00,0.00
475761,0.00,0.00,0.00
475781,0.00,0.00,0.00
475801,64.00,-12.00,-59.00
475821,0.00,0.00,0.00
475841,0.00,0.00,0.00
475861,0.00,0.00,0.00
475881,0.00,0.00,0.00
475901,64.00,-12.00,-54.00
475921,0.00,0.00,0.00
475941,0.00,0.00,0.00
475961,0.00,0.00,0.00
475981,0.00,0.00,0.00
476001,64.00,-12.00,-60.00
476021,0.00,0.00,0.00
476041,0.00,0.00,0.00
476061,0.00,0.00,0.00
476081,0.00,0.00,0.00
476101,64.00,-12.00,-62.00
476121,0.00,0.00,0.00
476141,0.00,0.00,0.00
476161,0.00,0.00,0.00
476181,0.00,0.00,0.00
476201,65.00,-14.00,-57.00
476221,0.00,0.00,0.00
476241,0.00,0.00,0.00
476261,0.00,0.00,0.00
476281,62.00,-13.00,-58.00
476301,0.00,0.00,0.00
476321,0.00,0.00,0.00
476341,0.00,0.00,0.00
476361,0.00,0.00,0.00
476381,63.00,-12.00,-58.00
476401,0.00,0.00,0.00
476421,0.00,0.00,0.00
476441,0.00,0.00,0.00
476461,0.00,0.00,0.00
476481,64.00,-10.00,-56.00
476501,0.00,0.00,0.00
476521,0.00,0.00,0.00
476541,0.00,0.00,0.00
476561,0.00,0.00,0.00
476581,63.00,-12.00,-54.00
476601,0.00,0.00,0.00
476621,0.00,0.00,0.00
476641,0.00,0.00,0.00
476661,0.00,0.00,0.00
476681,65.00,-10.00,-59.00
476701,0.00,0.00,0.00
476721,0.00,0.00,0.00
476741,0.00,0.00,0.00
476761,0.00,0.00,0.00
476781,61.00,-12.00,-56.00
476801,0.00,0.00,0.00
476821,0.00,0.00,0.00
476841,0.00,0.00,0.00
476861,0.00,0.00,0.00
476881,62.00,-11.00,-54.00
476901,0.00,0.00,0.00
476921,0.00,0.00,0.00
476941,0.00,0.00,0.00
476961,0.00,0.00,0.00
476981,61.00,-8.00,-65.00
477001,0.00,0.00,0.00
477021,0.00,0.00,0.00
477041,0.00,0.00,0.00
477061,0.00,0.00,0.00
477081,62.00,-8.00,-62.00
477101,0.00,0.00,0.00
477121,0.00,0.00,0.00
477141,0.00,0.00,0.00
477161,0.00,0.00,0.00
477181,63.00,-12.00,-61.00
477201,0.00,0.00,0.00
477221,0.00,0.00,0.00
477241,0.00,0.00,0.00
477261,0.00,0.00,0.00
477281,63.00,-8.00,-59.00
477301,0.00,0.00,0.00
477321,0.00,0.00,0.00
477341,0.00,0.00,0.00
477361,0.00,0.00,0.00
477381,65.00,-11.00,-58.00
477401,0.00,0.00,0.00
477421,0.00,0.00,0.00
477441,0.00,0.00,0.00
477461,0.00,0.00,0.00
477481,62.00,-11.00,-61.00
477501,0.00,0.00,0.00
477521,0.00,0.00,0.00
477541,0.00,0.00,0.00
477561,0.00,0.00,0.00
477581,65.00,-10.00,-66.00
477601,0.00,0.00,0.00
477621,0.00,0.00,0.00
477641,0.00,0.00,0.00
477661,0.00,0.00,0.00
477681,60.00,-9.00,-64.00
477701,0.00,0.00,0.00
477721,0.00,0.00,0.00
477741,0.00,0.00,0.00
477761,0.00,0.00,0.00
477781,60.00,-10.00,-59.00
477801,0.00,0.00,0.00
477821,0.00,0.00,0.00
477841,0.00,0.00,0.00
477861,0.00,0.00,0.00
477881,62.00,-11.00,-59.00
477901,0.00,0.00,0.00
477921,0.00,0.00,0.00
477941,0.00,0.00,0.00
477961,0.00,0.00,0.00
477981,64.00,-10.00,-60.00
478001,0.00,0.00,0.00
478021,0.00,0.00,0.00
478041,0.00,0.00,0.00
478061,0.00,0.00,0.00
478081,64.00,-7.00,-55.00
478101,0.00,0.00,0.00
478121,0.00,0.00,0.00
478141,0.00,0.00,0.00
478161,0.00,0.00,0.00
478181,63.00,-9.00,-61.00
478201,0.00,0.00,0.00
478221,0.00,0.00,0.00
478241,0.00,0.00,0.00
478261,0.00,0.00,0.00
478281,62.00,-8.00,-53.00
478301,0.00,0.00,0.00
478321,0.00,0.00,0.00
478341,0.00,0.00,0.00
478361,0.00,0.00,0.00
478381,63.00,-9.00,-57.00
478401,0.00,0.00,0.00
478421,0.00,0.00,0.00
478441,0.00,0.00,0.00
478461,63.00,-12.00,-58.00
478481,0.00,0.00,0.00
478501,0.00,0.00,0.00
478521,0.00,0.00,0.00
478541,0.00,0.00,0.00
478561,65.00,-11.00,-56.00
478581,0.00,0.00,0.00
478601,0.00,0.00,0.00
478621,0.00,0.00,0.00
478641,0.00,0.00,0.00
478661,61.00,-12.00,-62.00
478681,0.00,0.00,0.00
478701,0.00,0.00,0.00
478721,0.00,0.00,0.00
478741,0.00,0.00,0.00
478761,64.00,-12.00,-57.00
478781,0.00,0.00,0.00
478801,0.00,0.00,0.00
478821,0.00,0.00,0.00
478841,0.00,0.00,0.00
478861,65.00,-10.00,-56.00
478881,0.00,0.00,0.00
478901,0.00,0.00,0.00
478921,0.00,0.00,0.00
478941,0.00,0.00,0.00
478961,65.00,-10.00,-59.00
478981,0.00,0.00,0.00
479001,0.00,0.00,0.00
479021,0.00,0.00,0.00
479041,0.00,0.00,0.00
479061,66.00,-12.00,-55.00
479081,0.00,0.00,0.00
479101,0.00,0.00,0.00
479121,0.00,0.00,0.00
479141,0.00,0.00,0.00
479161,65.00,-14.00,-57.00
479181,0.00,0.00,0.00
479201,0.00,0.00,0.00
479221,0.00,0.00,0.00
479241,0.00,0.00,0.00
479261,68.00,-13.00,-61.00
479281,0.00,0.00,0.00
479301,0.00,0.00,0.00
479321,0.00,0.00,0.00
479341,0.00,0.00,0.00
479361,64.00,-12.00,-61.00
479381,0.00,0.00,0.00
479401,0.00,0.00,0.00
479421,0.00,0.00,0.00
479441,0.00,0.00,0.00
479461,65.00,-12.00,-52.00
479481,0.00,0.00,0.00
479501,0.00,0.00,0.00
479521,0.00,0.00,0.00
479541,0.00,0.00,0.00
479561,68.00,-11.00,-54.00
479581,0.00,0.00,0.00
479601,0.00,0.00,0.00
479621,0.00,0.00,0.00
479641,0.00,0.00,0.00
479661,67.00,-11.00,-56.00
479681,0.00,0.00,0.00
479701,0.00,0.00,0.00
479721,0.00,0.00,0.00
479741,0.00,0.00,0.00
479761,65.00,-13.00,-53.00
479781,0.00,0.00,0.00
479801,0.00,0.00,0.00
479821,0.00,0.00,0.00
479841,0.00,0.00,0.00
479861,67.00,-10.00,-56.00
479881,0.00,0.00,0.00
479901,0.00,0.00,0.00
479921,0.00,0.00,0.00
479941,0.00,0.00,0.00
479961,68.00,-9.00,-51.00
479981,0.00,0.00,0.00
480001,0.00,0.00,0.00
480021,0.00,0.00,0.00
480041,0.00,0.00,0.00
480061,68.00,-12.00,-51.00
480081,0.00,0.00,0.00
480101,0.00,0.00,0.00
480121,0.00,0.00,0.00
480141,0.00,0.00,0.00
480161,68.00,-10.00,-52.00
480181,0.00,0.00,0.00
480201,0.00,0.00,0.00
480221,0.00,0.00,0.00
480241,0.00,0.00,0.00
480261,65.00,-9.00,-50.00
480281,0.00,0.00,0.00
480301,0.00,0.00,0.00
480321,0.00,0.00,0.00
480341,0.00,0.00,0.00
480361,67.00,-9.00,-58.00
480381,0.00,0.00,0.00
480401,0.00,0.00,0.00
480421,0.00,0.00,0.00
480441,0.00,0.00,0.00
480461,68.00,-9.00,-54.00
480481,0.00,0.00,0.00
480501,0.00,0.00,0.00
480521,0.00,0.00,0.00
480541,0.00,0.00,0.00
480561,66.00,-9.00,-52.00
480581,0.00,0.00,0.00
480601,0.00,0.00,0.00
480621,0.00,0.00,0.00
480641,65.00,-10.00,-51.00
480661,0.00,0.00,0.00
480681,0.00,0.00,0.00
480701,0.00,0.00,0.00
480721,0.00,0.00,0.00
480741,65.00,-9.00,-50.00
480761,0.00,0.00,0.00
480781,0.00,0.00,0.00
480801,0.00,0.00,0.00
480821,0.00,0.00,0.00
480841,65.00,-10.00,-52.00
480861,0.00,0.00,0.00
480881,0.00,0.00,0.00
480901,0.00,0.00,0.00
480921,0.00,0.00,0.00
480941,65.00,-14.00,-53.00
480961,0.00,0.00,0.00
480981,0.00,0.00,0.00
481001,0.00,0.00,0.00
481021,0.00,0.00,0.00
481041,66.00,-11.00,-53.00
481061,0.00,0.00,0.00
481081,0.00,0.00,0.00
481101,0.00,0.00,0.00
481121,0.00,0.00,0.00
481141,62.00,-11.00,-54.00
481161,0.00,0.00,0.00
481181,0.00,0.00,0.00
481201,0.00,0.00,0.00
481221,0.00,0.00,0.00
481241,64.00,-9.00,-55.00
481261,0.00,0.00,0.00
481281,0.00,0.00,0.00
481301,0.00,0.00,0.00
481321,0.00,0.00,0.00
481341,67.00,-9.00,-52.00
481361,0.00,0.00,0.00
481381,0.00,0.00,0.00
481401,0.00,0.00,0.00
481421,0.00,0.00,0.00
481441,65.00,-9.00,-50.00
481461,0.00,0.00,0.00
481481,0.00,0.00,0.00
481501,0.00,0.00,0.00
481521,0.00,0.00,0.00
481541,67.00,-11.00,-55.00
481561,0.00,0.00,0.00
481581,0.00,0.00,0.00
481601,0.00,0.00,0.00
481621,0.00,0.00,0.00
481641,65.00,-11.00,-53.00
481661,0.00,0.00,0.00
481681,0.00,0.00,0.00
481701,0.00,0.00,0.00
481721,0.00,0.00,0.00
481741,66.00,-10.00,-57.00
481761,0.00,0.00,0.00
481781,0.00,0.00,0.00
481801,0.00,0.00,0.00
481821,0.00,0.00,0.00
481841,66.00,-7.00,-52.00
481861,0.00,0.00,0.00
481881,0.00,0.00,0.00
481901,0.00,0.00,0.00
481921,0.00,0.00,0.00
481941,65.00,-9.00,-55.00
481961,0.00,0.00,0.00
481981,0.00,0.00,0.00
482001,0.00,0.00,0.00
482021,0.00,0.00,0.00
482041,67.00,-9.00,-57.00
482061,0.00,0.00,0.00
482081,0.00,0.00,0.00
482101,0.00,0.00,0.00
482121,0.00,0.00,0.00
482141,65.00,-8.00,-55.00
482161,0.00,0.00,0.00
482181,0.00,0.00,0.00
482201,0.00,0.00,0.00
482221,0.00,0.00,0.00
482241,65.00,-11.00,-58.00
482261,0.00,0.00,0.00
482281,0.00,0.00,0.00
482301,0.00,0.00,0.00
482321,0.00,0.00,0.00
482341,65.00,-9.00,-58.00
482361,0.00,0.00,0.00
482381,0.00,0.00,0.00
482401,0.00,0.00,0.00
482421,0.00,0.00,0.00
482441,66.00,-8.00,-59.00
482461,0.00,0.00,0.00
482481,0.00,0.00,0.00
482501,0.00,0.00,0.00
482521,0.00,0.00,0.00
482541,65.00,-7.00,-54.00
482561,0.00,0.00,0.00
482581,0.00,0.00,0.00
482601,0.00,0.00,0.00
482621,0.00,0.00,0.00
482641,64.00,-8.00,-50.00
482661,0.00,0.00,0.00
482681,0.00,0.00,0.00
482701,0.00,0.00,0.00
482721,67.00,-8.00,-58.00
482741,0.00,0.00,0.00
482761,0.00,0.00,0.00
482781,0.00,0.00,0.00
482801,0.00,0.00,0.00
482821,66.00,-9.00,-56.00
482841,0.00,0.00,0.00
482861,0.00,0.00,0.00
482881,0.00,0.00,0.00
482901,0.00,0.00,0.00
482921,65.00,-12.00,-55.00
482941,0.00,0.00,0.00
482961,0.00,0.00,0.00
482981,0.00,0.00,0.00
483001,0.00,0.00,0.00
483021,65.00,-8.00,-56.00
483041,0.00,0.00,0.00
483061,0.00,0.00,0.00
483081,0.00,0.00,0.00
483101,0.00,0.00,0.00
483121,65.00,-10.00,-54.00
483141,0.00,0.00,0.00
483161,0.00,0.00,0.00
483181,0.00,0.00,0.00
483201,0.00,0.00,0.00
483221,66.00,-8.00,-56.00
483241,0.00,0.00,0.00
483261,0.00,0.00,0.00
483281,0.00,0.00,0.00
483301,0.00,0.00,0.00
483321,67.00,-11.00,-54.00
483341,0.00,0.00,0.00
483361,0.00,0.00,0.00
483381,0.00,0.00,0.00
483401,0.00,0.00,0.00
483421,67.00,-8.00,-52.00
483441,0.00,0.00,0.00
483461,0.00,0.00,0.00
483481,0.00,0.00,0.00
483501,0.00,0.00,0.00
483521,64.00,-9.00,-57.00
483541,0.00,0.00,0.00
483561,0.00,0.00,0.00
483581,0.00,0.00,0.00
483601,0.00,0.00,0.00
483621,68.00,-11.00,-51.00
483641,0.00,0.00,0.00
483661,0.00,0.00,0.00
483681,0.00,0.00,0.00
483701,0.00,0.00,0.00
483721,66.00,-9.00,-55.00
483741,0.00,0.00,0.00
483761,0.00,0.00,0.00
483781,0.00,0.00,0.00
483801,0.00,0.00,0.00
483821,66.00,-10.00,-54.00
483841,0.00,0.00,0.00
483861,0.00,0.00,0.00
483881,0.00,0.00,0.00
483901,0.00,0.00,0.00
483921,65.00,-8.00,-53.00
483941,0.00,0.00,0.00
483961,0.00,0.00,0.00
483981,0.00,0.00,0.00
484001,0.00,0.00,0.00
484021,66.00,-8.00,-54.00
484041,0.00,0.00,0.00
484061,0.00,0.00,0.00
484081,0.00,0.00,0.00
484101,0.00,0.00,0.00
484121,67.00,-10.00,-58.00
484141,0.00,0.00,0.00
484161,0.00,0.00,0.00
484181,0.00,0.00,0.00
484201,0.00,0.00,0.00
484221,65.00,-8.00,-48.00
484241,0.00,0.00,0.00
484261,0.00,0.00,0.00
484281,0.00,0.00,0.00
484301,0.00,0.00,0.00
484321,66.00,-8.00,-59.00
484341,0.00,0.00,0.00
484361,0.00,0.00,0.00
484381,0.00,0.00,0.00
484401,0.00,0.00,0.00
484421,65.00,-9.00,-58.00
484441,0.00,0.00,0.00
484461,0.00,0.00,0.00
484481,0.00,0.00,0.00
484501,0.00,0.00,0.00
484521,66.00,-7.00,-52.00
484541,0.00,0.00,0.00
484561,0.00,0.00,0.00
484581,0.00,0.00,0.00
484601,0.00,0.00,0.00
484621,65.00,-10.00,-58.00
484641,0.00,0.00,0.00
484661,0.00,0.00,0.00
484681,0.00,0.00,0.00
484701,0.00,0.00,0.00
484721,65.00,-9.00,-59.00
484741,0.00,0.00,0.00
484761,0.00,0.00,0.00
484781,0.00,0.00,0.00
484801,0.00,0.00,0.00
484821,64.00,-8.00,-56.00
484841,0.00,0.00,0.00
484861,0.00,0.00,0.00
484881,0.00,0.00,0.00
484901,63.00,-9.00,-54.00
484921,0.00,0.00,0.00
484941,0.00,0.00,0.00
484961,0.00,0.00,0.00
484981,0.00,0.00,0.00
485001,64.00,-11.00,-59.00
485021,0.00,0.00,0.00
485041,0.00,0.00,0.00
485061,0.00,0.00,0.00
485081,0.00,0.00,0.00
485101,65.00,-8.00,-61.00
485121,0.00,0.00,0.00
485141,0.00,0.00,0.00
485161,0.00,0.00,0.00
485181,0.00,0.00,0.00
485201,65.00,-8.00,-59.00
485221,0.00,0.00,0.00
485241,0.00,0.00,0.00
485261,0.00,0.00,0.00
485281,0.00,0.00,0.00
485301,63.00,-11.00,-56.00
485321,0.00,0.00,0.00
485341,0.00,0.00,0.00
485361,0.00,0.00,0.00
485381,0.00,0.00,0.00
485401,64.00,-8.00,-64.00
485421,0.00,0.00,0.00
485441,0.00,0.00,0.00
485461,0.00,0.00,0.00
485481,0.00,0.00,0.00
485501,65.00,-10.00,-56.00
485521,0.00,0.00,0.00
485541,0.00,0.00,0.00
485561,0.00,0.00,0.00
485581,0.00,0.00,0.00
485601,64.00,-9.00,-55.00
485621,0.00,0.00,0.00
485641,0.00,0.00,0.00
485661,0.00,0.00,0.00
485681,0.00,0.00,0.00
485701,63.00,-7.00,-50.00
485721,0.00,0.00,0.00
485741,0.00,0.00,0.00
485761,0.00,0.00,0.00
485781,0.00,0.00,0.00
485801,66.00,-9.00,-54.00
485821,0.00,0.00,0.00
485841,0.00,0.00,0.00
485861,0.00,0.00,0.00
485881,0.00,0.00,0.00
485901,66.00,-8.00,-56.00
485921,0.00,0.00,0.00
485941,0.00,0.00,0.00
485961,0.00,0.00,0.00
485981,0.00,0.00,0.00
486001,67.00,-10.00,-51.00
486021,0.00,0.00,0.00
486041,0.00,0.00,0.00
486061,0.00,0.00,0.00
486081,0.00,0.00,0.00
486101,67.00,-11.00,-54.00
486121,0.00,0.00,0.00
486141,0.00,0.00,0.00
486161,0.00,0.00,0.00
486181,0.00,0.00,0.00
486201,68.00,-9.00,-59.00
486221,0.00,0.00,0.00
486241,0.00,0.00,0.00
486261,0.00,0.00,0.00
486281,0.00,0.00,0.00
486301,65.00,-11.00,-56.00
486321,0.00,0.00,0.00
486341,0.00,0.00,0.00
486361,0.00,0.00,0.00
486381,0.00,0.00,0.00
486401,65.00,-9.00,-49.00
486421,0.00,0.00,0.00
486441,0.00,0.00,0.00
486461,0.00,0.00,0.00
486481,0.00,0.00,0.00
486501,65.00,-10.00,-51.00
486521,0.00,0.00,0.00
486541,0.00,0.00,0.00
486561,0.00,0.00,0.00
486581,0.00,0.00,0.00
486601,67.00,-9.00,-53.00
486621,0.00,0.00,0.00
486641,0.00,0.00,0.00
486661,0.00,0.00,0.00
486681,0.00,0.00,0.00
486701,68.00,-11.00,-47.00
486721,0.00,0.00,0.00
486741,0.00,0.00,0.00
486761,0.00,0.00,0.00
486781,0.00,0.00,0.00
486801,66.00,-8.00,-45.00
486821,0.00,0.00,0.00
486841,0.00,0.00,0.00
486861,0.00,0.00,0.00
486881,0.00,0.00,0.00
486901,67.00,-11.00,-54.00
486921,0.00,0.00,0.00
486941,0.00,0.00,0.00
486961,0.00,0.00,0.00
486981,69.00,-11.00,-51.00
487001,0.00,0.00,0.00
487021,0.00,0.00,0.00
487041,0.00,0.00,0.00
487061,0.00,0.00,0.00
487081,68.00,-8.00,-48.00
487101,0.00,0.00,0.00
487121,0.00,0.00,0.00
487141,0.00,0.00,0.00
487161,0.00,0.00,0.00
487181,69.00,-11.00,-51.00
487201,0.00,0.00,0.00
487221,0.00,0.00,0.00
487241,0.00,0.00,0.00
487261,0.00,0.00,0.00
487281,69.00,-10.00,-50.00
487301,0.00,0.00,0.00
487321,0.00,0.00,0.00
487341,0.00,0.00,0.00
487361,0.00,0.00,0.00
487381,69.00,-8.00,-52.00
487401,0.00,0.00,0.00
487421,0.00,0.00,0.00
487441,0.00,0.00,0.00
487461,0.00,0.00,0.00
487481,68.00,-8.00,-50.00
487501,0.00,0.00,0.00
487521,0.00,0.00,0.00
487541,0.00,0.00,0.00
487561,0.00,0.00,0.00
487581,66.00,-9.00,-50.00
487601,0.00,0.00,0.00
487621,0.00,0.00,0.00
487641,0.00,0.00,0.00
487661,0.00,0.00,0.00
487681,71.00,-11.00,-48.00
487701,0.00,0.00,0.00
487721,0.00,0.00,0.00
487741,0.00,0.00,0.00
487761,0.00,0.00,0.00
487781,70.00,-9.00,-47.00
487801,0.00,0.00,0.00
487821,0.00,0.00,0.00
487841,0.00,0.00,0.00
487861,0.00,0.00,0.00
487881,69.00,-10.00,-52.00
487901,0.00,0.00,0.00
487921,0.00,0.00,0.00
487941,0.00,0.00,0.00
487961,0.00,0.00,0.00
487981,68.00,-10.00,-54.00
488001,0.00,0.00,0.00
488021,0.00,0.00,0.00
488041,0.00,0.00,0.00
488061,0.00,0.00,0.00
488081,68.00,-9.00,-52.00
488101,0.00,0.00,0.00
488121,0.00,0.00,0.00
488141,0.00,0.00,0.00
488161,0.00,0.00,0.00
488181,67.00,-10.00,-50.00
488201,0.00,0.00,0.00
488221,0.00,0.00,0.00
488241,0.00,0.00,0.00
488261,0.00,0.00,0.00
488281,68.00,-8.00,-48.00
488301,0.00,0.00,0.00
488321,0.00,0.00,0.00
488341,0.00,0.00,0.00
488361,0.00,0.00,0.00
488381,66.00,-11.00,-49.00
488401,0.00,0.00,0.00
488421,0.00,0.00,0.00
488441,0.00,0.00,0.00
488461,0.00,0.00,0.00
488481,68.00,-9.00,-53.00
488501,0.00,0.00,0.00
488521,0.00,0.00,0.00
488541,0.00,0.00,0.00
488561,0.00,0.00,0.00
488581,70.00,-9.00,-46.00
488601,0.00,0.00,0.00
488621,0.00,0.00,0.00
488641,0.00,0.00,0.00
488661,0.00,0.00,0.00
488681,70.00,-10.00,-48.00
488701,0.00,0.00,0.00
488721,0.00,0.00,0.00
488741,0.00,0.00,0.00
488761,0.00,0.00,0.00
488781,72.00,-11.00,-50.00
488801,0.00,0.00,0.00
488821,0.00,0.00,0.00
488841,0.00,0.00,0.00
488861,0.00,0.00,0.00
488881,69.00,-9.00,-48.00
488901,0.00,0.00,0.00
488921,0.00,0.00,0.00
488941,0.00,0.00,0.00
488961,0.00,0.00,0.00
488981,71.00,-13.00,-54.00
489001,0.00,0.00,0.00
489021,0.00,0.00,0.00
489041,0.00,0.00,0.00
489061,71.00,-11.00,-52.00
489081,0.00,0.00,0.00
489101,0.00,0.00,0.00
489121,0.00,0.00,0.00
489141,0.00,0.00,0.00
489161,69.00,-11.00,-49.00
489181,0.00,0.00,0.00
489201,0.00,0.00,0.00
489221,0.00,0.00,0.00
489241,0.00,0.00,0.00
489261,68.00,-8.00,-49.00
489281,0.00,0.00,0.00
489301,0.00,0.00,0.00
489321,0.00,0.00,0.00
489341,0.00,0.00,0.00
489361,69.00,-11.00,-51.00
489381,0.00,0.00,0.00
489401,0.00,0.00,0.00
489421,0.00,0.00,0.00
489441,0.00,0.00,0.00
489461,70.00,-10.00,-49.00
489481,0.00,0.00,0.00
489501,0.00,0.00,0.00
489521,0.00,0.00,0.00
489541,0.00,0.00,0.00
489561,68.00,-10.00,-52.00
489581,0.00,0.00,0.00
489601,0.00,0.00,0.00
489621,0.00,0.00,0.00
489641,0.00,0.00,0.00
489661,71.00,-9.00,-52.00
489681,0.00,0.00,0.00
489701,0.00,0.00,0.00
489721,0.00,0.00,0.00
489741,0.00,0.00,0.00
489761,67.00,-9.00,-52.00
489781,0.00,0.00,0.00
489801,0.00,0.00,0.00
489821,0.00,0.00,0.00
489841,0.00,0.00,0.00
489861,68.00,-11.00,-50.00
489881,0.00,0.00,0.00
489901,0.00,0.00,0.00
489921,0.00,0.00,0.00
489941,0.00,0.00,0.00
489961,68.00,-10.00,-50.00
489981,0.00,0.00,0.00
490001,0.00,0.00,0.00
490021,0.00,0.00,0.00
490041,0.00,0.00,0.00
490061,69.00,-9.00,-49.00
490081,0.00,0.00,0.00
490101,0.00,0.00,0.00
490121,0.00,0.00,0.00
490141,0.00,0.00,0.00
490161,69.00,-12.00,-52.00
490181,0.00,0.00,0.00
490201,0.00,0.00,0.00
490221,0.00,0.00,0.00
490241,0.00,0.00,0.00
490261,68.00,-9.00,-50.00
490281,0.00,0.00,0.00
490301,0.00,0.00,0.00
490321,0.00,0.00,0.00
490341,0.00,0.00,0.00
490361,68.00,-9.00,-50.00
490381,0.00,0.00,0.00
490401,0.00,0.00,0.00
490421,0.00,0.00,0.00
490441,0.00,0.00,0.00
490461,67.00,-11.00,-48.00
490481,0.00,0.00,0.00
490501,0.00,0.00,0.00
490521,0.00,0.00,0.00
490541,0.00,0.00,0.00
490561,68.00,-11.00,-51.00
490581,0.00,0.00,0.00
490601,0.00,0.00,0.00
490621,0.00,0.00,0.00
490641,0.00,0.00,0.00
490661,68.00,-10.00,-54.00
490681,0.00,0.00,0.00
490701,0.00,0.00,0.00
490721,0.00,0.00,0.00
490741,0.00,0.00,0.00
490761,69.00,-11.00,-46.00
490781,0.00,0.00,0.00
490801,0.00,0.00,0.00
490821,0.00,0.00,0.00
490841,0.00,0.00,0.00
490861,69.00,-10.00,-49.00
490881,0.00,0.00,0.00
490901,0.00,0.00,0.00
490921,0.00,0.00,0.00
490941,0.00,0.00,0.00
490961,72.00,-11.00,-47.00
490981,0.00,0.00,0.00
491001,0.00,0.00,0.00
491021,0.00,0.00,0.00
491041,0.00,0.00,0.00
491061,72.00,-13.00,-53.00
491081,0.00,0.00,0.00
491101,0.00,0.00,0.00
491121,0.00,0.00,0.00
491141,0.00,0.00,0.00
491161,70.00,-9.00,-55.00
491181,0.00,0.00,0.00
491201,0.00,0.00,0.00
491221,0.00,0.00,0.00
491241,68.00,-9.00,-48.00
491261,0.00,0.00,0.00
491281,0.00,0.00,0.00
491301,0.00,0.00,0.00
491321,0.00,0.00,0.00
491341,69.00,-11.00,-49.00
491361,0.00,0.00,0.00
491381,0.00,0.00,0.00
491401,0.00,0.00,0.00
491421,0.00,0.00,0.00
491441,68.00,-9.00,-52.00
491461,0.00,0.00,0.00
491481,0.00,0.00,0.00
491501,0.00,0.00,0.00
491521,0.00,0.00,0.00
491541,69.00,-12.00,-53.00
491561,0.00,0.00,0.00
491581,0.00,0.00,0.00
491601,0.00,0.00,0.00
491621,0.00,0.00,0.00
491641,70.00,-9.00,-50.00
491661,0.00,0.00,0.00
491681,0.00,0.00,0.00
491701,0.00,0.00,0.00
491721,0.00,0.00,0.00
491741,71.00,-13.00,-50.00
491761,0.00,0.00,0.00
491781,0.00,0.00,0.00
491801,0.00,0.00,0.00
491821,0.00,0.00,0.00
491841,69.00,-11.00,-45.00
491861,0.00,0.00,0.00
491881,0.00,0.00,0.00
491901,0.00,0.00,0.00
491921,0.00,0.00,0.00
491941,69.00,-10.00,-46.00
491961,0.00,0.00,0.00
491981,0.00,0.00,0.00
492001,0.00,0.00,0.00
492021,0.00,0.00,0.00
492041,68.00,-11.00,-46.00
492061,0.00,0.00,0.00
492081,0.00,0.00,0.00
492101,0.00,0.00,0.00
492121,0.00,0.00,0.00
492141,70.00,-12.00,-43.00
492161,0.00,0.00,0.00
492181,0.00,0.00,0.00
492201,0.00,0.00,0.00
492221,0.00,0.00,0.00
492241,69.00,-11.00,-50.00
492261,0.00,0.00,0.00
492281,0.00,0.00,0.00
492301,0.00,0.00,0.00
492321,0.00,0.00,0.00
492341,67.00,-10.00,-51.00
492361,0.00,0.00,0.00
492381,0.00,0.00,0.00
492401,0.00,0.00,0.00
492421,0.00,0.00,0.00
492441,70.00,-10.00,-52.00
492461,0.00,0.00,0.00
492481,0.00,0.00,0.00
492501,0.00,0.00,0.00
492521,0.00,0.00,0.00
492541,68.00,-11.00,-43.00
492561,0.00,0.00,0.00
492581,0.00,0.00,0.00
492601,0.00,0.00,0.00
492621,0.00,0.00,0.00
492641,71.00,-11.00,-52.00
492661,0.00,0.00,0.00
492681,0.00,0.00,0.00
492701,0.00,0.00,0.00
492721,0.00,0.00,0.00
492741,69.00,-11.00,-50.00
492761,0.00,0.00,0.00
492781,0.00,0.00,0.00
492801,0.00,0.00,0.00
492821,0.00,0.00,0.00
492841,69.00,-12.00,-54.00
492861,0.00,0.00,0.00
492881,0.00,0.00,0.00
492901,0.00,0.00,0.00
492921,0.00,0.00,0.00
492941,67.00,-9.00,-51.00
492961,0.00,0.00,0.00
492981,0.00,0.00,0.00
493001,0.00,0.00,0.00
493021,0.00,0.00,0.00
493041,69.00,-9.00,-49.00
493061,0.00,0.00,0.00
493081,0.00,0.00,0.00
493101,0.00,0.00,0.00
493121,0.00,0.00,0.00
493141,67.00,-8.00,-48.00
493161,0.00,0.00,0.00
493181,0.00,0.00,0.00
493201,0.00,0.00,0.00
493221,0.00,0.00,0.00
493241,68.00,-10.00,-52.00
493261,0.00,0.00,0.00
493281,0.00,0.00,0.00
493301,0.00,0.00,0.00
493321,72.00,-10.00,-45.00
493341,0.00,0.00,0.00
493361,0.00,0.00,0.00
493381,0.00,0.00,0.00
493401,0.00,0.00,0.00
493421,74.00,-11.00,-52.00
493441,0.00,0.00,0.00
493461,0.00,0.00,0.00
493481,0.00,0.00,0.00
493501,0.00,0.00,0.00
493521,70.00,-9.00,-55.00
493541,0.00,0.00,0.00
493561,0.00,0.00,0.00
493581,0.00,0.00,0.00
493601,0.00,0.00,0.00
493621,67.00,-11.00,-50.00
493641,0.00,0.00,0.00
493661,0.00,0.00,0.00
493681,0.00,0.00,0.00
493701,0.00,0.00,0.00
493721,70.00,-9.00,-50.00
493741,0.00,0.00,0.00
493761,0.00,0.00,0.00
493781,0.00,0.00,0.00
493801,0.00,0.00,0.00
493821,70.00,-11.00,-51.00
493841,0.00,0.00,0.00
493861,0.00,0.00,0.00
493881,0.00,0.00,0.00
493901,0.00,0.00,0.00
493921,70.00,-9.00,-51.00
493941,0.00,0.00,0.00
493961,0.00,0.00,0.00
493981,0.00,0.00,0.00
494001,0.00,0.00,0.00
494021,70.00,-11.00,-45.00
494041,0.00,0.00,0.00
494061,0.00,0.00,0.00
494081,0.00,0.00,0.00
494101,0.00,0.00,0.00
494121,72.00,-9.00,-53.00
494141,0.00,0.00,0.00
494161,0.00,0.00,0.00
494181,0.00,0.00,0.00
494201,0.00,0.00,0.00
494221,70.00,-9.00,-48.00
494241,0.00,0.00,0.00
494261,0.00,0.00,0.00
494281,0.00,0.00,0.00
494301,0.00,0.00,0.00
494321,69.00,-10.00,-47.00
494341,0.00,0.00,0.00
494361,0.00,0.00,0.00
494381,0.00,0.00,0.00
494401,0.00,0.00,0.00
494421,68.00,-11.00,-47.00
494441,0.00,0.00,0.00
494461,0.00,0.00,0.00
494481,0.00,0.00,0.00
494501,0.00,0.00,0.00
494521,69.00,-9.00,-50.00
494541,0.00,0.00,0.00
494561,0.00,0.00,0.00
494581,0.00,0.00,0.00
494601,0.00,0.00,0.00
494621,70.00,-10.00,-54.00
494641,0.00,0.00,0.00
494661,0.00,0.00,0.00
494681,0.00,0.00,0.00
494701,0.00,0.00,0.00
494721,69.00,-11.00,-49.00
494741,0.00,0.00,0.00
494761,0.00,0.00,0.00
494781,0.00,0.00,0.00
494801,0.00,0.00,0.00
494821,70.00,-9.00,-54.00
494841,0.00,0.00,0.00
494861,0.00,0.00,0.00
494881,0.00,0.00,0.00
494901,0.00,0.00,0.00
494921,70.00,-12.00,-45.00
494941,0.00,0.00,0.00
494961,0.00,0.00,0.00
494981,0.00,0.00,0.00
495001,0.00,0.00,0.00
495021,72.00,-11.00,-48.00
495041,0.00,0.00,0.00
495061,0.00,0.00,0.00
495081,0.00,0.00,0.00
495101,0.00,0.00,0.00
495121,70.00,-10.00,-52.00
495141,0.00,0.00,0.00
495161,0.00,0.00,0.00
495181,0.00,0.00,0.00
495201,0.00,0.00,0.00
495221,68.00,-11.00,-48.00
495241,0.00,0.00,0.00
495261,0.00,0.00,0.00
495281,0.00,0.00,0.00
495301,0.00,0.00,0.00
495321,68.00,-12.00,-45.00
495341,0.00,0.00,0.00
495361,0.00,0.00,0.00
495381,0.00,0.00,0.00
495401,0.00,0.00,0.00
495421,68.00,-9.00,-50.00
495441,0.00,0.00,0.00
495461,0.00,0.00,0.00
495481,0.00,0.00,0.00
495501,70.00,-11.00,-54.00
495521,0.00,0.00,0.00
495541,0.00,0.00,0.00
495561,0.00,0.00,0.00
495581,0.00,0.00,0.00
495601,71.00,-11.00,-46.00
495621,0.00,0.00,0.00
495641,0.00,0.00,0.00
495661,0.00,0.00,0.00
495681,0.00,0.00,0.00
495701,71.00,-9.00,-49.00
495721,0.00,0.00,0.00
495741,0.00,0.00,0.00
495761,0.00,0.00,0.00
495781,0.00,0.00,0.00
495801,67.00,-12.00,-51.00
495821,0.00,0.00,0.00
495841,0.00,0.00,0.00
495861,0.00,0.00,0.00
495881,0.00,0.00,0.00
495901,69.00,-10.00,-51.00
495921,0.00,0.00,0.00
495941,0.00,0.00,0.00
495961,0.00,0.00,0.00
495981,0.00,0.00,0.00
496001,70.00,-9.00,-46.00
496021,0.00,0.00,0.00
496041,0.00,0.00,0.00
496061,0.00,0.00,0.00
496081,0.00,0.00,0.00
496101,70.00,-10.00,-52.00
496121,0.00,0.00,0.00
496141,0.00,0.00,0.00
496161,0.00,0.00,0.00
496181,0.00,0.00,0.00
496201,69.00,-11.00,-47.00
496221,0.00,0.00,0.00
496241,0.00,0.00,0.00
496261,0.00,0.00,0.00
496281,0.00,0.00,0.00
496301,72.00,-10.00,-50.00
496321,0.00,0.00,0.00
496341,0.00,0.00,0.00
496361,0.00,0.00,0.00
496381,0.00,0.00,0.00
496401,74.00,-9.00,-50.00
496421,0.00,0.00,0.00
496441,0.00,0.00,0.00
496461,0.00,0.00,0.00
496481,0.00,0.00,0.00
496501,68.00,-11.00,-43.00
496521,0.00,0.00,0.00
496541,0.00,0.00,0.00
496561,0.00,0.00,0.00
496581,0.00,0.00,0.00
496601,71.00,-9.00,-46.00
496621,0.00,0.00,0.00
496641,0.00,0.00,0.00
496661,0.00,0.00,0.00
496681,0.00,0.00,0.00
496701,66.00,-10.00,-48.00
496721,0.00,0.00,0.00
496741,0.00,0.00,0.00
496761,0.00,0.00,0.00
496781,0.00,0.00,0.00
496801,71.00,-11.00,-53.00
496821,0.00,0.00,0.00
496841,0.00,0.00,0.00
496861,0.00,0.00,0.00
496881,0.00,0.00,0.00
496901,71.00,-10.00,-51.00
496921,0.00,0.00,0.00
496941,0.00,0.00,0.00
496961,0.00,0.00,0.00
496981,0.00,0.00,0.00
497001,72.00,-10.00,-48.00
497021,0.00,0.00,0.00
497041,0.00,0.00,0.00
497061,0.00,0.00,0.00
497081,0.00,0.00,0.00
497101,69.00,-12.00,-52.00
497121,0.00,0.00,0.00
497141,0.00,0.00,0.00
497161,0.00,0.00,0.00
497181,0.00,0.00,0.00
497201,70.00,-11.00,-50.00
497221,0.00,0.00,0.00
497241,0.00,0.00,0.00
497261,0.00,0.00,0.00
497281,0.00,0.00,0.00
497301,69.00,-10.00,-46.00
497321,0.00,0.00,0.00
497341,0.00,0.00,0.00
497361,0.00,0.00,0.00
497381,0.00,0.00,0.00
497401,70.00,-13.00,-47.00
497421,0.00,0.00,0.00
497441,0.00,0.00,0.00
497461,0.00,0.00,0.00
497481,0.00,0.00,0.00
497501,69.00,-8.00,-51.00
497521,0.00,0.00,0.00
497541,0.00,0.00,0.00
497561,0.00,0.00,0.00
497581,68.00,-11.00,-46.00
497601,0.00,0.00,0.00
497621,0.00,0.00,0.00
497641,0.00,0.00,0.00
497661,0.00,0.00,0.00
497681,72.00,-10.00,-50.00
497701,0.00,0.00,0.00
497721,0.00,0.00,0.00
497741,0.00,0.00,0.00
497761,0.00,0.00,0.00
497781,70.00,-10.00,-50.00
497801,0.00,0.00,0.00
497821,0.00,0.00,0.00
497841,0.00,0.00,0.00
497861,0.00,0.00,0.00
497881,69.00,-11.00,-52.00
497901,0.00,0.00,0.00
497921,0.00,0.00,0.00
497941,0.00,0.00,0.00
497961,0.00,0.00,0.00
497981,71.00,-9.00,-50.00
498001,0.00,0.00,0.00
498021,0.00,0.00,0.00
498041,0.00,0.00,0.00
498061,0.00,0.00,0.00
498081,69.00,-11.00,-51.00
498101,0.00,0.00,0.00
498121,0.00,0.00,0.00
498141,0.00,0.00,0.00
498161,0.00,0.00,0.00
498181,68.00,-11.00,-48.00
498201,0.00,0.00,0.00
498221,0.00,0.00,0.00
498241,0.00,0.00,0.00
498261,0.00,0.00,0.00
498281,71.00,-11.00,-46.00
498301,0.00,0.00,0.00
498321,0.00,0.00,0.00
498341,0.00,0.00,0.00
498361,0.00,0.00,0.00
498381,71.00,-10.00,-47.00
498401,0.00,0.00,0.00
498421,0.00,0.00,0.00
498441,0.00,0.00,0.00
498461,0.00,0.00,0.00
498481,72.00,-11.00,-46.00
498501,0.00,0.00,0.00
498521,0.00,0.00,0.00
498541,0.00,0.00,0.00
498561,0.00,0.00,0.00
498581,70.00,-9.00,-49.00
498601,0.00,0.00,0.00
498621,0.00,0.00,0.00
498641,0.00,0.00,0.00
498661,0.00,0.00,0.00
498681,72.00,-12.00,-45.00
498701,0.00,0.00,0.00
498721,0.00,0.00,0.00
498741,0.00,0.00,0.00
498761,0.00,0.00,0.00
498781,69.00,-11.00,-49.00
498801,0.00,0.00,0.00
498821,0.00,0.00,0.00
498841,0.00,0.00,0.00
498861,0.00,0.00,0.00
498881,70.00,-11.00,-51.00
498901,0.00,0.00,0.00
498921,0.00,0.00,0.00
498941,0.00,0.00,0.00
498961,0.00,0.00,0.00
498981,69.00,-11.00,-48.00
499001,0.00,0.00,0.00
499021,0.00,0.00,0.00
499041,0.00,0.00,0.00
499061,0.00,0.00,0.00
499081,69.00,-10.00,-45.00
499101,0.00,0.00,0.00
499121,0.00,0.00,0.00
499141,0.00,0.00,0.00
499161,0.00,0.00,0.00
499181,69.00,-10.00,-50.00
499201,0.00,0.00,0.00
499221,0.00,0.00,0.00
499241,0.00,0.00,0.00
499261,0.00,0.00,0.00
499281,72.00,-11.00,-45.00
499301,0.00,0.00,0.00
499321,0.00,0.00,0.00
499341,0.00,0.00,0.00
499361,0.00,0.00,0.00
499381,70.00,-9.00,-47.00
499401,0.00,0.00,0.00
499421,0.00,0.00,0.00
499441,0.00,0.00,0.00
499461,0.00,0.00,0.00
499481,72.00,-12.00,-48.00
499501,0.00,0.00,0.00
499521,0.00,0.00,0.00
499541,0.00,0.00,0.00
499561,0.00,0.00,0.00
499581,70.00,-11.00,-50.00
499601,0.00,0.00,0.00
499621,0.00,0.00,0.00
499641,0.00,0.00,0.00
499661,70.00,-12.00,-50.00
499681,0.00,0.00,0.00
499701,0.00,0.00,0.00
499721,0.00,0.00,0.00
499741,0.00,0.00,0.00
499761,69.00,-8.00,-41.00
499781,0.00,0.00,0.00
499801,0.00,0.00,0.00
499821,0.00,0.00,0.00
499841,0.00,0.00,0.00
499861,70.00,-10.00,-49.00
499881,0.00,0.00,0.00
499901,0.00,0.00,0.00
499921,0.00,0.00,0.00
499941,0.00,0.00,0.00
499961,69.00,-12.00,-47.00
499981,0.00,0.00,0.00
500001,0.00,0.00,0.00
500021,0.00,0.00,0.00
500041,0.00,0.00,0.00
500061,72.00,-10.00,-52.00
500081,0.00,0.00,0.00
500101,0.00,0.00,0.00
500121,0.00,0.00,0.00
500141,0.00,0.00,0.00
500161,69.00,-10.00,-51.00
500181,0.00,0.00,0.00
500201,0.00,0.00,0.00
500221,0.00,0.00,0.00
500241,0.00,0.00,0.00
500261,72.00,-11.00,-57.00
500281,0.00,0.00,0.00
500301,0.00,0.00,0.00
500321,0.00,0.00,0.00
500341,0.00,0.00,0.00
500361,70.00,-11.00,-52.00
500381,0.00,0.00,0.00
500401,0.00,0.00,0.00
500421,0.00,0.00,0.00
500441,0.00,0.00,0.00
500461,73.00,-10.00,-51.00
500481,0.00,0.00,0.00
500501,0.00,0.00,0.00
500521,0.00,0.00,0.00
500541,0.00,0.00,0.00
500561,69.00,-12.00,-44.00
500581,0.00,0.00,0.00
500601,0.00,0.00,0.00
500621,0.00,0.00,0.00
500641,0.00,0.00,0.00
500661,70.00,-12.00,-48.00
500681,0.00,0.00,0.00
500701,0.00,0.00,0.00
500721,0.00,0.00,0.00
500741,0.00,0.00,0.00
500761,69.00,-11.00,-52.00
500781,0.00,0.00,0.00
500801,0.00,0.00,0.00
500821,0.00,0.00,0.00
500841,0.00,0.00,0.00
500861,70.00,-9.00,-47.00
500881,0.00,0.00,0.00
500901,0.00,0.00,0.00
500921,0.00,0.00,0.00
500941,0.00,0.00,0.00
500961,71.00,-9.00,-39.00
500981,0.00,0.00,0.00
501001,0.00,0.00,0.00
501021,0.00,0.00,0.00
501041,0.00,0.00,0.00
501061,71.00,-11.00,-47.00
501081,0.00,0.00,0.00
501101,0.00,0.00,0.00
501121,0.00,0.00,0.00
501141,0.00,0.00,0.00
501161,70.00,-11.00,-46.00
501181,0.00,0.00,0.00
501201,0.00,0.00,0.00
501221,0.00,0.00,0.00
501241,0.00,0.00,0.00
501261,71.00,-13.00,-48.00
501281,0.00,0.00,0.00
501301,0.00,0.00,0.00
501321,0.00,0.00,0.00
501341,0.00,0.00,0.00
501361,69.00,-10.00,-45.00
501381,0.00,0.00,0.00
501401,0.00,0.00,0.00
501421,0.00,0.00,0.00
501441,0.00,0.00,0.00
501461,69.00,-10.00,-52.00
501481,0.00,0.00,0.00
501501,0.00,0.00,0.00
501521,0.00,0.00,0.00
501541,0.00,0.00,0.00
501561,68.00,-11.00,-42.00
501581,0.00,0.00,0.00
501601,0.00,0.00,0.00
501621,0.00,0.00,0.00
501641,0.00,0.00,0.00
501661,70.00,-11.00,-46.00
501681,0.00,0.00,0.00
501701,0.00,0.00,0.00
501721,0.00,0.00,0.00
501741,0.00,0.00,0.00
501761,69.00,-9.00,-46.00
501781,0.00,0.00,0.00
501801,0.00,0.00,0.00
501821,0.00,0.00,0.00
501841,69.00,-12.00,-45.00
501861,0.00,0.00,0.00
501881,0.00,0.00,0.00
501901,0.00,0.00,0.00
501921,0.00,0.00,0.00
501941,70.00,-9.00,-50.00
501961,0.00,0.00,0.00
501981,0.00,0.00,0.00
502001,0.00,0.00,0.00
502021,0.00,0.00,0.00
502041,69.00,-10.00,-49.00
502061,0.00,0.00,0.00
502081,0.00,0.00,0.00
502101,0.00,0.00,0.00
502121,0.00,0.00,0.00
502141,69.00,-12.00,-43.00
502161,0.00,0.00,0.00
502181,0.00,0.00,0.00
502201,0.00,0.00,0.00
502221,0.00,0.00,0.00
502241,73.00,-9.00,-45.00
502261,0.00,0.00,0.00
502281,0.00,0.00,0.00
502301,0.00,0.00,0.00
502321,0.00,0.00,0.00
502341,71.00,-11.00,-48.00
502361,0.00,0.00,0.00
502381,0.00,0.00,0.00
502401,0.00,0.00,0.00
502421,0.00,0.00,0.00
502441,70.00,-10.00,-51.00
502461,0.00,0.00,0.00
502481,0.00,0.00,0.00
502501,0.00,0.00,0.00
502521,0.00,0.00,0.00
502541,69.00,-9.00,-46.00
502561,0.00,0.00,0.00
502581,0.00,0.00,0.00
502601,0.00,0.00,0.00
502621,0.00,0.00,0.00
502641,72.00,-9.00,-50.00
502661,0.00,0.00,0.00
502681,0.00,0.00,0.00
502701,0.00,0.00,0.00
502721,0.00,0.00,0.00
502741,73.00,-11.00,-49.00
502761,0.00,0.00,0.00
502781,0.00,0.00,0.00
502801,0.00,0.00,0.00
502821,0.00,0.00,0.00
502841,72.00,-10.00,-48.00
502861,0.00,0.00,0.00
502881,0.00,0.00,0.00
502901,0.00,0.00,0.00
502921,0.00,0.00,0.00
502941,71.00,-11.00,-40.00
502961,0.00,0.00,0.00
502981,0.00,0.00,0.00
503001,0.00,0.00,0.00
503021,0.00,0.00,0.00
503041,72.00,-10.00,-43.00
503061,0.00,0.00,0.00
503081,0.00,0.00,0.00
503101,0.00,0.00,0.00
503121,0.00,0.00,0.00
503141,73.00,-11.00,-46.00
503161,0.00,0.00,0.00
503181,0.00,0.00,0.00
503201,0.00,0.00,0.00
503221,0.00,0.00,0.00
503241,72.00,-11.00,-45.00
503261,0.00,0.00,0.00
503281,0.00,0.00,0.00
503301,0.00,0.00,0.00
503321,0.00,0.00,0.00
503341,73.00,-14.00,-45.00
503361,0.00,0.00,0.00
503381,0.00,0.00,0.00
503401,0.00,0.00,0.00
503421,0.00,0.00,0.00
503441,72.00,-10.00,-43.00
503461,0.00,0.00,0.00
503481,0.00,0.00,0.00
503501,0.00,0.00,0.00
503521,0.00,0.00,0.00
503541,70.00,-11.00,-45.00
503561,0.00,0.00,0.00
503581,0.00,0.00,0.00
503601,0.00,0.00,0.00
503621,0.00,0.00,0.00
503641,72.00,-11.00,-46.00
503661,0.00,0.00,0.00
503681,0.00,0.00,0.00
503701,0.00,0.00,0.00
503721,0.00,0.00,0.00
503741,70.00,-13.00,-49.00
503761,0.00,0.00,0.00
503781,0.00,0.00,0.00
503801,0.00,0.00,0.00
503821,0.00,0.00,0.00
503841,70.00,-11.00,-42.00
503861,0.00,0.00,0.00
503881,0.00,0.00,0.00
503901,0.00,0.00,0.00
503921,71.00,-13.00,-38.00
503941,0.00,0.00,0.00
503961,0.00,0.00,0.00
503981,0.00,0.00,0.00
504001,0.00,0.00,0.00
504021,73.00,-12.00,-43.00
504041,0.00,0.00,0.00
504061,0.00,0.00,0.00
504081,0.00,0.00,0.00
504101,0.00,0.00,0.00
504121,72.00,-12.00,-44.00
504141,0.00,0.00,0.00
504161,0.00,0.00,0.00
504181,0.00,0.00,0.00
504201,0.00,0.00,0.00
504221,69.00,-9.00,-45.00
504241,0.00,0.00,0.00
504261,0.00,0.00,0.00
504281,0.00,0.00,0.00
504301,0.00,0.00,0.00
504321,70.00,-11.00,-43.00
504341,0.00,0.00,0.00
504361,0.00,0.00,0.00
504381,0.00,0.00,0.00
504401,0.00,0.00,0.00
504421,73.00,-14.00,-42.00
504441,0.00,0.00,0.00
504461,0.00,0.00,0.00
504481,0.00,0.00,0.00
504501,0.00,0.00,0.00
504521,72.00,-11.00,-48.00
504541,0.00,0.00,0.00
504561,0.00,0.00,0.00
504581,0.00,0.00,0.00
504601,0.00,0.00,0.00
504621,71.00,-12.00,-46.00
504641,0.00,0.00,0.00
504661,0.00,0.00,0.00
504681,0.00,0.00,0.00
504701,0.00,0.00,0.00
504721,72.00,-13.00,-43.00
504741,0.00,0.00,0.00
504761,0.00,0.00,0.00
504781,0.00,0.00,0.00
504801,0.00,0.00,0.00
504821,72.00,-11.00,-48.00
504841,0.00,0.00,0.00
504861,0.00,0.00,0.00
504881,0.00,0.00,0.00
504901,0.00,0.00,0.00
504921,73.00,-12.00,-44.00
504941,0.00,0.00,0.00
504961,0.00,0.00,0.00
504981,0.00,0.00,0.00
505001,0.00,0.00,0.00
505021,74.00,-12.00,-45.00
505041,0.00,0.00,0.00
505061,0.00,0.00,0.00
505081,0.00,0.00,0.00
505101,0.00,0.00,0.00
505121,72.00,-12.00,-45.00
505141,0.00,0.00,0.00
505161,0.00,0.00,0.00
505181,0.00,0.00,0.00
505201,0.00,0.00,0.00
505221,72.00,-12.00,-41.00
505241,0.00,0.00,0.00
505261,0.00,0.00,0.00
505281,0.00,0.00,0.00
505301,0.00,0.00,0.00
505321,72.00,-12.00,-49.00
505341,0.00,0.00,0.00
505361,0.00,0.00,0.00
505381,0.00,0.00,0.00
505401,0.00,0.00,0.00
505421,71.00,-14.00,-44.00
505441,0.00,0.00,0.00
505461,0.00,0.00,0.00
505481,0.00,0.00,0.00
505501,0.00,0.00,0.00
505521,73.00,-12.00,-42.00
505541,0.00,0.00,0.00
505561,0.00,0.00,0.00
505581,0.00,0.00,0.00
505601,0.00,0.00,0.00
505621,70.00,-11.00,-41.00
505641,0.00,0.00,0.00
505661,0.00,0.00,0.00
505681,0.00,0.00,0.00
505701,0.00,0.00,0.00
505721,74.00,-14.00,-45.00
505741,0.00,0.00,0.00
505761,0.00,0.00,0.00
505781,0.00,0.00,0.00
505801,0.00,0.00,0.00
505821,72.00,-11.00,-54.00
505841,0.00,0.00,0.00
505861,0.00,0.00,0.00
505881,0.00,0.00,0.00
505901,0.00,0.00,0.00
505921,71.00,-13.00,-39.00
505941,0.00,0.00,0.00
505961,0.00,0.00,0.00
505981,0.00,0.00,0.00
506001,74.00,-11.00,-42.00
506021,0.00,0.00,0.00
506041,0.00,0.00,0.00
506061,0.00,0.00,0.00
506081,0.00,0.00,0.00
506101,72.00,-12.00,-42.00
506121,0.00,0.00,0.00
506141,0.00,0.00,0.00
506161,0.00,0.00,0.00
506181,0.00,0.00,0.00
506201,72.00,-12.00,-43.00
506221,0.00,0.00,0.00
506241,0.00,0.00,0.00
506261,0.00,0.00,0.00
506281,0.00,0.00,0.00
506301,70.00,-15.00,-48.00
506321,0.00,0.00,0.00
506341,0.00,0.00,0.00
506361,0.00,0.00,0.00
506381,0.00,0.00,0.00
506401,72.00,-11.00,-48.00
506421,0.00,0.00,0.00
506441,0.00,0.00,0.00
506461,0.00,0.00,0.00
506481,0.00,0.00,0.00
506501,74.00,-11.00,-45.00
506521,0.00,0.00,0.00
506541,0.00,0.00,0.00
506561,0.00,0.00,0.00
506581,0.00,0.00,0.00
506601,73.00,-13.00,-45.00
506621,0.00,0.00,0.00
506641,0.00,0.00,0.00
506661,0.00,0.00,0.00
506681,0.00,0.00,0.00
506701,70.00,-13.00,-39.00
506721,0.00,0.00,0.00
506741,0.00,0.00,0.00
506761,0.00,0.00,0.00
506781,0.00,0.00,0.00
506801,72.00,-12.00,-48.00
506821,0.00,0.00,0.00
506841,0.00,0.00,0.00
506861,0.00,0.00,0.00
506881,0.00,0.00,0.00
506901,72.00,-14.00,-39.00
506921,0.00,0.00,0.00
506941,0.00,0.00,0.00
506961,0.00,0.00,0.00
506981,0.00,0.00,0.00
507001,71.00,-11.00,-41.00
507021,0.00,0.00,0.00
507041,0.00,0.00,0.00
507061,0.00,0.00,0.00
507081,0.00,0.00,0.00
507101,74.00,-11.00,-47.00
507121,0.00,0.00,0.00
507141,0.00,0.00,0.00
507161,0.00,0.00,0.00
507181,0.00,0.00,0.00
507201,72.00,-12.00,-44.00
507221,0.00,0.00,0.00
507241,0.00,0.00,0.00
507261,0.00,0.00,0.00
507281,0.00,0.00,0.00
507301,72.00,-12.00,-44.00
507321,0.00,0.00,0.00
507341,0.00,0.00,0.00
507361,0.00,0.00,0.00
507381,0.00,0.00,0.00
507401,73.00,-14.00,-44.00
507421,0.00,0.00,0.00
507441,0.00,0.00,0.00
507461,0.00,0.00,0.00
507481,0.00,0.00,0.00
507501,76.00,-12.00,-42.00
507521,0.00,0.00,0.00
507541,0.00,0.00,0.00
507561,0.00,0.00,0.00
507581,0.00,0.00,0.00
507601,69.00,-12.00,-43.00
507621,0.00,0.00,0.00
507641,0.00,0.00,0.00
507661,0.00,0.00,0.00
507681,0.00,0.00,0.00
507701,69.00,-12.00,-46.00
507721,0.00,0.00,0.00
507741,0.00,0.00,0.00
507761,0.00,0.00,0.00
507781,0.00,0.00,0.00
507801,68.00,-13.00,-55.00
507821,0.00,0.00,0.00
507841,0.00,0.00,0.00
507861,0.00,0.00,0.00
507881,0.00,0.00,0.00
507901,68.00,-15.00,-54.00
507921,0.00,0.00,0.00
507941,0.00,0.00,0.00
507961,0.00,0.00,0.00
507981,0.00,0.00,0.00
508001,66.00,-13.00,-52.00
508021,0.00,0.00,0.00
508041,0.00,0.00,0.00
508061,0.00,0.00,0.00
508081,67.00,-11.00,-54.00
508101,0.00,0.00,0.00
508121,0.00,0.00,0.00
508141,0.00,0.00,0.00
508161,0.00,0.00,0.00
508181,66.00,-9.00,-50.00
508201,0.00,0.00,0.00
508221,0.00,0.00,0.00
508241,0.00,0.00,0.00
508261,0.00,0.00,0.00
508281,66.00,-12.00,-54.00
508301,0.00,0.00,0.00
508321,0.00,0.00,0.00
508341,0.00,0.00,0.00
508361,0.00,0.00,0.00
508381,67.00,-11.00,-54.00
508401,0.00,0.00,0.00
508421,0.00,0.00,0.00
508441,0.00,0.00,0.00
508461,0.00,0.00,0.00
508481,67.00,-9.00,-51.00
508501,0.00,0.00,0.00
508521,0.00,0.00,0.00
508541,0.00,0.00,0.00
508561,0.00,0.00,0.00
508581,65.00,-15.00,-57.00
508601,0.00,0.00,0.00
508621,0.00,0.00,0.00
508641,0.00,0.00,0.00
508661,0.00,0.00,0.00
508681,67.00,-11.00,-57.00
508701,0.00,0.00,0.00
508721,0.00,0.00,0.00
508741,0.00,0.00,0.00
508761,0.00,0.00,0.00
508781,64.00,-13.00,-56.00
508801,0.00,0.00,0.00
508821,0.00,0.00,0.00
508841,0.00,0.00,0.00
508861,0.00,0.00,0.00
508881,68.00,-12.00,-58.00
508901,0.00,0.00,0.00
508921,0.00,0.00,0.00
508941,0.00,0.00,0.00
508961,0.00,0.00,0.00
508981,65.00,-13.00,-56.00
509001,0.00,0.00,0.00
509021,0.00,0.00,0.00
509041,0.00,0.00,0.00
509061,0.00,0.00,0.00
509081,67.00,-14.00,-52.00
509101,0.00,0.00,0.00
509121,0.00,0.00,0.00
509141,0.00,0.00,0.00
509161,0.00,0.00,0.00
509181,64.00,-13.00,-50.00
509201,0.00,0.00,0.00
509221,0.00,0.00,0.00
509241,0.00,0.00,0.00
509261,0.00,0.00,0.00
509281,67.00,-12.00,-53.00
509301,0.00,0.00,0.00
509321,0.00,0.00,0.00
509341,0.00,0.00,0.00
509361,0.00,0.00,0.00
509381,68.00,-9.00,-53.00
509401,0.00,0.00,0.00
509421,0.00,0.00,0.00
509441,0.00,0.00,0.00
509461,0.00,0.00,0.00
509481,67.00,-13.00,-52.00
509501,0.00,0.00,0.00
509521,0.00,0.00,0.00
509541,0.00,0.00,0.00
509561,0.00,0.00,0.00
509581,65.00,-11.00,-57.00
509601,0.00,0.00,0.00
509621,0.00,0.00,0.00
509641,0.00,0.00,0.00
509661,0.00,0.00,0.00
509681,65.00,-12.00,-53.00
509701,0.00,0.00,0.00
509721,0.00,0.00,0.00
509741,0.00,0.00,0.00
509761,0.00,0.00,0.00
509781,68.00,-12.00,-47.00
509801,0.00,0.00,0.00
509821,0.00,0.00,0.00
509841,0.00,0.00,0.00
509861,0.00,0.00,0.00
509881,68.00,-11.00,-47.00
509901,0.00,0.00,0.00
509921,0.00,0.00,0.00
509941,0.00,0.00,0.00
509961,0.00,0.00,0.00
509981,66.00,-13.00,-59.00
510001,0.00,0.00,0.00
510021,0.00,0.00,0.00
510041,0.00,0.00,0.00
510061,0.00,0.00,0.00
510081,66.00,-12.00,-53.00
510101,0.00,0.00,0.00
510121,0.00,0.00,0.00
510141,0.00,0.00,0.00
510161,0.00,0.00,0.00
510181,69.00,-12.00,-50.00
510201,0.00,0.00,0.00
510221,0.00,0.00,0.00
510241,0.00,0.00,0.00
510261,67.00,-11.00,-57.00
510281,0.00,0.00,0.00
510301,0.00,0.00,0.00
510321,0.00,0.00,0.00
510341,0.00,0.00,0.00
510361,67.00,-12.00,-49.00
510381,0.00,0.00,0.00
510401,0.00,0.00,0.00
510421,0.00,0.00,0.00
510441,0.00,0.00,0.00
510461,67.00,-14.00,-57.00
510481,0.00,0.00,0.00
510501,0.00,0.00,0.00
510521,0.00,0.00,0.00
510541,0.00,0.00,0.00
510561,66.00,-13.00,-54.00
510581,0.00,0.00,0.00
510601,0.00,0.00,0.00
510621,0.00,0.00,0.00
510641,0.00,0.00,0.00
510661,66.00,-12.00,-56.00
510681,0.00,0.00,0.00
510701,0.00,0.00,0.00
510721,0.00,0.00,0.00
510741,0.00,0.00,0.00
510761,68.00,-14.00,-58.00
510781,0.00,0.00,0.00
510801,0.00,0.00,0.00
510821,0.00,0.00,0.00
510841,0.00,0.00,0.00
510861,69.00,-14.00,-50.00
510881,0.00,0.00,0.00
510901,0.00,0.00,0.00
510921,0.00,0.00,0.00
510941,0.00,0.00,0.00
510961,68.00,-14.00,-51.00
510981,0.00,0.00,0.00
511001,0.00,0.00,0.00
511021,0.00,0.00,0.00
511041,0.00,0.00,0.00
511061,66.00,-13.00,-49.00
511081,0.00,0.00,0.00
511101,0.00,0.00,0.00
511121,0.00,0.00,0.00
511141,0.00,0.00,0.00
511161,67.00,-11.00,-53.00
511181,0.00,0.00,0.00
511201,0.00,0.00,0.00
511221,0.00,0.00,0.00
511241,0.00,0.00,0.00
511261,65.00,-12.00,-47.00
511281,0.00,0.00,0.00
511301,0.00,0.00,0.00
511321,0.00,0.00,0.00
511341,0.00,0.00,0.00
511361,68.00,-13.00,-56.00
511381,0.00,0.00,0.00
511401,0.00,0.00,0.00
511421,0.00,0.00,0.00
511441,0.00,0.00,0.00
511461,70.00,-12.00,-52.00
511481,0.00,0.00,0.00
511501,0.00,0.00,0.00
511521,0.00,0.00,0.00
511541,0.00,0.00,0.00
511561,68.00,-13.00,-50.00
511581,0.00,0.00,0.00
511601,0.00,0.00,0.00
511621,0.00,0.00,0.00
511641,0.00,0.00,0.00
511661,68.00,-12.00,-52.00
511681,0.00,0.00,0.00
511701,0.00,0.00,0.00
511721,0.00,0.00,0.00
511741,0.00,0.00,0.00
511761,66.00,-14.00,-55.00
511781,0.00,0.00,0.00
511801,0.00,0.00,0.00
511821,0.00,0.00,0.00
511841,0.00,0.00,0.00
511861,67.00,-12.00,-55.00
511881,0.00,0.00,0.00
511901,0.00,0.00,0.00
511921,0.00,0.00,0.00
511941,0.00,0.00,0.00
511961,68.00,-11.00,-51.00
511981,0.00,0.00,0.00
512001,0.00,0.00,0.00
512021,0.00,0.00,0.00
512041,0.00,0.00,0.00
512061,66.00,-12.00,-50.00
512081,0.00,0.00,0.00
512101,0.00,0.00,0.00
512121,0.00,0.00,0.00
512141,0.00,0.00,0.00
512161,68.00,-13.00,-54.00
512181,0.00,0.00,0.00
512201,0.00,0.00,0.00
512221,0.00,0.00,0.00
512241,0.00,0.00,0.00
512261,68.00,-11.00,-59.00
512281,0.00,0.00,0.00
512301,0.00,0.00,0.00
512321,0.00,0.00,0.00
512341,65.00,-12.00,-61.00
512361,0.00,0.00,0.00
512381,0.00,0.00,0.00
512401,0.00,0.00,0.00
512421,0.00,0.00,0.00
512441,63.00,-13.00,-53.00
512461,0.00,0.00,0.00
512481,0.00,0.00,0.00
512501,0.00,0.00,0.00
512521,0.00,0.00,0.00
512541,67.00,-14.00,-52.00
512561,0.00,0.00,0.00
512581,0.00,0.00,0.00
512601,0.00,0.00,0.00
512621,0.00,0.00,0.00
512641,67.00,-13.00,-57.00
512661,0.00,0.00,0.00
512681,0.00,0.00,0.00
512701,0.00,0.00,0.00
512721,0.00,0.00,0.00
512741,68.00,-12.00,-56.00
512761,0.00,0.00,0.00
512781,0.00,0.00,0.00
512801,0.00,0.00,0.00
512821,0.00,0.00,0.00
512841,64.00,-12.00,-57.00
512861,0.00,0.00,0.00
512881,0.00,0.00,0.00
512901,0.00,0.00,0.00
512921,0.00,0.00,0.00
512941,64.00,-13.00,-55.00
512961,0.00,0.00,0.00
512981,0.00,0.00,0.00
513001,0.00,0.00,0.00
513021,0.00,0.00,0.00
513041,68.00,-12.00,-51.00
513061,0.00,0.00,0.00
513081,0.00,0.00,0.00
513101,0.00,0.00,0.00
513121,0.00,0.00,0.00
513141,67.00,-12.00,-50.00
513161,0.00,0.00,0.00
513181,0.00,0.00,0.00
513201,0.00,0.00,0.00
513221,0.00,0.00,0.00
513241,68.00,-12.00,-57.00
513261,0.00,0.00,0.00
513281,0.00,0.00,0.00
513301,0.00,0.00,0.00
513321,0.00,0.00,0.00
513341,67.00,-12.00,-50.00
513361,0.00,0.00,0.00
513381,0.00,0.00,0.00
513401,0.00,0.00,0.00
513421,0.00,0.00,0.00
513441,68.00,-13.00,-54.00
513461,0.00,0.00,0.00
513481,0.00,0.00,0.00
513501,0.00,0.00,0.00
513521,0.00,0.00,0.00
513541,68.00,-12.00,-53.00
513561,0.00,0.00,0.00
513581,0.00,0.00,0.00
513601,0.00,0.00,0.00
513621,0.00,0.00,0.00
513641,66.00,-12.00,-56.00
513661,0.00,0.00,0.00
513681,0.00,0.00,0.00
513701,0.00,0.00,0.00
513721,0.00,0.00,0.00
513741,66.00,-12.00,-55.00
513761,0.00,0.00,0.00
513781,0.00,0.00,0.00
513801,0.00,0.00,0.00
513821,0.00,0.00,0.00
513841,66.00,-13.00,-50.00
513861,0.00,0.00,0.00
513881,0.00,0.00,0.00
513901,0.00,0.00,0.00
513921,0.00,0.00,0.00
513941,68.00,-12.00,-61.00
513961,0.00,0.00,0.00
513981,0.00,0.00,0.00
514001,0.00,0.00,0.00
514021,0.00,0.00,0.00
514041,65.00,-11.00,-57.00
514061,0.00,0.00,0.00
514081,0.00,0.00,0.00
514101,0.00,0.00,0.00
514121,0.00,0.00,0.00
514141,67.00,-12.00,-51.00
514161,0.00,0.00,0.00
514181,0.00,0.00,0.00
514201,0.00,0.00,0.00
514221,0.00,0.00,0.00
514241,65.00,-14.00,-54.00
514261,0.00,0.00,0.00
514281,0.00,0.00,0.00
514301,0.00,0.00,0.00
514321,0.00,0.00,0.00
514341,69.00,-11.00,-56.00
514361,0.00,0.00,0.00
514381,0.00,0.00,0.00
514401,0.00,0.00,0.00
514421,67.00,-12.00,-53.00
514441,0.00,0.00,0.00
514461,0.00,0.00,0.00
514481,0.00,0.00,0.00
514501,0.00,0.00,0.00
514521,66.00,-11.00,-56.00
514541,0.00,0.00,0.00
514561,0.00,0.00,0.00
514581,0.00,0.00,0.00
514601,0.00,0.00,0.00
514621,68.00,-9.00,-52.00
514641,0.00,0.00,0.00
514661,0.00,0.00,0.00
514681,0.00,0.00,0.00
514701,0.00,0.00,0.00
514721,68.00,-12.00,-50.00
514741,0.00,0.00,0.00
514761,0.00,0.00,0.00
514781,0.00,0.00,0.00
514801,0.00,0.00,0.00
514821,66.00,-12.00,-61.00
514841,0.00,0.00,0.00
514861,0.00,0.00,0.00
514881,0.00,0.00,0.00
514901,0.00,0.00,0.00
514921,66.00,-13.00,-57.00
514941,0.00,0.00,0.00
514961,0.00,0.00,0.00
514981,0.00,0.00,0.00
515001,0.00,0.00,0.00
515021,66.00,-12.00,-56.00
515041,0.00,0.00,0.00
515061,0.00,0.00,0.00
515081,0.00,0.00,0.00
515101,0.00,0.00,0.00
515121,66.00,-13.00,-55.00
515141,0.00,0.00,0.00
515161,0.00,0.00,0.00
515181,0.00,0.00,0.00
515201,0.00,0.00,0.00
515221,66.00,-12.00,-52.00
515241,0.00,0.00,0.00
515261,0.00,0.00,0.00
515281,0.00,0.00,0.00
515301,0.00,0.00,0.00
515321,65.00,-12.00,-57.00
515341,0.00,0.00,0.00
515361,0.00,0.00,0.00
515381,0.00,0.00,0.00
515401,0.00,0.00,0.00
515421,65.00,-14.00,-59.00
515441,0.00,0.00,0.00
515461,0.00,0.00,0.00
515481,0.00,0.00,0.00
515501,0.00,0.00,0.00
515521,65.00,-13.00,-52.00
515541,0.00,0.00,0.00
515561,0.00,0.00,0.00
515581,0.00,0.00,0.00
515601,0.00,0.00,0.00
515621,67.00,-12.00,-55.00
515641,0.00,0.00,0.00
515661,0.00,0.00,0.00
515681,0.00,0.00,0.00
515701,0.00,0.00,0.00
515721,65.00,-12.00,-52.00
515741,0.00,0.00,0.00
515761,0.00,0.00,0.00
515781,0.00,0.00,0.00
515801,0.00,0.00,0.00
515821,65.00,-13.00,-51.00
515841,0.00,0.00,0.00
515861,0.00,0.00,0.00
515881,0.00,0.00,0.00
515901,0.00,0.00,0.00
515921,69.00,-13.00,-48.00
515941,0.00,0.00,0.00
515961,0.00,0.00,0.00
515981,0.00,0.00,0.00
516001,0.00,0.00,0.00
516021,68.00,-14.00,-52.00
516041,0.00,0.00,0.00
516061,0.00,0.00,0.00
516081,0.00,0.00,0.00
516101,0.00,0.00,0.00
516121,72.00,-12.00,-47.00
516141,0.00,0.00,0.00
516161,0.00,0.00,0.00
516181,0.00,0.00,0.00
516201,0.00,0.00,0.00
516221,70.00,-13.00,-54.00
516241,0.00,0.00,0.00
516261,0.00,0.00,0.00
516281,0.00,0.00,0.00
516301,0.00,0.00,0.00
516321,67.00,-14.00,-46.00
516341,0.00,0.00,0.00
516361,0.00,0.00,0.00
516381,0.00,0.00,0.00
516401,0.00,0.00,0.00
516421,69.00,-16.00,-44.00
516441,0.00,0.00,0.00
516461,0.00,0.00,0.00
516481,0.00,0.00,0.00
516507,72.00,-14.00,-50.00
516527,0.00,0.00,0.00
516547,0.00,0.00,0.00
516567,0.00,0.00,0.00
516587,0.00,0.00,0.00
516607,74.00,-12.00,-45.00
516627,0.00,0.00,0.00
516647,0.00,0.00,0.00
516667,0.00,0.00,0.00
516687,0.00,0.00,0.00
516707,70.00,-13.00,-46.00
516727,0.00,0.00,0.00
516747,0.00,0.00,0.00
516767,0.00,0.00,0.00
516787,0.00,0.00,0.00
516807,72.00,-15.00,-44.00
516827,0.00,0.00,0.00
516847,0.00,0.00,0.00
516867,0.00,0.00,0.00
516887,0.00,0.00,0.00
516907,72.00,-12.00,-50.00
516927,0.00,0.00,0.00
516947,0.00,0.00,0.00
516967,0.00,0.00,0.00
516987,0.00,0.00,0.00
517007,71.00,-11.00,-48.00
517027,0.00,0.00,0.00
517047,0.00,0.00,0.00
517067,0.00,0.00,0.00
517087,0.00,0.00,0.00
517107,73.00,-11.00,-47.00
517127,0.00,0.00,0.00
517147,0.00,0.00,0.00
517167,0.00,0.00,0.00
517187,0.00,0.00,0.00
517207,69.00,-14.00,-47.00
517227,0.00,0.00,0.00
517247,0.00,0.00,0.00
517267,0.00,0.00,0.00
517287,0.00,0.00,0.00
517307,69.00,-13.00,-54.00
517327,0.00,0.00,0.00
517347,0.00,0.00,0.00
517367,0.00,0.00,0.00
517387,0.00,0.00,0.00
517407,70.00,-13.00,-49.00
517427,0.00,0.00,0.00
517447,0.00,0.00,0.00
517467,0.00,0.00,0.00
517487,0.00,0.00,0.00
517507,72.00,-14.00,-54.00
517527,0.00,0.00,0.00
517547,0.00,0.00,0.00
517567,0.00,0.00,0.00
517587,0.00,0.00,0.00
517607,69.00,-12.00,-46.00
517627,0.00,0.00,0.00
517647,0.00,0.00,0.00
517667,0.00,0.00,0.00
517687,0.00,0.00,0.00
517707,69.00,-13.00,-46.00
517727,0.00,0.00,0.00
517747,0.00,0.00,0.00
517767,0.00,0.00,0.00
517787,0.00,0.00,0.00
517807,73.00,-13.00,-46.00
517827,0.00,0.00,0.00
517847,0.00,0.00,0.00
517867,0.00,0.00,0.00
517887,0.00,0.00,0.00
517907,71.00,-14.00,-46.00
517927,0.00,0.00,0.00
517947,0.00,0.00,0.00
517967,0.00,0.00,0.00
517987,70.00,-14.00,-50.00
518007,0.00,0.00,0.00
518027,0.00,0.00,0.00
518047,0.00,0.00,0.00
518067,0.00,0.00,0.00
518087,71.00,-14.00,-44.00
518107,0.00,0.00,0.00
518127,0.00,0.00,0.00
518147,0.00,0.00,0.00
518167,0.00,0.00,0.00
518187,70.00,-14.00,-48.00
518207,0.00,0.00,0.00
518227,0.00,0.00,0.00
518247,0.00,0.00,0.00
518267,0.00,0.00,0.00
518287,72.00,-12.00,-46.00
518307,0.00,0.00,0.00
518327,0.00,0.00,0.00
518347,0.00,0.00,0.00
518367,0.00,0.00,0.00
518387,69.00,-16.00,-44.00
518407,0.00,0.00,0.00
518427,0.00,0.00,0.00
518447,0.00,0.00,0.00
518467,0.00,0.00,0.00
518487,72.00,-14.00,-40.00
518507,0.00,0.00,0.00
518527,0.00,0.00,0.00
518547,0.00,0.00,0.00
518567,0.00,0.00,0.00
518587,71.00,-12.00,-48.00
518607,0.00,0.00,0.00
518627,0.00,0.00,0.00
518647,0.00,0.00,0.00
518667,0.00,0.00,0.00
518687,72.00,-13.00,-46.00
518707,0.00,0.00,0.00
518727,0.00,0.00,0.00
518747,0.00,0.00,0.00
518767,0.00,0.00,0.00
518787,70.00,-14.00,-49.00
518807,0.00,0.00,0.00
518827,0.00,0.00,0.00
518847,0.00,0.00,0.00
518867,0.00,0.00,0.00
518887,72.00,-14.00,-43.00
518907,0.00,0.00,0.00
518927,0.00,0.00,0.00
518947,0.00,0.00,0.00
518967,0.00,0.00,0.00
518987,70.00,-12.00,-45.00
519007,0.00,0.00,0.00
519027,0.00,0.00,0.00
519047,0.00,0.00,0.00
519067,0.00,0.00,0.00
519087,71.00,-14.00,-50.00
519107,0.00,0.00,0.00
519127,0.00,0.00,0.00
519147,0.00,0.00,0.00
519167,0.00,0.00,0.00
519187,69.00,-15.00,-50.00
519207,0.00,0.00,0.00
519227,0.00,0.00,0.00
519247,0.00,0.00,0.00
519267,0.00,0.00,0.00
519287,68.00,-16.00,-53.00
519307,0.00,0.00,0.00
519327,0.00,0.00,0.00
519347,0.00,0.00,0.00
519367,0.00,0.00,0.00
519387,68.00,-14.00,-49.00
519407,0.00,0.00,0.00
519427,0.00,0.00,0.00
519447,0.00,0.00,0.00
519467,0.00,0.00,0.00
519487,69.00,-13.00,-51.00
519507,0.00,0.00,0.00
519527,0.00,0.00,0.00
519547,0.00,0.00,0.00
519567,0.00,0.00,0.00
519587,71.00,-12.00,-49.00
519607,0.00,0.00,0.00
519627,0.00,0.00,0.00
519647,0.00,0.00,0.00
519667,0.00,0.00,0.00
519687,69.00,-14.00,-46.00
519707,0.00,0.00,0.00
519727,0.00,0.00,0.00
519747,0.00,0.00,0.00
519767,0.00,0.00,0.00
519787,69.00,-14.00,-47.00
519807,0.00,0.00,0.00
519827,0.00,0.00,0.00
519847,0.00,0.00,0.00
519867,0.00,0.00,0.00
519887,71.00,-14.00,-51.00
519907,0.00,0.00,0.00
519927,0.00,0.00,0.00
519947,0.00,0.00,0.00
519967,0.00,0.00,0.00
519987,69.00,-14.00,-48.00
520007,0.00,0.00,0.00
520027,0.00,0.00,0.00
520047,0.00,0.00,0.00
520067,71.00,-14.00,-51.00
520087,0.00,0.00,0.00
520107,0.00,0.00,0.00
520127,0.00,0.00,0.00
520147,0.00,0.00,0.00
520167,71.00,-15.00,-48.00
520187,0.00,0.00,0.00
520207,0.00,0.00,0.00
520227,0.00,0.00,0.00
520247,0.00,0.00,0.00
520267,72.00,-11.00,-54.00
520287,0.00,0.00,0.00
520307,0.00,0.00,0.00
520327,0.00,0.00,0.00
520347,0.00,0.00,0.00
520367,68.00,-14.00,-51.00
520387,0.00,0.00,0.00
520407,0.00,0.00,0.00
520427,0.00,0.00,0.00
520447,0.00,0.00,0.00
520467,70.00,-14.00,-45.00
520487,0.00,0.00,0.00
520507,0.00,0.00,0.00
520527,0.00,0.00,0.00
520547,0.00,0.00,0.00
520567,70.00,-12.00,-45.00
520587,0.00,0.00,0.00
520607,0.00,0.00,0.00
520627,0.00,0.00,0.00
520647,0.00,0.00,0.00
520667,69.00,-14.00,-53.00
520687,0.00,0.00,0.00
520707,0.00,0.00,0.00
520727,0.00,0.00,0.00
520747,0.00,0.00,0.00
520767,70.00,-15.00,-46.00
520787,0.00,0.00,0.00
520807,0.00,0.00,0.00
520827,0.00,0.00,0.00
520847,0.00,0.00,0.00
520867,69.00,-12.00,-50.00
520887,0.00,0.00,0.00
520907,0.00,0.00,0.00
520927,0.00,0.00,0.00
520947,0.00,0.00,0.00
520967,69.00,-13.00,-56.00
520987,0.00,0.00,0.00
521007,0.00,0.00,0.00
521027,0.00,0.00,0.00
521047,0.00,0.00,0.00
521067,70.00,-13.00,-46.00
521087,0.00,0.00,0.00
521107,0.00,0.00,0.00
521127,0.00,0.00,0.00
521147,0.00,0.00,0.00
521167,71.00,-14.00,-49.00
521187,0.00,0.00,0.00
521207,0.00,0.00,0.00
521227,0.00,0.00,0.00
521247,0.00,0.00,0.00
521267,69.00,-14.00,-46.00
521287,0.00,0.00,0.00
521307,0.00,0.00,0.00
521327,0.00,0.00,0.00
521347,0.00,0.00,0.00
521367,72.00,-14.00,-50.00
521387,0.00,0.00,0.00
521407,0.00,0.00,0.00
521427,0.00,0.00,0.00
521447,0.00,0.00,0.00
521467,70.00,-14.00,-52.00
521487,0.00,0.00,0.00
521507,0.00,0.00,0.00
521527,0.00,0.00,0.00
521547,0.00,0.00,0.00
521567,72.00,-13.00,-44.00
521587,0.00,0.00,0.00
521607,0.00,0.00,0.00
521627,0.00,0.00,0.00
521647,0.00,0.00,0.00
